Entity,Code,Year,Cirrhosis_Liver_DALYs,Mental_Disorders_DALYs,Chronic_Respiratory_DALYs,Neurological_DALYs,Cardiovascular_DALYs,Skin_DALYs,Substance_Use_DALYs,Musculoskeletal_DALYs,Neoplasms_DALYs,Digestive_DALYs,Other_NCDs_DALYs,Diabetes_Kidney_DALYs
Afghanistan,AFG,1990,91450.46,198388.06,191922.97,150174.57,1196859.65,48614.49,21950.59,109587.59,382730.33,189886.17,1395967.25,208254.44
Afghanistan,AFG,1991,93906.02,217795.27,197866.86,159530.3,1218157.76,53344.36,24336.74,115660.5,393534.01,197134.48,1490212.27,212475.11
Afghanistan,AFG,1992,99240.63,250359.35,208870.79,177364.33,1260254.99,61251.61,28637.55,125859.79,416539.53,212047.3,1714657.99,221732.15
Afghanistan,AFG,1993,105163.99,274088.72,220057.26,192099.13,1308229.44,67098.49,31832.91,133456.06,438020.48,227100.99,1927732.3,231586.8
Afghanistan,AFG,1994,109296.19,285538.63,228650.18,199842.12,1348899.36,70137.17,33416.51,137229.81,450332.88,236534.33,2030041.34,238135.62
Afghanistan,AFG,1995,111793.19,297162.18,235161.2,205752.78,1373959.43,73153.41,34801.88,140913.55,458601.41,242303.57,2065575.01,242129.34
Afghanistan,AFG,1996,114790.02,309381.26,242599.99,211963.13,1403802.35,76176.46,36156.17,144790.73,468973.67,249238.12,2111604.86,248392.38
Afghanistan,AFG,1997,118344.77,320667.2,249710.51,218037.21,1432210.78,78910.15,37176.36,148292.36,480267.07,256781.87,2159171.38,254398.84
Afghanistan,AFG,1998,119474.12,326394.45,253370.29,219364.55,1449614.05,80312.34,37302.67,149816.77,483855.16,258707.34,2135146.89,257319.87
Afghanistan,AFG,1999,119550.65,327980.99,255921.03,218608.11,1465783.11,80809.69,36959.16,150119.18,485932.5,258167.42,2075772.89,259834.68
Afghanistan,AFG,2000,119405.24,332768.27,257938.36,219466.61,1479068.66,82039.62,37144.15,151573.48,491031.7,258533.58,2023459.04,264100.63
Afghanistan,AFG,2001,120418.43,346722.01,262761,225331,1504668.76,85520.48,38796.51,156520.57,504936.61,263100.18,2032372.21,273854.15
Afghanistan,AFG,2002,119313.78,369354.6,262063.3,233059.18,1494626.21,90960.05,41414.29,164310.39,510675.7,263982.84,2057595.53,279559.94
Afghanistan,AFG,2003,128000.94,387802.87,269706.1,248644.96,1507920.5,95548.4,44594.77,171086.31,543408.59,282073.4,2214032.36,295018.28
Afghanistan,AFG,2004,132057.3,404731.23,274242.82,258788.46,1521572.82,99809.7,47842.61,177608.87,565383.41,290709.79,2259004.59,306845.61
Afghanistan,AFG,2005,132108.06,421382.15,273973.8,265199.18,1519111.61,103884.26,50665.67,184038.45,574635.67,291556.94,2244962.37,313233.46
Afghanistan,AFG,2006,130633.58,432614.66,272489.38,269030.01,1517578.14,106556.42,52625.69,189243.7,580397.82,289891.61,2199514.97,318302.09
Afghanistan,AFG,2007,129431.9,447745.88,271308.67,274384.35,1517053.27,110252.5,55395.93,196272.89,587382.43,288143.36,2151508.48,323690.13
Afghanistan,AFG,2008,127027.82,465016.64,270210.45,279833.23,1523714.87,114453.38,58662.99,204267.12,593315.63,284651.42,2093680.44,329679.16
Afghanistan,AFG,2009,125328.33,481401.92,268795.15,285858.19,1524165.85,118483.31,61861.88,212136.96,600683.03,282212.02,2054500.86,336811.72
Afghanistan,AFG,2010,126555.94,501197.89,269793.5,295786.52,1530353.53,123219.37,65371.07,220902.28,616656.01,285040.91,2065618.69,347403.19
Afghanistan,AFG,2011,126894.13,521902.56,271012.39,305096.82,1548236.87,127886.35,68967.71,230581.13,631565.57,286339.05,2062783.73,359185.5
Afghanistan,AFG,2012,128077.54,542649.81,272816.97,314303.23,1569384.78,132485.02,72537.25,240832.2,648277.23,288483.6,2059853.26,370136.9
Afghanistan,AFG,2013,131743.57,563135.98,276221.36,325989.63,1586879.9,137167.98,76125.16,251245.9,671388.75,295282.62,2100457.05,384639.19
Afghanistan,AFG,2014,133372.07,579001.83,278355.66,333929.14,1608379.9,140690.06,78993.61,260018.03,688439.58,298027.79,2102715.99,397971.45
Afghanistan,AFG,2015,134614.23,594596.17,280686.24,340920.31,1642314.43,144154.91,82166.56,268908.14,704408.37,299662.11,2083507.68,411124.51
Afghanistan,AFG,2016,137989.26,614768.26,286798.38,351584.3,1678938.64,148970.22,87737.27,280320.85,727268.65,305622.77,2088017.76,428723.57
Afghanistan,AFG,2017,141976.91,636545.43,294222.47,362457.35,1730927.42,154008.7,93403.63,292425.64,751737.23,312873.15,2091825.53,444334.13
Afghanistan,AFG,2018,142794.12,658885.43,299814.76,371512.11,1777606.35,158971.85,94199.63,303906.55,771581.48,313950.28,2077331.15,459593.8
Afghanistan,AFG,2019,145957.45,682764.58,306360.72,382679.59,1819607.22,164214.04,90311.4,315629.21,796310.89,319384.9,2098716.23,476195.52
African Region (WHO),NA,1990,4168895.83,6996315.67,5219709.7,4732382.09,17255018.59,2679590.29,1038601.92,4147464.8,8802594.76,8189873.51,24498794.92,5160798.25
African Region (WHO),NA,1991,4253253.13,7193648.91,5302507.84,4855887.88,17601352.33,2760034.42,1076520.82,4272808.02,9003899.09,8353786.78,24783238.02,5297119.03
African Region (WHO),NA,1992,4349327.9,7388360.89,5399029.65,4989451.8,18046602.8,2838580.23,1114721.09,4398408.42,9252457.86,8541929,25120899,5467699.73
African Region (WHO),NA,1993,4412698.65,7591418.66,5448436.62,5116398.25,18321914.81,2917560.26,1146636.36,4523091.55,9376053.43,8672047.11,25393916.49,5578206.5
African Region (WHO),NA,1994,4491944.42,7816322.16,5538813.5,5257214.7,18731770.92,3003375.76,1184289.36,4658842.05,9589090.7,8830821.56,25642858.71,5740237.46
African Region (WHO),NA,1995,4565843.15,8056304.88,5615537.45,5395226.6,19091260.98,3090535.01,1220898.06,4798167.45,9761114.81,8975666.7,25874045.04,5877848.1
African Region (WHO),NA,1996,4636695.57,8315827.24,5704636.89,5545161.84,19558213.67,3177610.72,1256598.83,4942322.15,9952618.94,9115998.53,26075867.08,6047034.64
African Region (WHO),NA,1997,4727282.34,8591636.42,5808364.19,5713819.68,20088607.67,3264119.63,1296539.51,5089273.91,10250958.66,9289327.41,26367795.84,6271207.52
African Region (WHO),NA,1998,4828412.91,8870716.34,5901340.4,5889277.32,20512263.42,3349256.12,1331002.38,5234771.25,10489848.26,9487088.24,26706406.5,6456272.26
African Region (WHO),NA,1999,4918234.27,9149151.1,5954148.56,6060475.69,20797351.17,3434943.74,1361802.4,5383410.53,10657399.3,9669613.21,27061251.79,6593903.25
African Region (WHO),NA,2000,5009320.52,9417012.32,6045275.19,6237265.39,21141074.67,3522733.62,1394656.05,5538408.93,10866005.78,9846074.05,27463898.1,6776976.89
African Region (WHO),NA,2001,5090434.43,9678231.45,6107426.38,6402327.71,21292454.49,3611540.08,1423867.14,5700098.31,10998544.85,9983566.5,27932965.86,6923837.53
African Region (WHO),NA,2002,5187664.73,9942749.62,6200408.3,6583926.04,21563795.63,3704820.28,1455029.68,5872441.66,11238776.49,10177302.58,28638913.55,7121735.21
African Region (WHO),NA,2003,5301851.83,10210526.87,6299846.69,6757092.96,21834554.34,3799203.16,1486753.57,6052472.44,11517108.91,10381587.66,29217921.93,7337765.15
African Region (WHO),NA,2004,5410947.25,10483977.17,6384855.27,6929173.06,22053528.68,3896924.81,1517055.05,6235174.16,11785678.24,10582160.79,29862543.4,7524654.65
African Region (WHO),NA,2005,5508255.64,10765337.48,6458421.18,7103522.62,22214218.74,4000174.32,1546143.18,6421208.09,12036601.54,10760115.31,30498997.58,7692044.92
African Region (WHO),NA,2006,5582218.88,11046405,6546357.25,7297652.28,22512983.79,4111610.39,1579014.9,6614487.93,12338746.14,10963638.03,31231543.98,7904380.91
African Region (WHO),NA,2007,5637653.32,11321413.79,6588902.35,7472901.68,22738024.07,4224937.11,1614213.96,6816533.65,12576923.58,11117872.9,31691262.93,8081557.95
African Region (WHO),NA,2008,5676630.79,11597691.72,6629700.11,7644768.76,23048067.3,4340205.69,1652571.56,7028824.26,12829647.37,11220576.6,31901119.24,8266995
African Region (WHO),NA,2009,5755725.54,11881240.05,6698341.8,7835872.66,23451115.9,4460533.13,1692820.4,7250318.67,13161164.01,11387827.04,32210220.07,8503171.79
African Region (WHO),NA,2010,5842498.17,12180310.73,6771764.69,8034845.5,23805354.29,4581688.34,1727907.02,7478884.13,13512509.66,11543197.08,32493575.31,8725457.3
African Region (WHO),NA,2011,5893443.96,12487178.25,6854291.36,8242302.05,24250764.73,4706237.72,1760883.87,7718521.58,13883424.52,11711348.59,32862200.83,8949983.72
African Region (WHO),NA,2012,5957336.82,12799363.12,6951712,8451943.05,24753389.78,4835704.57,1792197.46,7970237.98,14291314.18,11905767.89,33326750,9193691.64
African Region (WHO),NA,2013,6030787.85,13121326.63,7061944.03,8669723.81,25236105.23,4969452.38,1825399.67,8233173.66,14730900.01,12114093.54,33758062.89,9457872
African Region (WHO),NA,2014,6095720.28,13462821.64,7180962.66,8890888.9,25783495.64,5105031.71,1862485.95,8503900.63,15178162.47,12307166.79,34080322.82,9756693.52
African Region (WHO),NA,2015,6124891.02,13834015.48,7281993.01,9121608.24,26435166.83,5237733.64,1902902.63,8779206.55,15537332.7,12431965.01,34467278.43,10018218.36
African Region (WHO),NA,2016,6230329.93,14241616.9,7403147.31,9402949.43,26956321.51,5371958.76,1951279.23,9060560.24,15917879.22,12665305.29,34674683.5,10283946.84
African Region (WHO),NA,2017,6401986.82,14672738.52,7539121.97,9694704.94,27504055.7,5508121.41,2005612.72,9356856.55,16314517.98,12939686.64,34535542.49,10517889.01
African Region (WHO),NA,2018,6498907.28,15116046.55,7670166.83,9963106.72,28029914.59,5638878.82,2069109.79,9682574.91,16732133.51,13091815.58,34503907.7,10748954.42
African Region (WHO),NA,2019,6594829.86,15572637.43,7817982.69,10232077.53,28596035.04,5765183.4,2139305.29,10033053.6,17136690.9,13247043.53,34501737.68,11019270.93
Albania,ALB,1990,10094.09,41793.94,24581.98,40042.58,143094.5,15498.78,7823.6,41087.6,78548.47,32407.05,70071.93,17143.84
Albania,ALB,1991,10312.55,42241.74,25107.24,41383.59,149163.87,15592.11,8048.6,41833.48,81784.62,33453.05,70841.78,17897.82
Albania,ALB,1992,9915.9,42598.07,24432.05,41755.38,144977.21,15626.29,8123.2,42481.46,79866.97,32803.92,70956.9,17640.51
Albania,ALB,1993,9512.43,42888.96,23670.62,42491.73,140198.86,15591.05,8317.31,43119.12,77729.42,31616.64,70874.66,17360.54
Albania,ALB,1994,8747.63,43105.13,22386.89,42759.42,133727.33,15509.56,8600.4,43702.94,74340.83,29610.78,70056.41,16915.14
Albania,ALB,1995,8665.22,43231.42,22258.47,43044.51,138832.61,15375.94,8682.89,44268.89,76926.69,28020.29,69171.63,17319.31
Albania,ALB,1996,8485.98,43352.22,22130.7,43165.24,144412.71,15233.85,8722.21,44805.46,79998.93,26351.31,68005.16,17692.68
Albania,ALB,1997,8401.15,44813.79,21878.53,44135.56,149735.09,15567.23,9032.06,46267.93,83128.2,25298.5,68919.41,18370
Albania,ALB,1998,8208.98,46123.73,21435.85,45209.11,154412.98,15877.09,9552.34,47648.35,85753.65,24186.42,69800.74,18933.87
Albania,ALB,1999,7873.16,44469.48,20505.91,43941.58,156599.78,15117.07,8900.83,46938.43,86425.35,22271.65,65769.97,19000.82
Albania,ALB,2000,7576.98,42941.1,19773.37,42882.84,157708.97,14402.89,8615.58,46353.18,86577.21,20711.93,62148.91,19080.5
Albania,ALB,2001,7234.4,42811.14,18789.16,42394.63,155835.94,14191.38,8745.02,46780.98,84924.08,19632.55,60562.16,18918.62
Albania,ALB,2002,7208.59,42735.54,18785.15,42636.32,165010.81,13997.61,8850.14,47259.58,88034.32,19129.71,59505.26,19395.15
Albania,ALB,2003,7424.74,42659.97,19161.91,43243.26,178516.04,13803.28,8833.84,47751.53,92757.85,19073.28,59187.89,20127.89
Albania,ALB,2004,7476.78,42542.35,18876.53,43417.78,183519.28,13614.42,8763.44,48217.99,94493.52,18853.61,58304.82,20305.36
Albania,ALB,2005,7435.64,42428.51,18151.04,43356.95,184057.53,13417.55,8434.24,48674.49,94586.42,18541.52,57331,20226.92
Albania,ALB,2006,7238.38,42284.28,17192.65,42878.71,177888.19,13224.9,8310.24,49167.1,91991.64,18067.43,56546.1,19726.04
Albania,ALB,2007,7135.59,42182.72,16558.12,42307.66,173464.13,13050.32,8378.11,49723.26,89896.66,17708.82,55086.51,19334.86
Albania,ALB,2008,7358.28,42102.93,16531.26,42262.1,179074.66,12876.79,8371.42,50280.92,92215.65,17865.2,53961.51,19540.11
Albania,ALB,2009,7464.69,41993.71,16422.53,42340.03,179897.15,12731.9,8201.98,50843.87,92843.28,17904.99,52836.06,19636.75
Albania,ALB,2010,7567.67,41923.47,16533.39,42591.1,182296.72,12605.39,8336.2,51401,93908.43,17976.56,51637.87,20023.94
Albania,ALB,2011,7705.13,41908.29,16958.11,43151.01,188016.82,12501.69,8399.47,51879.05,96580.54,18253.91,51468.53,20689.63
Albania,ALB,2012,7767.18,41831.43,17210.05,43471.49,191570.06,12389.27,8434.62,52303.48,98266.71,18386.23,50704.11,21274.85
Albania,ALB,2013,7830.04,41624.85,17497.79,43736.46,195905.37,12252.91,8438.03,52593.95,100118.18,18508.09,49862.89,21881.49
Albania,ALB,2014,7935.75,41424.06,17963.03,44096.59,202399.65,12118.06,8452.98,52825.88,102889.67,18699.97,49095.92,22558.61
Albania,ALB,2015,8105.35,41340.96,18464.95,44662.01,208983.95,12050.6,8520.72,53148.98,105987.19,18985.86,48593.13,23256.8
Albania,ALB,2016,8152.1,41241.94,18948.29,45202.35,212330.69,11989.6,8494.15,53501.89,107680.68,19161.12,48083.71,23793.92
Albania,ALB,2017,8206.73,41056.81,19407.68,45648.42,215443.54,11903.45,8441.9,53761.13,109104.42,19338.7,47557.1,24281.13
Albania,ALB,2018,8204.83,40934.14,19676.98,46050.25,218399.52,11826.89,8535.59,54031.28,110408.43,19386.68,47039.66,24933.93
Albania,ALB,2019,8199.28,40906.84,19951.39,46451.3,221259.93,11758.89,8762.58,54290.6,111719.01,19444.51,46656.41,25818.06
Algeria,DZA,1990,81293.57,422728.49,165365.27,270713.27,1367351.44,105245.84,37047.59,270867.66,356909.69,165865.84,1375651.42,211969.76
Algeria,DZA,1991,81932.13,436507.03,167509.74,277110.91,1391652.44,108011.89,38702.24,281515.23,363751.64,166423.47,1342078.17,216870.67
Algeria,DZA,1992,82722.27,450303.34,169977.75,284244.05,1412523.2,110719.96,40620.99,292354.54,368806.9,167513.05,1312621.78,220398.83
Algeria,DZA,1993,83552.36,464461.71,172709.6,291827.22,1433931,113326.82,42718.8,303497.25,374533.92,168751.36,1284795.39,224336.05
Algeria,DZA,1994,84574.6,478810.75,175490.78,299429.92,1456960.95,116005.52,45127.74,314894.97,380479.32,170280.4,1252218.68,228819.27
Algeria,DZA,1995,85522.41,493085.58,177599.81,306830.78,1470934.18,118394.64,47363.5,326467.99,386639.42,171589.43,1219454.61,232778.06
Algeria,DZA,1996,86296.55,507229.2,179407.24,314121.72,1481013.75,120776.31,49728.36,338396.83,390742.65,172694.55,1193444.89,237028.9
Algeria,DZA,1997,87833.37,521552.97,181404.03,321711.61,1491343.04,123043.4,52151.85,350441.15,395837.94,175096.32,1184145.84,241295.66
Algeria,DZA,1998,88605.43,535455.59,182601.61,328625.64,1494546.45,125289.64,54528.77,362851.5,398817.18,176504.03,1170626.37,245201.2
Algeria,DZA,1999,90340.02,549279.36,185458.6,335757.36,1521180.89,127324.66,57233.67,375811.47,407116.97,179449.19,1161349.24,252620.9
Algeria,DZA,2000,91558.58,562953.57,187535.11,342575.34,1531597.95,129277.54,59683.09,388997.17,414403.36,181894.96,1156031.28,260280.83
Algeria,DZA,2001,92418.78,576131.17,190224.56,349988.19,1540953.46,131092.03,62225.95,402835.69,420450.96,184515.15,1151499.92,269858.67
Algeria,DZA,2002,92649.06,588939.81,193052.81,356873.78,1548850.23,132931.77,64756.56,417107.27,428226.25,186234.3,1144252.98,280375.38
Algeria,DZA,2003,92392.79,601217.68,195286.11,363288.26,1553072.29,134692.06,66660.59,431608.09,436228.88,187240.87,1141398.61,291066.52
Algeria,DZA,2004,92861.16,613411.07,198454.21,370748.53,1563467.16,136415.17,69223.56,446659.21,449298.57,189407.08,1145029.42,304926.17
Algeria,DZA,2005,93120.97,625292.11,201051.02,377965.94,1573150.72,138098.16,71739.36,462144.38,462659.81,191021.94,1144827.51,318400.01
Algeria,DZA,2006,93165.2,636567.12,203286.89,385232.85,1586192.33,139882.83,74250.69,477952.04,474175.52,192331.01,1144486.71,332727.11
Algeria,DZA,2007,93322.51,647135.37,205456.6,392494.31,1601878.36,141636.19,76806.72,494016.02,487012.48,193627.39,1142669.87,347681.61
Algeria,DZA,2008,93561.39,657299.78,207692.02,399583.93,1619147.65,143467.95,79477.7,510473.51,500637.97,195099.63,1143502.97,363569
Algeria,DZA,2009,93821.61,667577.2,210381.39,406778.44,1640549.91,145236.33,82073.55,527183.85,515182.78,196631.3,1143693.59,380317.52
Algeria,DZA,2010,94365.66,678606.01,213332.98,414631.81,1662623.66,147177.82,84569.82,544112.5,528622.86,198578.53,1147987.88,398001.42
Algeria,DZA,2011,95402.43,690012.35,217737.72,422946.32,1696969.34,149341.3,87438.46,561685.65,541222.07,201448.59,1153783.28,415823.55
Algeria,DZA,2012,96548.48,702241.82,222469.9,431178.01,1730686.59,151420.35,90125.81,579198.32,554422.1,204315.51,1154759.72,433754.75
Algeria,DZA,2013,97966.1,714662.3,227685.81,439543.06,1766711,153669.89,92749.81,597241.72,568746.42,207733.67,1163800.09,453466.67
Algeria,DZA,2014,99681.67,726961.75,233524.7,448522.24,1810932.89,155891.61,95207.03,615311.11,583960.09,211580.03,1172856.35,474483.06
Algeria,DZA,2015,101462.34,738657.38,239423.17,457526.91,1854872.85,158183.86,97064.89,633823.96,599167.69,215445.77,1171322.52,495930.67
Algeria,DZA,2016,103020.72,749618.8,245985.53,466359.85,1889904.28,160637.22,98314.48,652595.6,613524.18,219083.41,1160814.14,515803.78
Algeria,DZA,2017,105196.84,760818.8,253523.95,475797.53,1938819.48,162967.63,99686.05,671759.72,631489.45,223345.04,1136922.76,536560.83
Algeria,DZA,2018,108059.39,775117.91,260626.59,485696.19,1999040.8,165479.74,101502.28,691039.34,654387.58,228575.28,1123336.52,561848.2
Algeria,DZA,2019,110539.79,791635.23,267334.9,494778.09,2053640.89,168053.54,102740.52,710563.36,675351.37,233281.28,1111181,586525.5
American Samoa,ASM,1990,182.3,574.61,556.18,432.24,1998.49,351.84,102.19,632,926.88,356.38,806.28,997.97
American Samoa,ASM,1991,186.65,593.39,569.21,446.49,2080.42,363.96,105.78,658.97,959.47,365.88,827.59,1062.85
American Samoa,ASM,1992,190.43,611.17,579.66,459.8,2152.31,375.34,108.93,685.19,991.21,374.46,849.09,1131.82
American Samoa,ASM,1993,193.92,627.94,585.25,472.96,2203.72,385.43,111.5,710.6,1022.22,381.45,874.17,1200.16
American Samoa,ASM,1994,199.49,643.09,592.53,487.06,2266.83,394.73,114.78,734.85,1061.86,390.8,902.01,1279.29
American Samoa,ASM,1995,203.57,657.41,600.34,500.41,2322.88,403.28,117.9,757.17,1097.48,398.21,923.33,1355.68
American Samoa,ASM,1996,207.54,669.91,610.85,512.67,2382.07,410.64,120.83,778.48,1131.06,405.62,941.57,1429.6
American Samoa,ASM,1997,209.97,680.68,623.12,524.57,2443.05,416.31,125.26,798.17,1159.6,411.9,957.31,1504.58
American Samoa,ASM,1998,218.62,689.75,627.14,531.66,2492.3,423.02,121.32,817.88,1199.68,422.2,956.36,1583.69
American Samoa,ASM,1999,228.77,696.99,631.4,540.91,2566.61,427.05,121.32,834.38,1222.83,431.73,962.34,1640.49
American Samoa,ASM,2000,222.41,702.81,630.87,552.4,2574.14,432.98,120.43,850.12,1259.3,423.8,974.03,1733.24
American Samoa,ASM,2001,213.16,707.1,641.87,560.69,2605.61,435.95,118.01,864.23,1292.66,412.12,978.34,1815.99
American Samoa,ASM,2002,210.66,709.69,650.86,569.91,2615.02,438.78,120.27,876.37,1324.97,411.17,978.17,1914.21
American Samoa,ASM,2003,207.99,711.21,648.57,578.54,2609.34,438.73,121.27,888.19,1359.41,408.95,977,1999.87
American Samoa,ASM,2004,202.57,711.83,640.06,583.2,2605.81,437.52,118.58,897.82,1389.48,405.09,989.49,2084.25
American Samoa,ASM,2005,203.27,711.59,630.49,586.62,2621.19,438.22,116.79,905.97,1415.42,407.82,976.82,2126.2
American Samoa,ASM,2006,206.98,711.29,623.8,590.73,2666.56,436.4,115.39,912.47,1449.27,414.28,970.4,2154.26
American Samoa,ASM,2007,207.42,710.56,618.19,592.89,2692.95,434.93,114.91,917.74,1475.71,418.3,965.52,2185.93
American Samoa,ASM,2008,210.96,709.85,618.98,596,2751.6,432.12,113.84,921.73,1503.14,424.63,955.58,2213.16
American Samoa,ASM,2009,213.79,708.89,618.27,598.81,2813.56,430.96,112.59,925.9,1533.15,430.56,948.09,2244.48
American Samoa,ASM,2010,216.37,708.68,613.97,600.84,2839.21,429.68,112.28,930.76,1554.04,433.14,935.26,2260.16
American Samoa,ASM,2011,220.85,709.42,608.05,605.96,2881.09,430.37,111.9,939.19,1598.26,439.09,932.91,2317.43
American Samoa,ASM,2012,224.31,710.82,606.14,609.41,2937.71,431.46,113.05,947.78,1635.85,444,931.32,2364.65
American Samoa,ASM,2013,226.46,712.47,609.92,612.23,3003.43,433.66,114.12,954.66,1672.16,447.98,923.32,2412.19
American Samoa,ASM,2014,226.62,714.49,611.38,615.58,3059.12,436.57,115.08,961.89,1701.72,449.52,919.15,2460.58
American Samoa,ASM,2015,226.06,715.8,611.8,618.39,3107.83,439.74,117.14,968.98,1734.16,451.12,920.24,2512.38
American Samoa,ASM,2016,226.68,716.37,617.73,622.22,3164.31,443.32,119.26,976.38,1763.83,452.33,919.23,2555.92
American Samoa,ASM,2017,228.82,717.13,633.79,625.21,3208.46,441.53,120.31,984.37,1784.33,456.97,913.18,2597.14
American Samoa,ASM,2018,230.71,720.05,640.65,629.34,3249.06,443.32,121.53,993.45,1806.49,460.71,910.33,2640.62
American Samoa,ASM,2019,232.6,724.35,646.36,633.95,3287.05,448.3,122.81,1003.56,1828.68,464.6,909.16,2687.19
Andorra,AND,1990,185.94,1172.94,545.69,745.07,1416.43,365.42,247.15,1291.79,2567.02,365.24,887.29,290.35
Andorra,AND,1991,196.66,1272.4,581.4,808.71,1496.75,392.97,275.88,1388.39,2714.44,388.39,953.38,309.96
Andorra,AND,1992,207.54,1333.58,614.43,857.07,1586.56,410.24,291.73,1463.26,2873.34,410.61,1007.15,331.8
Andorra,AND,1993,224.46,1406.82,651.28,911.07,1681.24,430.64,308.68,1564.11,3070.78,442.09,1058.89,357.76
Andorra,AND,1994,227.43,1393.47,662.34,921.04,1721.57,427.68,304.41,1574.98,3124.72,449.55,1057.81,370.28
Andorra,AND,1995,228.18,1380.82,670.93,928.3,1741.12,425.03,299.27,1585.23,3154.88,453.46,1058.1,380.3
Andorra,AND,1996,231.25,1392.75,683.69,947.83,1768.26,428.98,301.51,1616.42,3205.08,461.73,1070.28,392.93
Andorra,AND,1997,235.13,1409.06,698.06,972.31,1799.58,434.74,306.01,1656.12,3271.24,471.87,1086.35,408.05
Andorra,AND,1998,238.76,1420.08,710.12,993.8,1823.58,439.06,308.66,1691.76,3336.88,480.98,1097.36,422.83
Andorra,AND,1999,241.45,1418.54,719.58,1010.99,1848.55,440.55,307.93,1716.84,3391.75,488.69,1102.75,437.27
Andorra,AND,2000,244.56,1412.9,732.89,1027.1,1881.77,441.01,304.16,1741.78,3468.84,497.19,1106.56,454.56
Andorra,AND,2001,248.48,1421.94,747.62,1049.83,1914.03,443.93,304.44,1777.79,3546.55,507.53,1118.93,472.02
Andorra,AND,2002,253.53,1444.06,765.51,1081.77,1955.76,450.67,309.32,1825.58,3635.43,520.75,1138.98,492.31
Andorra,AND,2003,264.85,1553.98,795.54,1156.28,2002.48,481.46,339.66,1947.25,3797.52,545.48,1219.41,520.65
Andorra,AND,2004,276.01,1653.71,824.01,1227.93,2059.42,510.58,368.41,2054.62,3953.53,569.99,1292.77,548.5
Andorra,AND,2005,277.78,1694.37,838.55,1265.15,2075.52,524.26,380.33,2102.09,4007.14,578.1,1324.52,566.04
Andorra,AND,2006,286.14,1748.25,861.71,1312.64,2120.91,540.64,395.48,2179.81,4128.68,596.77,1364.08,591.29
Andorra,AND,2007,293.11,1789.21,881.87,1355.72,2159.03,553.35,405.21,2257.28,4230,613.25,1398.41,615.84
Andorra,AND,2008,300.28,1814.51,901.56,1389.39,2207.96,561.89,410.49,2324.95,4336.13,629.5,1424.24,640.22
Andorra,AND,2009,305.62,1806.67,917.63,1406.29,2266.76,561.52,405.21,2360.85,4430.39,641.72,1427.67,663.05
Andorra,AND,2010,309.97,1810.08,934.72,1427.63,2324.35,564.29,403.35,2396.93,4502.67,653.32,1435.39,684.55
Andorra,AND,2011,284.57,1684.81,885.86,1361.79,2234.74,530.47,369.7,2226.43,4173.27,609.47,1343.82,651.03
Andorra,AND,2012,278.84,1643.32,875.35,1350.63,2220.37,518.05,360.57,2181.96,4097.03,600.86,1311.63,652.15
Andorra,AND,2013,281.9,1641.13,888.59,1361.23,2259.38,517.27,358.48,2201.73,4177.86,609.49,1309.94,672.73
Andorra,AND,2014,287.47,1661.74,905.83,1384.24,2302.08,522.56,363.14,2246.37,4289.51,623.11,1323.57,698.02
Andorra,AND,2015,293.37,1684.31,930.43,1411.14,2363.47,529.53,367.17,2294.79,4389.31,638.41,1339.46,726.54
Andorra,AND,2016,298.87,1695.26,950.4,1432.48,2412.85,533.25,366.56,2331.06,4500.12,649.81,1352.02,752.11
Andorra,AND,2017,308.51,1737.68,980.62,1472.66,2483.59,544.24,374.9,2405.8,4668.44,669.84,1386.32,787.45
Andorra,AND,2018,317.26,1781.67,1008.47,1504.33,2549.56,554.81,382.94,2469.21,4843.46,688.37,1419.05,824.13
Andorra,AND,2019,325.18,1825.76,1034.13,1532.77,2612.38,564.56,391.7,2514.39,5012.11,705.48,1448.95,861.67
Angola,AGO,1990,104193.92,165712.19,128386.45,108829.48,371548.17,51512.02,20327.24,75497.52,181531.34,194855.47,494884.88,109922.63
Angola,AGO,1991,106494.12,171403.98,131123.43,111886.58,380409.01,53392.59,20908.61,77849.62,186149.54,199328.6,509171.56,112746.87
Angola,AGO,1992,109701.45,177454.25,134473.58,115550.23,391466.33,55393.06,21537.69,80312.58,192177.03,205303.39,525515.75,116399.62
Angola,AGO,1993,114096.09,183554.08,139139,119712.92,407335.59,57452.76,22286.09,82861.99,200213.36,213324.58,542973.31,121313.94
Angola,AGO,1994,118310.76,189876.67,143378.69,123889.74,421976.78,59581.63,23048.23,85477.48,207531.27,221102.42,559391.24,125931.62
Angola,AGO,1995,119172.69,196700.8,145777.02,127221.72,429709.11,61757.88,23678.96,88216.38,210828.28,223378.9,573409.37,128325.77
Angola,AGO,1996,115913.3,203798.04,145407.81,129716.77,428314.92,63995.48,24158.92,91090.42,209261.22,218945.33,588266.2,128096.31
Angola,AGO,1997,116488.65,211099.36,147226.61,133628.81,435574.7,66417.41,24870.05,94176.59,213602.86,220645.49,606380.42,130788.23
Angola,AGO,1998,122586.93,218450.69,152365.72,139490.56,455322.11,69018.1,25889.36,97479.73,226232.52,231326.46,628227,137716.28
Angola,AGO,1999,126920.75,226129.31,156555.38,145080.85,471852,71632.13,26829.28,100905.41,237214.39,239025.79,649249.8,143431.88
Angola,AGO,2000,128629.23,234324.95,158711.97,149883.68,481973.82,74400.3,27608.87,104528.81,243334.72,242600.67,669926.39,147495.74
Angola,AGO,2001,129795.57,242905.76,159795.18,155083.85,486103.15,77173.5,28359.34,108398.63,247216.88,245239.85,692869.22,150633.82
Angola,AGO,2002,130774.9,251775.96,160858.46,160527.77,489871.11,80006.29,29089.82,112517.09,252879.6,247337.5,715072.46,153546.14
Angola,AGO,2003,135110.56,261060.36,163493.45,167075.17,503802.02,82959.29,29981.21,117049.16,263151.81,254420.76,740157.01,159457.3
Angola,AGO,2004,142166.06,270644.93,168680.13,175422.99,524863.45,86218,31037.11,121793.04,278664.19,267093.78,782492.04,167978.1
Angola,AGO,2005,144108.62,280734.4,168188.49,181111.95,526684.19,89422.19,31846.15,126660.02,283050.15,270456.58,801060.01,170832.77
Angola,AGO,2006,148078.63,291109.61,168772.76,187758.06,538142.36,92813.62,32870.72,131794.17,291296.8,277738.74,816777.22,177120.35
Angola,AGO,2007,151603.53,301920.73,168776.67,194433.25,544309.79,96488.27,33841.9,137176.63,298368.22,284596.79,834316.18,182536.88
Angola,AGO,2008,157145.46,312737.43,169972.32,201332.36,559054.09,100351.04,34914.6,142948.38,309369.86,294269.4,844369.39,189971.43
Angola,AGO,2009,164554.34,324143.07,169734.95,208300.3,572539.43,104170.01,36183.25,149081.25,319958.42,305835.6,847208.6,197692.98
Angola,AGO,2010,172615.37,336377.52,171196.68,216102.29,586842.87,108406.71,37497.85,155618.13,333057.07,318930.91,861314.94,206262.93
Angola,AGO,2011,179090.35,349340.64,171681.18,222968.56,601455.13,112636.09,38913.74,162641.72,344148.65,329914.1,858419.62,214428.31
Angola,AGO,2012,184999.77,362865.64,172970.95,229811.5,617077.47,116955.3,40461.72,170339.77,355634.22,339974.01,858628.63,223098.71
Angola,AGO,2013,188638.23,376956.54,173410.02,236143.16,628047.83,121393.31,41903.65,178415.4,363935.47,346335.4,850751.74,230344.99
Angola,AGO,2014,188968.27,391646.67,172277.04,242273.24,628707.16,125954.51,43190.23,186806.93,367260.41,347539.77,842293.24,234646.88
Angola,AGO,2015,192293.55,407170.75,174276.03,250503.19,646169.85,130595.27,44775.89,195584.16,379798.04,353721.62,839200.6,243274.63
Angola,AGO,2016,193437.58,423353.01,175853.28,258456.6,662495.92,135103.3,46310.64,204697.65,388786.75,355733.88,826347.33,250222.68
Angola,AGO,2017,202237.26,440119.43,179509.52,268413.13,687923.39,139637.82,48164.22,214401.2,404913.18,368520.72,815523.13,259849.82
Angola,AGO,2018,205624.03,456847.22,183689.37,277292.61,714112.33,144180.27,50292.21,224575.5,421139.89,373299.78,813180.92,270163.98
Angola,AGO,2019,209949.92,473544.91,189114.06,286536.33,740922.26,149094.41,52745.57,235157.61,437545.22,380612.93,820188.23,280820.29
Antigua and Barbuda,ATG,1990,244.93,974.68,282.36,867.38,3230.16,364.35,285.22,816.5,1742.66,562.76,1152.47,1379.3
Antigua and Barbuda,ATG,1991,246.93,986.76,285.06,881.41,3243.32,370.18,289.08,834.01,1771.54,569.44,1176.84,1431.74
Antigua and Barbuda,ATG,1992,250.7,1004.36,288.96,898.5,3270.62,376.44,296.84,854.66,1803.75,578.82,1207.07,1468.24
Antigua and Barbuda,ATG,1993,259.9,1026.13,299.27,926.26,3428.21,385.96,302.45,876.4,1890.09,598.74,1240.68,1556.07
Antigua and Barbuda,ATG,1994,263.44,1051.76,305.06,946.54,3430.9,393.61,314.01,901.61,1928.99,607.01,1271.51,1590.42
Antigua and Barbuda,ATG,1995,266.5,1081.9,311.23,963.98,3467.23,401.69,326.74,928.98,1957.6,615.14,1304.43,1626.61
Antigua and Barbuda,ATG,1996,259.28,1116.81,309.65,991.01,3282.21,405.71,340.37,958.63,1890.8,608.21,1339.06,1617.06
Antigua and Barbuda,ATG,1997,256.51,1153.57,315.73,1011.63,3234.64,421.2,358.5,990.77,1893.34,611.47,1366.12,1630.18
Antigua and Barbuda,ATG,1998,255.42,1192.35,323.25,1035.01,3197.09,433.86,376.98,1024.37,1922.65,615.79,1388.5,1667.66
Antigua and Barbuda,ATG,1999,253.48,1231.28,330.51,1056.71,3168.77,445.29,394.31,1060.1,1970.47,622.15,1410.18,1717.06
Antigua and Barbuda,ATG,2000,250.17,1269.01,336.41,1078.12,3114.03,455.87,409.13,1095.69,2029.21,625.67,1435.04,1774.47
Antigua and Barbuda,ATG,2001,246.89,1304.26,340.98,1089.53,3087.4,464.99,412.56,1131.05,2044.75,625.9,1452.53,1823.12
Antigua and Barbuda,ATG,2002,248.69,1336.2,345.39,1107.9,3080.93,474.26,420.58,1167.24,2089.74,633.2,1473.35,1867.62
Antigua and Barbuda,ATG,2003,251.07,1364.86,350.83,1124.69,3091.86,482.5,424,1201.56,2126.65,641.53,1490.97,1928.83
Antigua and Barbuda,ATG,2004,254.63,1391.16,356.38,1138.94,3094.78,489.4,428.97,1234.5,2173.29,651.81,1506.13,1993.76
Antigua and Barbuda,ATG,2005,259.3,1413.59,360.94,1150.05,3119.65,495.95,437.25,1265,2215.35,662.9,1518.26,2055.58
Antigua and Barbuda,ATG,2006,266.08,1432.82,367.12,1164.36,3174.84,502.82,446.41,1294.65,2309.55,678.89,1531.19,2128.11
Antigua and Barbuda,ATG,2007,287.36,1447.61,387.22,1173.5,3464.61,513.51,461.08,1322.11,2580.84,716.33,1534.66,2272.7
Antigua and Barbuda,ATG,2008,293.81,1459.81,389.86,1182.65,3493.41,517.14,476.54,1348.53,2648.67,728.67,1541.73,2337.58
Antigua and Barbuda,ATG,2009,280.19,1472.06,381.51,1187.79,3330.42,516.94,486.05,1372.92,2549.9,712.04,1545.87,2312.79
Antigua and Barbuda,ATG,2010,286.86,1483.7,384.51,1203.55,3379.71,521.83,494.12,1398.31,2604.5,724.85,1563.65,2380.75
Antigua and Barbuda,ATG,2011,290.79,1498.5,387.7,1215.54,3442.95,527.05,503.85,1423.49,2674.57,734.16,1576.58,2447.36
Antigua and Barbuda,ATG,2012,292.35,1514.25,389.69,1225.37,3483.22,531.03,510.27,1448.94,2748.55,739.85,1587.68,2519.64
Antigua and Barbuda,ATG,2013,296.72,1530.88,392.71,1232.78,3538,534.51,515.04,1474.46,2792.84,748.74,1592.54,2599.28
Antigua and Barbuda,ATG,2014,313.13,1546.54,400.66,1245.17,3673.46,539.87,520.81,1500.59,2892.13,774.04,1608.01,2691.16
Antigua and Barbuda,ATG,2015,324.32,1559.29,407.87,1253.39,3743.64,544.43,532.78,1526.62,2967.48,790.77,1617.88,2770.58
Antigua and Barbuda,ATG,2016,334.74,1569.99,419.54,1264.37,3817.98,548.77,534.79,1551.68,3040.69,812.19,1626.48,2845.01
Antigua and Barbuda,ATG,2017,338.09,1581.1,427.8,1277.93,3895.13,550.98,534.36,1577.07,3109.76,822.46,1630.82,2914.65
Antigua and Barbuda,ATG,2018,343.5,1597.69,431.59,1289.19,3960.48,553.77,538.62,1601.11,3177.97,833.46,1638.89,2998
Antigua and Barbuda,ATG,2019,349.16,1621.55,435.27,1301.84,4032.49,556.97,544.99,1625.47,3253.58,845.09,1645.21,3095.37
Argentina,ARG,1990,175176.05,563000.66,341073.51,321662.75,2083500.28,202459.79,146680.49,669453.32,1461493.97,373939.29,782098.19,411756.72
Argentina,ARG,1991,173415.35,570503.42,350402.61,326792.15,2058479.36,204604.58,151612.05,678488.29,1476008.74,372748.73,785913.01,421515.75
Argentina,ARG,1992,173984.72,577976.89,363334.99,332882.88,2063623.28,206940.64,155628.32,688032.84,1505451.43,375190.22,778981.26,437384.09
Argentina,ARG,1993,169108.4,585126.19,372509.31,338655.22,2025592.2,209095.6,159482.16,698074.9,1513977.99,370722.27,775152.46,448300.13
Argentina,ARG,1994,165329.62,592703.12,378537.46,344769.41,1967578.04,211256.47,163279,708574.3,1519673.59,366391.94,775533.18,456682.47
Argentina,ARG,1995,165039.73,599868,391804.21,352741.39,1955046.62,213445.03,166313.66,719175.14,1536235.11,367423.4,779473.27,471452.65
Argentina,ARG,1996,167444.22,607376.71,402619.2,360809.13,1940312.07,215683.1,167844.01,730277.56,1569328.17,371247.31,781942.31,487527.1
Argentina,ARG,1997,168429.68,614949.9,412432.84,370417.47,1916836.82,217754.3,169235.16,743124.69,1596860.99,372165.65,777345.71,509637.11
Argentina,ARG,1998,167806.8,622625.2,424540.85,379443.27,1906951.92,221214.56,167938.34,756699.75,1622486.37,372599.88,783319.39,533535.61
Argentina,ARG,1999,166418.72,630377.38,433158.44,387912.91,1896166.13,224631.52,166386.44,770458.44,1642975.54,372377.46,780451.77,554173.27
Argentina,ARG,2000,161840.86,638003.26,430059.92,393961.7,1817752.14,228364.97,164959.06,783827.94,1628718.74,366551.87,777084.99,557794.19
Argentina,ARG,2001,162529.44,646531.43,437230.8,402020.55,1803051.23,232158.48,164668.2,797348.38,1644251.65,369005.8,781267.33,569603.84
Argentina,ARG,2002,165062.05,656200.62,446147.09,409972.94,1815904.87,236087.12,164560.31,811879.34,1671965.1,373550.3,797880.68,583174.82
Argentina,ARG,2003,166070.52,666462.11,454449.9,416717.09,1810232.13,240009.36,165727.17,826761.53,1688492.97,376141.36,808083.85,590746.41
Argentina,ARG,2004,163472.07,676497.29,452783.33,422234.1,1754399.63,243400.36,166548.23,841846.58,1679306.88,372153.22,809425.44,584761.29
Argentina,ARG,2005,166025.01,686176.19,453822.73,428742.02,1717555.84,246608.98,168155.73,857637.46,1681743.43,375397.38,800618.87,583059.29
Argentina,ARG,2006,170964.32,693477.9,457886.69,437198.9,1711038.32,249853.44,169946.41,874792.19,1697884.29,383228.16,799417.88,586799.61
Argentina,ARG,2007,179626.53,697835.55,471472.89,449010.35,1741938.97,252993.99,171174.11,893855.45,1739084.73,397091.99,815580.13,601988.1
Argentina,ARG,2008,179896.6,701936.08,468828.3,458549.41,1699451.63,256363.23,171294.82,913449.71,1728849.92,398469.62,829069.68,596326.62
Argentina,ARG,2009,182332.96,706544.27,473119.82,469280.96,1699223.24,259897.47,171291.82,933787.47,1742155.78,404059.81,836764.47,603429.01
Argentina,ARG,2010,184437.63,714794.96,480709.36,479964.18,1710853.31,263676.16,171753.54,952661.51,1750933.78,410033.6,846462.25,610949.08
Argentina,ARG,2011,189267.37,724329.94,485563.83,488684.93,1712322.49,267324.97,173127.25,971630.62,1765096.33,418822.73,851631.18,618386.89
Argentina,ARG,2012,194695.45,734149.97,487924.22,496704.85,1710450.07,271276.11,174378.92,991536.26,1779579.59,427809.13,853692.53,626777.03
Argentina,ARG,2013,198891.26,744176.07,489494.42,504691.84,1711235.29,275283.52,175884.15,1011769.88,1790418.42,436720.5,860365.61,636692.45
Argentina,ARG,2014,200840.41,754653.99,491148.71,511871.11,1705840.34,279244.63,177626.38,1031163.92,1788567.46,442744.22,869163.01,643222.29
Argentina,ARG,2015,207308.16,764508.22,499968.4,520244.71,1737828.23,283822.81,179696.01,1048969.65,1817429.98,455815.13,865476.55,660879.86
Argentina,ARG,2016,218640.74,774549.98,513273.47,529924.74,1813542.2,288050.54,181207.09,1060033.88,1882455.99,475419.43,865757.34,691960.93
Argentina,ARG,2017,220674.83,783874.44,519613.74,536752.95,1844627.09,289946.23,183086.73,1069546.12,1923908.67,480388.64,860121.79,714560.25
Argentina,ARG,2018,220872.25,792109.53,521952.33,541717.9,1842475,291712.77,186803.61,1086723.45,1943458.57,481599.74,859725.78,727227.71
Argentina,ARG,2019,222884.52,799628.11,529348.06,548735.42,1864505.36,293853.09,191591.87,1109256.86,1977228.47,486287.44,862034.74,744942.1
Armenia,ARM,1990,12191.85,45524.8,28690.74,34618.37,222583.78,18854.87,15382.44,40635.98,130299.29,33092.01,83097.42,24278.91
Armenia,ARM,1991,13191.47,45686.31,29205.63,34830.31,236878.24,18859.17,15860.11,41173.69,133529.41,34004.71,80205.63,26776.06
Armenia,ARM,1992,15020.68,45865.43,30884.05,35300.5,264481.4,18839.41,16509.82,41693.73,143184.28,36254.71,77492.59,30705.48
Armenia,ARM,1993,16407.82,45981.51,32001.96,35594.07,276611.74,18774.66,17154.79,42123.81,145621.23,37376.79,75078.77,33655.22
Armenia,ARM,1994,16424.36,46142.49,30798.79,35430.5,266148.5,18670.13,17244.85,42567.72,139740.17,36581.28,72647.53,34894.52
Armenia,ARM,1995,15823.91,46307.19,30453.11,35343.47,265285.83,18520.55,17232.69,43134.5,137951.84,34919.47,70943.23,37679.76
Armenia,ARM,1996,15732.25,46540.15,30564.26,35527.63,267894.94,18354.14,16880.11,43738.79,139965.44,34280.22,68753.32,41031.22
Armenia,ARM,1997,14798.17,46797.93,29411.35,35612.12,258805.5,18168.7,16618.53,44388.31,136097.38,32748.83,68216.46,43024.21
Armenia,ARM,1998,14096.34,47086.27,28519.45,35903.7,256006.61,17974.46,16255.99,45035.98,135521.03,31556.31,67828.43,45264.62
Armenia,ARM,1999,13896.73,47348.8,28652.58,36036.11,256636.43,17764,15997.69,45707.54,136340.47,31070.17,67664.88,47112.94
Armenia,ARM,2000,14018.14,47599.06,28510.14,36213.87,254496.91,17537.64,15673.61,46423.83,135571.82,30972.13,67862.22,48642.32
Armenia,ARM,2001,15162.21,47814.26,28683.77,36552.39,260540.96,17296.3,15368.93,47120.71,138542.09,32402.52,67669.45,50814.73
Armenia,ARM,2002,16367.4,47930.25,29321.01,36829.63,263666.63,17052.71,14906.82,47720.21,138754.88,33606.17,67423.56,52058.06
Armenia,ARM,2003,17560.53,47945.31,29645.38,37130.04,268448.88,16812.05,14124.1,48232.54,140902.83,35021.89,66984.75,53635.53
Armenia,ARM,2004,18926.23,47912,29085.67,37418.2,267640.51,16582.16,13923,48646.35,140113.22,36787.91,66509.62,52888.81
Armenia,ARM,2005,20899.11,47823.05,29111.73,37865.79,271114.58,16371.42,13751.21,49067.1,142503.19,39318.28,66609.64,53402.5
Armenia,ARM,2006,23288.51,47693.89,29109.6,38282.96,274217.76,16159.07,13627.82,49414.45,145379.08,42285.56,66665.53,53785.22
Armenia,ARM,2007,23820.97,47489.75,28650.2,38448.67,268282.5,15991.34,13626.36,49764.11,144426.08,42827.78,66285.18,54075.13
Armenia,ARM,2008,25137.14,47300.64,28189.51,38851.79,268552.56,15805.43,13620.95,49996.71,147916.33,44538.87,67031.81,55243.07
Armenia,ARM,2009,25787.84,47083.61,27700.13,39020.55,263543.1,15672.59,13544.67,50240.39,147828.97,45460.05,67625.39,55946.69
Armenia,ARM,2010,25955.68,46906.56,27207.04,39324.92,259846.27,15549.76,13519.63,50517.96,147387.89,45840.08,67825.76,56219.18
Armenia,ARM,2011,26353.73,46784.6,27141.7,39511.82,256226.45,15467.55,13418.36,50820.33,146820.24,46463.56,67635.12,56212.46
Armenia,ARM,2012,25704.51,46720.86,27013.5,39640.7,250340.26,15433.14,13190.89,51164.87,144625.86,45942.74,67256.43,55941.43
Armenia,ARM,2013,24995.67,46694.65,26641.15,39654.46,241071.6,15402.65,12988.3,51458.39,140724.97,45077.83,67003.25,55060.93
Armenia,ARM,2014,25262.26,46670.63,26989.6,39774.59,238784.45,15397.63,12800.46,51731.41,140784.72,45462.52,66480.41,55091.86
Armenia,ARM,2015,25965.67,46619.42,27735.62,40158.57,241826.94,15374.96,12713.75,52028.31,144211.11,46400.73,66187.45,56381.75
Armenia,ARM,2016,26068.18,46506.32,27543.05,40602.38,239874.1,15352.95,12723.58,52238.47,142302.88,46328.9,65910.64,56437.48
Armenia,ARM,2017,25607.95,46425,27910.03,41081.45,240959.62,15301.26,12831.32,52415.94,143185.65,45735.66,64422.2,57347.4
Armenia,ARM,2018,25458.58,46425.31,28088.5,41200.55,241602.03,15250.15,12981.81,52629.11,144194.7,45505.95,63321.23,58133.87
Armenia,ARM,2019,25308.46,46513.07,28248.44,41209.31,241929.05,15205.09,13199.42,52905.05,145449.13,45280.35,62308.88,58959.46
Australia,AUS,1990,40413.82,412977.06,248170.52,219625.96,944298.47,109576.13,118553.71,399959.77,751388.4,114575.28,315916.82,115854.44
Australia,AUS,1991,39870.06,418307.62,249951.04,223992.9,921845.74,111055.91,125745.72,409154.52,759072.35,113906.23,301313.88,120820.85
Australia,AUS,1992,39700.68,423264.86,254814.3,229405.47,916397.08,112528.29,133666.08,418339.12,774477.24,114167.44,292976.61,126875.66
Australia,AUS,1993,39316.75,427907.27,257078.69,234085.95,898501.13,114053.76,140601.65,427097.79,783217.27,113750.8,282486.98,132275.03
Australia,AUS,1994,39785,432281.28,261773.64,239817.79,897993.73,115583.39,148303.4,435806.64,801481.03,114930.18,277534.79,138484.25
Australia,AUS,1995,39605.33,436891.52,263470.02,244981.15,881345.97,117056.26,154999.26,444298.02,807156.28,114940.78,275403.43,142837.2
Australia,AUS,1996,40098.75,441068.37,267928.98,251144.38,874449.16,118531.62,158605.1,453098.72,817611.56,115941.44,277942.45,149043.89
Australia,AUS,1997,40280.88,444759.74,270294.38,256431.66,857969.81,120201.36,163898.55,462437.99,823002.59,116566.98,282878.2,153576.36
Australia,AUS,1998,39943.99,448733.94,272008.67,261909.21,840923.58,122076.22,168597.69,472089.79,826232.18,116462.01,288453.18,158058.1
Australia,AUS,1999,39526.71,453409.6,273505.84,268240.14,821989.09,123902.76,170314.24,482122.11,827641.24,116829.17,295956.54,162354.53
Australia,AUS,2000,39608.65,459544.53,274880.24,274737.17,807453.42,125627.67,167066.36,492281.52,832425.66,117720.8,297820.27,166744.64
Australia,AUS,2001,40281.52,468596.71,275498.65,281533.03,795964.5,127390.29,159987.57,503267.61,836211.32,119357.24,298054.43,171482.8
Australia,AUS,2002,42038.3,480644.8,277118.42,289037.93,790817.33,129143.8,157485.04,514836.84,844626.7,122785.21,296723.81,177432.52
Australia,AUS,2003,43424.46,493778.21,276296.42,296214.99,779013.56,130796.75,157434.06,526563.69,837456.01,125315.08,295148.42,182687.05
Australia,AUS,2004,43547.69,506387.69,273612.67,301484.63,753871.65,132415.47,157620.39,538351.79,858737.19,125766.95,293929.87,185915.46
Australia,AUS,2005,44064.34,515996.26,272058.52,307806.99,734263.19,134215.99,159474.13,549807.87,868562.21,126884.32,296869.77,189598.42
Australia,AUS,2006,44504.38,522972.99,271685.27,314939.1,724756.49,136185.19,160194.24,561213.82,880880.9,128511.6,302445.57,195138.77
Australia,AUS,2007,46002.28,529150.8,272277.08,322917.15,727870.72,138380.97,161127.85,572449.02,906818.74,132073.85,310735.74,202903.44
Australia,AUS,2008,47312.32,535269.94,271176.2,330185.84,726906.35,140633.92,161880.08,582862.97,926120.39,134902.24,318990.4,209330.12
Australia,AUS,2009,48354.56,541259.98,268974.65,336311.19,714676.07,142920.67,163253.02,593577.11,936294.72,137088.77,326446.48,214244.72
Australia,AUS,2010,49325.13,547765,271056.56,343200.4,706877.76,145236.22,166536.93,604162.3,942387.28,139417.03,331790.48,217858.38
Australia,AUS,2011,50044.31,554254.04,275687.14,350623.31,704837.9,147534.14,171273.43,612288.43,955032.93,141918.67,335096.89,223051.3
Australia,AUS,2012,50240.93,560633.22,278492.03,357096.77,694231.87,149843.85,175829,616684.97,959377.88,143858.1,337715.95,228236.38
Australia,AUS,2013,52258.32,567065.9,282579.68,364230.81,692489.83,152215,181604.67,619820.38,974542.92,148102.1,341793.56,234419.17
Australia,AUS,2014,54480.55,573479.45,289277.64,372560.08,703942.23,154566.73,189002.25,624225.06,996806.35,153009.3,344476.25,243040.38
Australia,AUS,2015,56241.06,580275.89,296425.43,381407.31,716982.79,156825.22,195761.45,632827.62,1013143.04,157438.32,349845.48,251847.8
Australia,AUS,2016,55456.31,585650.27,303456.07,388267.49,717250.31,158832.78,202551.43,651813.16,1016683.6,158342.15,354531.09,257978.68
Australia,AUS,2017,55509.88,591284.28,312230.72,396053.78,737396.01,160697.6,208642.05,672289.66,1038591.96,160402.59,359924.32,265488.48
Australia,AUS,2018,56247.65,598951.06,321427.99,405808.07,765763.73,162385.78,213617.86,686786.88,1073825.94,164008.04,368008.39,271969.08
Australia,AUS,2019,56515.5,607669.08,328077.11,415085.86,786856.17,163944.92,217596.05,699651.87,1099393.37,166488.49,378575.38,273195.73
Austria,AUT,1990,65401.16,163733.49,80705.55,125117.17,653193.34,55303.25,45610.97,192880.7,457989.55,119263.96,192916.46,65542.38
Austria,AUT,1991,66379.39,164353.33,80885.47,125629.31,649344.58,55316.91,47210,191539.44,460519.26,120107.26,193325.78,66481.51
Austria,AUT,1992,66352.75,164774.78,80826.85,126215.94,642745.83,55378.47,48895.04,190560.49,461293.23,119938.97,193808.07,66821.51
Austria,AUT,1993,65748.27,165208.5,80901.4,126999.11,635470.35,55448.11,50516.1,189847.15,461097.61,119001.17,191886.62,67160.09
Austria,AUT,1994,64578.76,165460.13,80324.94,127643.49,624257.23,55563.3,51999.44,189979.53,457103.84,117265.72,190519.04,67237.14
Austria,AUT,1995,63783.1,165646.58,80909.01,128817.81,622361.84,55679.02,53210.07,190917.81,456377.81,115857.94,188144.46,68270.71
Austria,AUT,1996,62508.37,165866.15,80977.87,129619.76,619518.59,55832.32,54192.68,192481.35,453965.7,113889.52,187254.31,69398.72
Austria,AUT,1997,60047.29,165799.17,80595.79,130244.71,605633.05,56026.76,54932.97,194524.04,448737.09,110609.7,186391.22,70508.16
Austria,AUT,1998,58885.72,165685.27,80534.96,131068.72,594392.16,56214.41,56006.24,196690.86,446328.63,109086.31,186251.9,72323.39
Austria,AUT,1999,57577.69,165722.96,81101.49,132019.33,580354.43,56421.33,57556.41,198977.72,443311.49,107528.79,185958.87,75408.12
Austria,AUT,2000,57372.31,165957.59,82002.66,133659.34,560670.58,56631.82,59116.43,201150.07,440390.25,107547.59,186627.44,79723.55
Austria,AUT,2001,56994.16,166504.53,82796.25,135200.66,536561.28,56828.66,60404.54,203214.3,434173.24,107201.33,187189.14,84404.03
Austria,AUT,2002,57980.51,167097.92,85066.54,137608.15,523416.69,57090.68,62049.79,205673.91,435375.33,108900.89,188022.91,91282.13
Austria,AUT,2003,58880.84,167797.88,87241.04,139264.29,507336.25,57339.79,65103.58,207923.44,437326.02,109816.23,191982.05,99395.44
Austria,AUT,2004,57410.51,168614.71,87327.21,140350.26,485798.2,57666.57,67097.74,210335.58,433470.54,108048.45,195340.63,105089.86
Austria,AUT,2005,56102.87,169350.8,87965.24,142359.77,477757.13,58039.88,68167.44,212854.52,431028.32,106866.11,198203.67,108991.88
Austria,AUT,2006,53757.13,169991.93,87731.73,143938.26,464822.5,58332.3,68759.86,215490.65,426236.37,104262.69,198366.33,110573.27
Austria,AUT,2007,53217.05,170364.83,88427.25,145899.76,460618.37,58644.18,69034.31,218676.57,428479.82,103981.44,197342.14,111947.42
Austria,AUT,2008,52093.19,170680.29,88423.38,147644.18,454172.93,58872.78,69435.03,221973.39,430277.77,102751.43,196152.55,113423.19
Austria,AUT,2009,53089.53,170906.86,89587.8,150040.04,457742.24,59054.72,69313.9,225108.6,438334.56,103904.2,195179.16,115721.22
Austria,AUT,2010,52101.94,171209.83,89980.42,152408.32,455006.09,59248,69052.86,227755.57,438642.47,102755.64,195302.01,117005.08
Austria,AUT,2011,50734.41,171876.47,90190.64,155019.74,453286.23,59425.73,68964.24,230214.2,440725.49,101000.41,196749.87,118778.16
Austria,AUT,2012,49933.19,172935.34,91024.59,158207.75,454656.01,59764.45,68326.31,233001.41,444186.51,99637.17,198945.37,121789.39
Austria,AUT,2013,49104.68,174337.42,91842.61,161107.26,453745.65,60107.59,67800.26,236050.09,445628.8,98299.67,201644.54,124097.84
Austria,AUT,2014,48151.57,175902.37,92300.41,164221.15,452644.9,60586.39,67504.38,239211.94,447257.79,96820.83,204150.01,126941.48
Austria,AUT,2015,47788.78,177572.61,94215.9,167576.95,458089.25,61163.06,67662.41,242265.31,448686.45,96523.22,206122.38,130417.69
Austria,AUT,2016,46535.45,179197.54,94720.43,169555.64,452562.62,61742.34,67696.32,244948.15,446126.26,95521.62,207960.98,131176.65
Austria,AUT,2017,45459.11,180559.14,95397.91,171275.73,446723.41,62192.18,67407.35,247304.67,442036.15,94593.66,208963.08,131143.77
Austria,AUT,2018,45498.3,181712.82,95194.04,172445.14,449932.47,62592.01,66809.95,248484.56,442115.35,94642.13,209661.24,132472.61
Austria,AUT,2019,45733.86,182867.38,96018.67,174314.29,455197.61,63039.93,65216.11,248132.92,446070.58,94484.97,209991.88,135711.73
Azerbaijan,AZE,1990,47356.09,89027.95,58854.71,84019.32,526084.02,41860.64,30194.67,78112.39,231369.07,88599.46,206536.48,56658.44
Azerbaijan,AZE,1991,51783.21,90159.95,61926.57,86348.13,558923.44,42494.19,32166.24,79366.43,238848.31,94054.23,203891.41,62080.57
Azerbaijan,AZE,1992,57886.38,91243.16,66959.7,90209.9,607499.25,43119.57,35249.73,80495.96,253466.7,102265.18,201472.11,70702.52
Azerbaijan,AZE,1993,62706.6,92428.46,70746.53,92419.96,643200.58,43663.06,37581.99,81599.27,257757.33,108027.11,196978.39,76169.43
Azerbaijan,AZE,1994,67501.31,93681.32,73485.58,94048.9,672348.27,44168.51,40436.64,82697.96,260672.76,113455.54,192705.61,80377.82
Azerbaijan,AZE,1995,69557.08,95090.9,71825.62,92670.43,669080.03,44582.04,40551.26,83777.06,251692,114309.73,186836.64,78662.01
Azerbaijan,AZE,1996,71359.96,96718.09,69770.27,92544.4,665939.83,44939.9,40130.36,85186.67,245253.51,115400.77,182798.57,78479.13
Azerbaijan,AZE,1997,72574.04,98518.15,66958.59,93289.56,658976.6,45253.02,40071.81,86673.65,241524.08,116205.49,181010.37,79699.66
Azerbaijan,AZE,1998,73461.32,100343.23,64464.21,94227.12,662770.7,45498.65,39825.79,88256.21,240539.13,116680.85,181201.47,81909.59
Azerbaijan,AZE,1999,73738.42,102290.02,61687.49,95476.28,672695.23,45699.51,39408.73,90091.96,241069.07,116649.84,182572.46,84469.17
Azerbaijan,AZE,2000,73891.9,104160.97,58506.62,96888.08,682152.99,45836.93,39056.86,91933.99,241245.91,116806.25,184888.33,87065.85
Azerbaijan,AZE,2001,73887.08,106184.6,54855.06,98088.47,692909.95,45955.21,38823.97,94192.77,240995.24,116892.5,187926.9,89985.33
Azerbaijan,AZE,2002,74333.86,108247.06,52948.61,99165.86,714101.08,46056.86,38678.37,96628.7,245335.57,117498.85,191670.41,93426.03
Azerbaijan,AZE,2003,75572.19,110272.2,52455.8,100638.13,746067.64,46162.09,38883.28,99237.74,252806.65,119219.39,196006.93,98329.21
Azerbaijan,AZE,2004,76998.95,112356.25,52445.82,102138.97,766714.61,46269.72,38834.56,101930.28,258418.95,120802.17,198468.97,103379.81
Azerbaijan,AZE,2005,78344.72,114314.33,53405.63,103848.67,792790.54,46412.08,39385.16,104622.26,267412.52,122020.63,198703.2,107907.51
Azerbaijan,AZE,2006,78500.28,116169.89,53403.25,104810.79,802069.43,46620.89,39764.54,107479.81,271374.68,121406.2,197649.93,111078.19
Azerbaijan,AZE,2007,79481.92,117879.92,53108.33,105846.97,801685.4,46913,40169.12,110501.39,277100.19,121629.81,195660.97,114626.49
Azerbaijan,AZE,2008,79389.27,119536.37,54085.96,107578.97,817943.51,47270.08,41815.05,113555.56,287885.39,122011.58,196965.14,118756.98
Azerbaijan,AZE,2009,79459.09,121277.11,54861.98,109355.04,829086.66,47640.36,43230.01,116741.26,296587.51,122442.49,197640.24,122680.72
Azerbaijan,AZE,2010,79798.99,123129.75,55731.63,111040.4,838567.94,48081.61,44558.46,119864.43,304331.1,123246.4,198940.32,126636.12
Azerbaijan,AZE,2011,80496.75,125139.08,56865.68,112585.77,850966.82,48578.36,45414.15,123130.86,312092.52,124506.86,199497.45,130232.35
Azerbaijan,AZE,2012,80723.92,127249.85,57892.08,113462.6,860339.76,49071.94,45766.9,126340.68,317891.67,125079.1,199004.82,133553.37
Azerbaijan,AZE,2013,81199.94,129323.69,58690.23,115067.06,865439.81,49618.63,45959.37,129602.32,322132.32,126061.16,199402.44,136704.89
Azerbaijan,AZE,2014,82000.25,131424.36,59740.99,116369.96,874867.06,50125.65,46086.09,132849.31,327553.16,127308.66,198509.6,140588.15
Azerbaijan,AZE,2015,82853.37,133335.57,60583.86,116950.34,880737.71,50588.69,46329.54,136012.52,332688.14,128530.79,197342.5,144364.69
Azerbaijan,AZE,2016,84365.46,134986.87,62080.94,117891.89,895303.74,50992.9,47036.65,138733.99,340057.89,130659.3,195991.52,149485.73
Azerbaijan,AZE,2017,86224.99,136600.5,63785.66,118717.01,915499.31,51377.48,48130.23,141306.03,349842.03,133219.88,194408.75,154828.62
Azerbaijan,AZE,2018,87243.01,138666.84,64158.57,119491.18,910497.74,51682.24,49687.3,144325.84,355801.81,134633.94,192880.31,158189.58
Azerbaijan,AZE,2019,88789.07,141146.79,65300.34,120522.62,922594.24,51992.85,51334.1,147569.91,364433.63,136725.14,191864.65,162288.45
Bahamas,BHS,1990,1338.32,4185.39,1328.91,2862.9,11017.7,1540.56,1056.92,3381.69,7729.83,2963.69,5795.03,4194.27
Bahamas,BHS,1991,1336.72,4260.67,1351.25,2926.57,11136,1569.25,1098.22,3490.1,7826.74,2993.87,6032.23,4337.1
Bahamas,BHS,1992,1335.68,4337.65,1377.13,2989.15,11269.65,1599.97,1132.98,3596,7897.64,3021.63,6252.77,4485.95
Bahamas,BHS,1993,1392.76,4417.84,1414.14,3064.4,11564.23,1636.33,1170.22,3709.84,8085.16,3127.64,6469.46,4711.92
Bahamas,BHS,1994,1384.31,4500.86,1457.68,3132.51,11748.46,1675.44,1226.37,3823.8,8324.74,3144.31,6552.48,4913.07
Bahamas,BHS,1995,1423.44,4591.36,1498.41,3198.17,12031.67,1714.56,1289.05,3946.86,8607.73,3221.53,6669.66,5117.42
Bahamas,BHS,1996,1460.49,4690.8,1544.57,3271.54,12453.28,1749.02,1326.72,4069.87,8940.02,3288.34,6646.74,5409.93
Bahamas,BHS,1997,1471.44,4792.96,1576.86,3336.19,12555.59,1781.17,1383.32,4195.51,8986.84,3326.61,6647.41,5434.44
Bahamas,BHS,1998,1489.54,4901.2,1618.93,3404.14,12747.06,1815.42,1433.76,4326.45,9209.02,3364.88,6563.36,5615.22
Bahamas,BHS,1999,1495.1,5005.89,1656.81,3472.65,13199.05,1849.65,1476.2,4450.34,9477.9,3402.67,6451.14,5839.62
Bahamas,BHS,2000,1438.36,5109.91,1654.19,3534.47,12985.81,1876.75,1521.96,4576.63,9549.17,3352.54,6403.17,5948.9
Bahamas,BHS,2001,1446.39,5209.03,1685.98,3593.64,13490.63,1904.63,1540.2,4688.25,9853.9,3386.14,6405.02,6141.04
Bahamas,BHS,2002,1400.51,5311.35,1681.51,3647,13533.02,1930.97,1562.75,4795.18,9932.78,3341.39,6434.97,6087.14
Bahamas,BHS,2003,1455.75,5413.97,1722.16,3745.7,13703.15,1972.55,1600.53,4929.31,10326.02,3455.06,6628.24,6420.96
Bahamas,BHS,2004,1458.12,5512.72,1753.75,3788.77,14082.38,1995.25,1606.04,5034.58,10515.39,3479.53,6680.49,6646.55
Bahamas,BHS,2005,1446.58,5602.78,1762.45,3832.87,13989.28,2020.85,1628.04,5153.14,10579.66,3480.1,6685.92,6776.03
Bahamas,BHS,2006,1499.23,5689.86,1806.06,3919.63,14496.79,2053.6,1659.73,5290.28,11151.29,3592.15,6796.54,7058.47
Bahamas,BHS,2007,1522.13,5771.98,1821.88,3987.14,14570.67,2081.44,1704.8,5425.83,11367.24,3641.76,6860.3,7124.19
Bahamas,BHS,2008,1546.31,5853.04,1855.98,4068.53,15144.61,2111.03,1752.99,5560.39,11822.24,3710.88,6962.49,7385.93
Bahamas,BHS,2009,1583.2,5933.13,1901.9,4157.78,15862.15,2143.93,1798.45,5684.43,12292.92,3810.05,7057.77,7718.77
Bahamas,BHS,2010,1609.9,6011.8,1931.34,4240.69,16297.52,2174.88,1828.72,5822.17,12725.96,3887.83,7186.77,7925.13
Bahamas,BHS,2011,1614.88,6097.72,1953.12,4313.94,16622.06,2204.8,1837.71,5952.89,13124.79,3927.25,7261.66,8185.97
Bahamas,BHS,2012,1621.53,6193.62,1974.12,4396.01,16784.6,2233.88,1859.02,6083.18,13408.91,3971.79,7378.04,8423.75
Bahamas,BHS,2013,1645.92,6289.48,1986.69,4464.36,17087.96,2260.85,1885.44,6198.97,13678.14,4021.35,7403.53,8683.46
Bahamas,BHS,2014,1731.19,6383.81,2023.2,4542.26,17656.41,2289.88,1912.87,6323.61,13957.18,4164.8,7503.28,8976.71
Bahamas,BHS,2015,1769.79,6466.4,2055.31,4613.37,18328.48,2310.41,1945.01,6448.15,14351.51,4248.75,7562,9278.64
Bahamas,BHS,2016,1810.66,6536.25,2103.43,4688.48,18889.65,2330.17,1955.16,6565.21,14689.89,4333.19,7611.18,9545.41
Bahamas,BHS,2017,1857.09,6603.96,2152.1,4764.06,19416.2,2348.45,1964.83,6685.2,15026.79,4425.62,7676.79,9824.62
Bahamas,BHS,2018,1911.74,6698.25,2183.17,4829.41,19977.93,2368.08,1991.55,6810.38,15406.64,4526.4,7750.69,10146.22
Bahamas,BHS,2019,1953.87,6817.86,2211.11,4902.32,20496,2389.06,2015.8,6936.67,15787,4610.02,7816.17,10478.31
Bahrain,BHR,1990,1609.91,10566.28,3496.35,5376.53,21187.63,2448.38,1045.01,6323.06,7883.29,3415.22,17621.46,5468.03
Bahrain,BHR,1991,1669.51,10976.86,3627.71,5571.14,21593.06,2532.11,1084.63,6603.08,8181.24,3543.42,18008.66,5909.86
Bahrain,BHR,1992,1721.35,11311.93,3698.87,5714.4,21722.28,2599.06,1112.02,6837.66,8370.82,3641.44,18063.13,6275.13
Bahrain,BHR,1993,1758.21,11617.64,3747.7,5842.06,21679.3,2658.49,1137.3,7062.58,8519.43,3708.47,17874.36,6606.42
Bahrain,BHR,1994,1796.12,11910.42,3832.87,5976.72,21821.1,2720.68,1162.02,7296.48,8741.68,3778.01,17432.98,6974.14
Bahrain,BHR,1995,1838.14,12218.26,3935.16,6111.5,22081.6,2784.67,1193.32,7546.16,8995.26,3854.91,16793.89,7375.2
Bahrain,BHR,1996,1892.69,12548.7,4050.57,6264.27,22415.25,2847.27,1236.15,7814.82,9313.67,3956.9,16149.33,7742.84
Bahrain,BHR,1997,1972.72,12903.07,4172.7,6448.28,22692.95,2909.97,1279.91,8088.41,9729.76,4097.59,15900.36,8049.5
Bahrain,BHR,1998,2034.44,13279.92,4343.71,6640.51,22866.01,2994.1,1302.34,8391.38,10163.06,4190.85,15792.93,8482.83
Bahrain,BHR,1999,2103.34,13690.65,4408.86,6809.55,23380.44,3068.09,1349.21,8750.78,10509.66,4301.73,15886.92,9015.46
Bahrain,BHR,2000,2100.91,14161.81,4289.1,6963.92,22337.44,3118.7,1411.49,9150.92,10583.07,4263.49,15920.35,9133.82
Bahrain,BHR,2001,2080.65,14732.11,4257.55,7221.77,21305.23,3166.51,1470.64,9640.79,10693.53,4233.08,16216.28,9332.38
Bahrain,BHR,2002,2165.55,15600.98,4588.43,7641.67,22226.62,3319.1,1527.19,10298.88,11431.08,4442.27,16548.05,10660.09
Bahrain,BHR,2003,2278.68,16867.53,4989.24,8243.07,23350.47,3552.72,1665.47,11182.08,12151.83,4730.44,17280.11,12173.93
Bahrain,BHR,2004,2375.14,18419.38,5240.79,8926.64,23590.68,3804.38,1834.94,12279.14,12703.99,4932.75,18249.97,13523.34
Bahrain,BHR,2005,2473.03,19978.53,5458.19,9606.03,23540.24,4040.09,2011.01,13482.39,13224.79,5122.23,19319.66,14802.59
Bahrain,BHR,2006,2538.75,21453.3,5598.68,10212.47,23437.31,4232.07,2161.42,14752.52,13644.68,5305.99,20278.96,15906.73
Bahrain,BHR,2007,2624.7,23002.56,5756.7,10862.53,23564.41,4443.98,2352.24,16113.7,14083.81,5518.12,21330.67,16903.9
Bahrain,BHR,2008,2754.53,24800.6,5925.71,11663.11,23982.6,4696.49,2576.77,17665.11,14745.6,5805.6,22477.19,18101.2
Bahrain,BHR,2009,2879.19,26638.83,6051.98,12499.74,24592.62,4955.82,2795.61,19312.96,15394.24,6094.23,23677.82,19476.86
Bahrain,BHR,2010,2952.39,28180.95,6101.92,13192.96,25256.96,5163.44,2967.48,20909.65,16024.69,6279.3,24802.49,21118.44
Bahrain,BHR,2011,3028.43,29135.85,6136.77,13663.34,25901.03,5277.75,3024.84,22233.89,16478.29,6453.68,25683.96,22672.55
Bahrain,BHR,2012,3114.63,29891.28,6137.43,14056.83,26327.27,5367.84,3057.39,23390.62,16902.29,6625.83,26434.83,24231.13
Bahrain,BHR,2013,3222.63,30619.6,6154.96,14427.99,26651.47,5456.23,3087.91,24496.38,17483.64,6830.2,27093.48,25958.93
Bahrain,BHR,2014,3381.87,31285.98,6256.39,14819.85,27329.29,5569.45,3126.96,25573.66,18394.68,7102.66,27732.43,27630.46
Bahrain,BHR,2015,3524.19,31744.22,6478.2,15118.76,28695.61,5680.63,3134.01,26581.86,19405.72,7375.97,28055.33,29217.91
Bahrain,BHR,2016,3678.07,32003.26,6692.62,15356.16,30154.51,5759.95,3164.16,27570.41,20480.49,7665.64,28120.43,31062.49
Bahrain,BHR,2017,3864.5,32260.55,6951.57,15612.45,32135.98,5841.13,3204.58,28458.79,21774.43,7986.28,28203.1,33235.44
Bahrain,BHR,2018,4059.69,32570.33,7218.12,15853.32,34073.64,5913.35,3202.56,29321.13,23140.6,8298.86,28211.08,35620.55
Bahrain,BHR,2019,4283.28,32910.41,7571.41,16094.44,36349.55,5993.49,3196.02,30213.43,24735.99,8660.3,28288.67,38469.34
Bangladesh,BGD,1990,1109872.48,1527383.43,1730648.37,940419.72,3758282.48,547605.38,159951.13,1265368.32,1941102.8,2116496.54,3945775.02,875523.34
Bangladesh,BGD,1991,1077176.75,1558792.84,1628233.31,950981.19,3513788.3,559057.98,162907.13,1299167.77,1872118.98,2054818.79,3905515.12,853914.02
Bangladesh,BGD,1992,1089145.39,1589512.69,1633009.91,973015.13,3568194.74,569580.58,167637.59,1335136.06,1908330.35,2070501.58,3827877.82,870260.22
Bangladesh,BGD,1993,1085314.47,1620587.49,1619844.14,990449.96,3579473.86,579695.11,172342.82,1372324.12,1925218.29,2057526.9,3755892.5,878149.38
Bangladesh,BGD,1994,1083702.97,1651908.5,1605043.25,1007799.65,3605701.89,588372.63,177062.39,1410540.16,1938446.28,2047331.91,3704601.92,895577.8
Bangladesh,BGD,1995,1093976.89,1684206.37,1621572.06,1027011.93,3739822.29,596454.44,182366.21,1448719.17,1988298.73,2055448,3658301.75,927595.57
Bangladesh,BGD,1996,1086971.93,1715935.54,1593685.64,1039474.13,3759759.27,603880.83,187184.21,1486731.58,1994634.61,2030191.18,3621100.85,942776.76
Bangladesh,BGD,1997,1066208.12,1746937.92,1554276.45,1047480.18,3777716.79,610543.37,191654.02,1526362.82,1977280.24,1983811.47,3575347.88,951920.92
Bangladesh,BGD,1998,1040819.24,1777591.97,1526423.02,1053078.25,3842407.18,617258.52,196230.13,1567058.79,1960458.37,1929241.62,3510537.28,971434.11
Bangladesh,BGD,1999,1022947.03,1808299.57,1512362.68,1060422.15,3952666.56,623547.46,201244.72,1609785.45,1962581.8,1885828.6,3451155.68,996111.67
Bangladesh,BGD,2000,1044929.35,1839479.03,1541379.71,1075641.13,4198692.21,630662.57,207101.58,1654885.92,2039068.93,1905009.22,3419953.18,1052675.64
Bangladesh,BGD,2001,1026307.62,1876054.01,1542850.1,1084708.8,4338663.58,637560.78,212444.18,1700891.73,2043006.79,1863014.52,3372368.43,1083173.46
Bangladesh,BGD,2002,1013316.87,1918941.69,1569338.86,1095544.56,4554487.21,644603.78,217713.06,1750035.16,2071351.89,1831318.55,3338606.41,1125409.37
Bangladesh,BGD,2003,1001982.13,1964651.71,1595578.26,1106872.11,4784542.03,651439.29,223699.45,1801574.57,2096698.02,1801332.02,3296670.34,1168811.21
Bangladesh,BGD,2004,995059.28,2009970.58,1607444.11,1119812.45,4999301.3,658432.65,230149.82,1856569.96,2125742.73,1779356.96,3257466.18,1207431.15
Bangladesh,BGD,2005,1003638.54,2050824.8,1641091.02,1139993,5330072.2,665787.35,237415.18,1915020.52,2202828.22,1786137.57,3230718.5,1266021.04
Bangladesh,BGD,2006,1005828.11,2083954.85,1673977.46,1160599.34,5655045.87,673008.61,245436.46,1978843.57,2279408.63,1787231.74,3193142.79,1311908.27
Bangladesh,BGD,2007,991993.69,2114251.88,1682676.27,1182286.71,5849448.63,680276.17,253306.51,2047056.55,2332586.57,1767613.67,3195841.08,1347154.2
Bangladesh,BGD,2008,955351.19,2143110.62,1670312.09,1202854.76,5945567.78,686616.58,261651.32,2120266.07,2355931.56,1717929.11,3152911.83,1362818.22
Bangladesh,BGD,2009,932824.12,2176848.31,1673833.01,1228572.51,6108964.7,693491.08,269510.17,2196265.92,2415084.45,1693224.24,3114572.51,1386152.95
Bangladesh,BGD,2010,904405.21,2215138.8,1685125.23,1254118.61,6285112.76,699384.73,276609.24,2273150.97,2467252.54,1661133.88,3070957.15,1403256.43
Bangladesh,BGD,2011,867514.71,2257980.59,1630671.35,1271352.64,6165712.22,704795.65,282284.63,2351753.42,2473023.91,1613046.79,3034330.62,1391387.92
Bangladesh,BGD,2012,851237.08,2303801.92,1597807.34,1293987.12,6150980.9,710395.15,287139.08,2432778.42,2516166.86,1593043.23,2978745.54,1402844.93
Bangladesh,BGD,2013,835598.47,2349199.88,1615948.16,1323475.67,6247625.41,716206.23,292959.61,2517723.13,2569262.79,1579822.96,2929734.81,1429535.57
Bangladesh,BGD,2014,823909.69,2396371.41,1667532.49,1360137.04,6433724.8,722423.56,298733.32,2602597.71,2632206.65,1573964.66,2896669.73,1473192.9
Bangladesh,BGD,2015,815723.38,2442994.99,1669970.69,1391917.19,6598300.72,729748.42,303742.45,2685250.48,2700090.02,1579297.76,2883875.03,1495292.86
Bangladesh,BGD,2016,822139.31,2490201.2,1691336.05,1432444.14,6760537.15,735267.08,312394.82,2752731.78,2794451.86,1605832.48,2860035.5,1541141.71
Bangladesh,BGD,2017,837235.94,2536479.63,1743203.8,1478391.83,7094701.48,740626.67,321481.49,2818928.07,2904611.76,1647174.1,2829946.83,1601822.33
Bangladesh,BGD,2018,839706.18,2582942.83,1816121.58,1518529.51,7289700.56,746015.91,331180.51,2892989.57,3005569.12,1660854.55,2795325.18,1655487.84
Bangladesh,BGD,2019,842270.28,2630528.58,1942679.02,1559290.05,7471988.99,751308.89,343055.44,2961713.25,3099674.78,1674977.74,2768835.98,1710413.83
Barbados,BRB,1990,972.34,4377.73,1536.37,3631.07,15182.75,2192.38,820.33,4226.21,10382.6,2642.7,5369.49,7198.93
Barbados,BRB,1991,958.98,4373.37,1534.56,3646.92,14925.34,2197.91,825.63,4281.93,10394.43,2626.62,5385.13,7277.99
Barbados,BRB,1992,978.62,4370.67,1563.58,3687,15125.55,2214.93,832.73,4334.57,10613.78,2668.29,5369.82,7508.73
Barbados,BRB,1993,1001.17,4372.56,1584.27,3735.3,15115.02,2222.19,839.19,4386.5,10730.12,2701.23,5340.37,7694.92
Barbados,BRB,1994,1029.04,4377.16,1601.19,3766.26,15129.84,2222.21,849.64,4435.03,10835.92,2729.76,5312.59,7797.5
Barbados,BRB,1995,1044.11,4385.84,1608.76,3789.09,14935.74,2219.63,861.69,4479.88,10916.3,2745.9,5331.66,7919.6
Barbados,BRB,1996,1048.69,4402.32,1622.42,3829.23,14711.02,2220.46,874.32,4528.07,11051.09,2764.95,5315.91,7986.91
Barbados,BRB,1997,1048.38,4425.82,1639.46,3861.37,14495.56,2224.62,891.4,4576.72,11268.11,2775.2,5314.99,8114.53
Barbados,BRB,1998,1022.2,4451.69,1643.08,3895.23,14026.72,2227.8,913.24,4637.8,11433.19,2752.95,5329,8163.26
Barbados,BRB,1999,974.18,4483.3,1630.69,3916.42,13398.29,2222.59,931.19,4699.78,11454.74,2695.92,5322.57,8136.72
Barbados,BRB,2000,944.38,4520.94,1640.15,3943.58,13228.91,2248.09,944.53,4760.77,11712.87,2673.12,5314.49,8294.09
Barbados,BRB,2001,898.86,4565.08,1644.23,3935.34,12734.75,2249.7,937.48,4832.5,11788.43,2617.52,5340.9,8134.23
Barbados,BRB,2002,926.53,4614.6,1682,3991.87,12945.85,2306.44,939.97,4926.47,12369.59,2679.6,5464.78,8554.61
Barbados,BRB,2003,949.46,4666.64,1733.2,4058.32,13223.79,2362.83,939.02,5032.34,12876.64,2740.81,5580.13,8950.04
Barbados,BRB,2004,965.26,4724.93,1764.63,4084.45,13092.68,2389.48,939.49,5123.02,13220.69,2779.19,5642.36,9196.76
Barbados,BRB,2005,984.51,4781.37,1760.18,4096.89,12830.74,2401.61,949.69,5205.72,13214.37,2801.86,5675.82,9241.77
Barbados,BRB,2006,1013.73,4836.29,1782.8,4131.13,13017.73,2411.09,961.87,5303.34,13435.27,2861.99,5715.96,9322.51
Barbados,BRB,2007,1018.03,4894.72,1799.54,4179.68,13175.33,2426.83,979.63,5410.98,13728.62,2886.19,5780.99,9483.31
Barbados,BRB,2008,1012.02,4951.25,1809.59,4218.83,13174.44,2437.41,994,5519.45,13965.37,2894.24,5839.07,9520.93
Barbados,BRB,2009,1001.5,5010.24,1806.83,4276.93,13070.48,2446.31,1007.75,5630.72,14147.2,2898.74,5926.11,9500.23
Barbados,BRB,2010,995.15,5069.28,1821.6,4343.26,13198.08,2473.47,1012.93,5736.89,14491.77,2909.73,6010.94,9645.02
Barbados,BRB,2011,991.1,5132.23,1826.93,4397.68,13405.4,2509.77,1008.36,5838.95,14749.46,2919.54,6054.9,9837.04
Barbados,BRB,2012,1003.82,5196.98,1837.8,4461.56,13525.76,2541.67,1011.7,5945.21,14927.24,2947.95,6105.83,9956.71
Barbados,BRB,2013,1021.43,5262.59,1860.8,4519.88,13932.59,2587.71,1011.93,6053.37,15281.34,2995.61,6170.38,10248.81
Barbados,BRB,2014,1058.7,5323.17,1882.52,4574.7,14337.61,2624.52,1012.32,6161.79,15652.95,3072.05,6221.85,10625.54
Barbados,BRB,2015,1078.98,5377.6,1901.53,4634.86,14683.22,2657.7,1015.66,6261.24,15942.75,3123.59,6275.36,10917.97
Barbados,BRB,2016,1103.23,5421.1,1920.84,4700.17,15035.6,2688.02,1020.81,6354.54,16268.5,3184.6,6336.21,11212.69
Barbados,BRB,2017,1130.77,5459.95,1946.78,4767.69,15409.53,2721.26,1027.58,6444.78,16637.75,3251.42,6398.35,11539.08
Barbados,BRB,2018,1162.71,5513.35,1990.27,4843.91,15880.05,2765.86,1032.66,6532.78,17165.49,3325.9,6485.38,11954.94
Barbados,BRB,2019,1204.98,5580.08,2058.77,4936.67,16573.4,2830.4,1034.76,6620.84,18001.09,3424.59,6596.14,12498.06
Belarus,BLR,1990,25418.86,181119.11,166779.89,138714.93,1167100.25,43362.54,112372.01,170257.29,559208.31,99515.32,219724.78,54645.83
Belarus,BLR,1991,26957.65,182355.34,166188.17,140599.83,1218776.97,43397.37,120327.84,171522.18,582649.83,102454.01,219481.37,57174.95
Belarus,BLR,1992,28744.6,183645.43,165279.28,141822.22,1272943.79,43378.9,129999.78,172745.12,603213.19,105761.78,217724.47,59844.9
Belarus,BLR,1993,32636.33,184730.68,172606.36,144288.43,1407493.73,43276.82,141587.59,173731.66,644624.29,112670.23,214041.47,63134.63
Belarus,BLR,1994,34244.21,185649.06,169875.06,144552.09,1439230.58,43080.41,148889.41,174516.14,636401.72,113928.45,211140.83,63848.05
Belarus,BLR,1995,37886.8,186448.94,170282.19,145187.15,1507111.85,42815.56,155968.64,175220.42,639872.03,118902.04,208194.86,65506.13
Belarus,BLR,1996,39604.62,187317.82,165339.74,144743.36,1505347.03,42516.96,160304.32,175828.6,629841.75,119810.57,204766.23,65074.49
Belarus,BLR,1997,42127.42,188300.69,162544.67,144480.71,1534487.7,42183.52,165761.68,176365,630847.12,122164.42,204400.1,65527.59
Belarus,BLR,1998,45945.58,189086.81,159543.26,144544.32,1570591.66,41801.48,172520.37,176710.9,631774.93,126386.24,205018.31,65847.07
Belarus,BLR,1999,51731.88,189640.52,157512.86,144646.85,1625961.98,41451.91,177184.26,176994.02,632526.39,132953.02,203643.7,66505.87
Belarus,BLR,2000,53667.8,189913.59,146695.35,143626.48,1560015.8,41077.51,176470.45,177395.86,584217.93,132242.72,199859.83,64432.7
Belarus,BLR,2001,62597.88,189776.91,145698.33,144815.61,1650588.21,40754.2,181013.04,177947.03,596557.02,143226.1,198532.93,65401.58
Belarus,BLR,2002,75991.34,189456.82,142957.3,146463.73,1758743.15,40405.59,186538.06,178322.74,599231.24,159375.92,198033.78,68943.34
Belarus,BLR,2003,80128.2,188876.92,130708.08,146524.86,1721277.92,39977.64,185245.17,178694.51,572291.71,162125.03,193880.78,67886.89
Belarus,BLR,2004,84239.17,188219.58,122607.87,146967.47,1686025.18,39541.36,178519.22,179143.76,561110.21,166705.43,190159.19,66387.38
Belarus,BLR,2005,94323.06,187428.49,117029.53,148053.09,1716095.4,39158.17,175003.95,179639.49,566535.73,178892.4,188580.2,66591.68
Belarus,BLR,2006,97757.61,186225.74,107237.44,148268.57,1655302.29,38799.58,168702.65,180144.69,547118.99,181569.11,186140.61,65417.92
Belarus,BLR,2007,99681.88,184676.43,98099.13,148020.1,1574096,38521.29,163915.17,180985.35,521924.26,181863.2,183990.94,64598.91
Belarus,BLR,2008,103408.93,183023.09,92002.04,148868.38,1568548.74,38300.37,155827.92,181920.66,524107.3,186409.97,181747.75,64358.57
Belarus,BLR,2009,107739.06,181528.77,86167.71,150024.12,1577057.28,38143.93,157087.96,182803.36,529363.94,192165.1,180448.81,64456.73
Belarus,BLR,2010,112154.75,180329.56,82048.52,150908.47,1588870.59,38039.42,169321.77,183564.59,545988.11,198053.06,178587.7,64492.1
Belarus,BLR,2011,115553.28,179391.99,78886.36,152066.35,1614497.3,37917.21,167544.35,184294.93,552480.57,202719.62,177171.14,64456.69
Belarus,BLR,2012,93951.81,178569.13,71918.37,150482.48,1441352.37,37822.72,161908.37,185221.58,495513.01,174887.38,173555.41,61367.05
Belarus,BLR,2013,88754.61,177940.17,68058.22,151259.47,1423143.42,37819.37,164591.11,186455.59,490558.02,169087.57,171976.13,60402.22
Belarus,BLR,2014,83508.46,177442.88,66595.23,151711.51,1403001.38,37870.35,163905.5,187587.81,488888.92,162983.09,170923.52,59691.21
Belarus,BLR,2015,77156.44,176939.89,67678.99,151694.17,1364335.37,37913.81,160533.09,188682.22,479639.76,155116.06,169324.47,59544.17
Belarus,BLR,2016,74500.7,176639.41,67871.3,152279.55,1356600.61,37980.3,158184.83,189982.69,482700.27,152264.4,168731,60816.19
Belarus,BLR,2017,73885.97,176317.8,68775.4,153015.33,1363344.85,38028.57,156226.27,191165.55,491305.99,152146.95,167889.75,62368.15
Belarus,BLR,2018,73572.86,175296.57,69382.43,153467.13,1346106.22,38042.06,155446.83,192093.62,493566.51,152131.74,166979.24,63020.38
Belarus,BLR,2019,73482.88,173744.9,70913.89,154024.8,1350737.9,38038.65,154593.81,192981.09,500691.2,152557.03,166126.46,63486.3
Belgium,BEL,1990,46073,194470.64,172780.66,185059.14,682660.29,75709.33,50302.9,252201.78,657046.77,104987.87,230894.86,95651.55
Belgium,BEL,1991,46189.37,194686.16,174356.33,187052.22,664342.76,75978.37,51937.52,254189.27,656959.98,105467.51,233514.64,96414.02
Belgium,BEL,1992,47278.45,194883.72,176502.78,188601.62,652727.55,76356.39,53478.53,256383.98,661242.45,107429.03,234221.64,98616.26
Belgium,BEL,1993,47890.99,195172.04,179708.07,190445.87,643063.26,76524.24,55174.22,258584.01,661889.53,109330.84,233017.32,100761.84
Belgium,BEL,1994,48863.32,195478.46,179878.79,191543.71,629626.21,76675.67,56579.39,260583.82,660493.2,111200.53,230256.32,102134.93
Belgium,BEL,1995,49711.8,195856.49,181818.98,192941.46,622109.8,76814.03,57280.61,262351.96,659613.26,112850.27,227191.81,103652.83
Belgium,BEL,1996,50101.36,196230.05,180498.77,194601.11,614145.4,76890.84,58327.54,263486.9,648451.64,114042.85,225233.82,104602.9
Belgium,BEL,1997,51060.8,196477.06,178156.73,197856.52,602445.92,77003.57,59058.97,265050.92,645085.32,116190.59,224663.73,105895.79
Belgium,BEL,1998,51234.2,196871.39,176046.16,201146.32,597187.41,77052.15,59972.72,265959.25,642079.54,118028.64,223745.64,107170.73
Belgium,BEL,1999,51376.32,197404.2,173461.36,204719.6,589122.31,77461.04,61093.53,267042.77,637705.17,118935.06,223004.51,110083.75
Belgium,BEL,2000,51763.17,198289.67,170907.13,208569.42,581630.11,77953.7,62512.92,268437.01,630912.32,120383.36,224820.44,109651.65
Belgium,BEL,2001,51687.62,199451.86,169666.14,210620.29,569140.15,78293.31,63065.98,269606.76,626027.09,120783.37,225639.88,110324.22
Belgium,BEL,2002,51692.51,200824.89,170832.43,213071.73,566150.56,78670.49,62937.53,270752.29,625812.34,122071.59,226872.96,112612.61
Belgium,BEL,2003,51191.5,202144.16,171469.62,215065.93,558690.45,79002.31,62919.6,271941.47,619701.15,122537.23,228900.6,114791.89
Belgium,BEL,2004,50220.72,203678.17,168908.51,216128.33,537992.9,79210.29,62919.91,273212.45,614933.87,121267.98,230257.47,115598.19
Belgium,BEL,2005,50361.75,205411.93,169191.97,218974.17,527604.21,79524.38,63548.82,275204.05,614392.72,121730.51,232617.2,117402.27
Belgium,BEL,2006,49877.45,207847.85,167569.28,221768.5,512638.14,79880.04,64330.02,277814.93,606704.91,120823.24,234435.76,118648.35
Belgium,BEL,2007,50864.69,211116.55,169007.04,225413.65,508860.1,80285.64,65563.96,281077.35,608129.42,122142.27,235346.44,121219.65
Belgium,BEL,2008,52841.77,214521.6,171706.78,229789.79,510852.12,80865.98,67159.41,284544.22,599323.36,124786.86,235581,124855.39
Belgium,BEL,2009,51819.37,217673.57,170247.98,231589.99,496687.45,81300.64,67723.93,287907.09,625021.45,122899.96,235349.41,126324.53
Belgium,BEL,2010,50947.43,219849.02,169482.46,234395.84,484875.91,81779.25,68371.68,290999.41,637887.66,121306.33,236330.43,127784.66
Belgium,BEL,2011,51296.97,221280.1,169538.64,237586.48,478295.76,82334.78,68842.06,294229.98,644137.03,121660.75,237616.77,129449.09
Belgium,BEL,2012,51898.05,222474.54,170815.84,241111.67,476233.82,82888.71,69525.9,297723.63,653248.06,122464.41,239818.72,131516.47
Belgium,BEL,2013,51567.6,223378.36,170600.72,243725.22,470426.22,83376.55,70225.9,301118.78,656170.95,121679.44,240774.98,132490.56
Belgium,BEL,2014,50501.24,224231.77,168421.41,245256.44,457043.1,83856.73,70604.61,304125.83,648338.61,119448.95,241154.75,132527.51
Belgium,BEL,2015,51073.44,225058.98,170622.71,248741.82,461398.36,84339.25,71229.52,306790.61,651468.48,120861.86,242184.61,134704.13
Belgium,BEL,2016,49963.2,225895.97,170571.56,251036.31,455257.23,84919.82,72085.24,308538.75,644702.39,119855.3,242925.83,135605.08
Belgium,BEL,2017,49980.91,226656.77,172899.37,253948.85,463011.2,85384.48,73060.66,310241.96,647370.41,120654.01,244092.53,138097.77
Belgium,BEL,2018,49829.6,227470.74,175132.81,256196.76,470437.24,85874.57,73394.14,312994.1,650211.5,120805.15,244630.42,141729.93
Belgium,BEL,2019,49978.41,228174.53,178071.33,258119.55,479033.98,86410.35,73672.93,316521.24,656837.53,120784.83,244261.52,146554.83
Belize,BLZ,1990,647.86,2621.19,1246.95,1769.72,5092.4,1017.23,436.11,1782.99,2675.15,1693.46,5051.9,2162.69
Belize,BLZ,1991,680.24,2695.38,1291.17,1838.89,5061.89,1041.68,459.64,1849.83,2776.08,1749.02,5095.63,2247.12
Belize,BLZ,1992,703.41,2775.16,1329.12,1900.16,5135.55,1065.58,478.7,1918.57,2851.35,1769.42,5032.22,2323.31
Belize,BLZ,1993,718.09,2859.41,1356.85,1960.03,5279.79,1090.81,500.33,1989.2,2896.75,1780.53,4976.41,2418.88
Belize,BLZ,1994,741.72,2951.9,1398.65,2020.73,5492.43,1116.94,524.32,2063.72,3016.3,1803.93,4889.41,2555.9
Belize,BLZ,1995,810.74,3047.44,1477.15,2110.19,5869.78,1145.53,560.02,2144.84,3260.45,1908.55,4929.38,2812.77
Belize,BLZ,1996,884.69,3149.58,1549.9,2193.34,6293.66,1174.28,592.27,2227.8,3536.17,2014.93,4963.81,3063.51
Belize,BLZ,1997,962.61,3257.86,1652.19,2279.42,6781.97,1204.94,631.56,2318.52,3894.65,2136.63,5011.57,3406.68
Belize,BLZ,1998,1021.61,3373.93,1744.09,2357.92,7200.61,1235.55,672.16,2400.13,4203.76,2233.58,5109.93,3712.28
Belize,BLZ,1999,1086.66,3492.63,1817.79,2428.49,7542.47,1267.71,712.78,2489.86,4427.8,2337.57,5219.32,4032.22
Belize,BLZ,2000,1119.29,3617.73,1850.88,2496.65,7793.53,1301.48,747.19,2580.58,4601.12,2398.84,5334.7,4330.21
Belize,BLZ,2001,1147.62,3750.53,1869.64,2563.39,7311.03,1338.17,775.23,2690,4701.7,2452.33,5505.43,4494.59
Belize,BLZ,2002,1140.48,3888.92,1874.66,2636.52,7079.84,1377.78,797.59,2804.55,4729.32,2456.26,5556.64,4606.13
Belize,BLZ,2003,1149.18,4036.68,1925.79,2725.41,7041.17,1421.33,819.69,2928.42,4825.81,2491.9,5654.97,4828.01
Belize,BLZ,2004,1184.29,4188.78,2000.85,2818.6,7098.77,1467.27,848.56,3057.75,4990.58,2566.89,5796.53,5133.01
Belize,BLZ,2005,1210.04,4346.75,2058.03,2909.01,7115.1,1515.59,877.24,3196.65,5149.37,2630.66,5904.91,5421.53
Belize,BLZ,2006,1246.81,4507.75,2121.33,3005.52,7256.31,1564.15,909.56,3335.1,5366.13,2711.72,5980,5705.13
Belize,BLZ,2007,1276.71,4669.42,2173.02,3100.34,7356.07,1612.21,952.9,3477.17,5504.68,2773.72,6050.6,5852.81
Belize,BLZ,2008,1290.31,4833.28,2207.14,3187.7,7329.01,1661.17,997.21,3622.52,5569.86,2812.11,6079.5,5980.04
Belize,BLZ,2009,1332.6,5002.59,2270.21,3289.25,7604.71,1711.1,1040.04,3777.57,5773.96,2894.81,6186.43,6275.94
Belize,BLZ,2010,1388.28,5178.57,2360.25,3421.97,7936.92,1761.36,1084.07,3943.33,6110.01,3008.56,6343.74,6662.25
Belize,BLZ,2011,1460.73,5361.83,2413.92,3539.78,8138.8,1811.23,1129.27,4111.82,6340.08,3123.45,6465.71,6922.28
Belize,BLZ,2012,1499.76,5551.76,2449.56,3651.31,8275.14,1858.9,1178.78,4280.98,6502.46,3190.48,6483.89,7140.3
Belize,BLZ,2013,1578.84,5744.61,2517.64,3770.77,8560.9,1907.11,1227.82,4456.87,6725.14,3318,6607.44,7466.67
Belize,BLZ,2014,1695.63,5936.2,2621.69,3905.81,8980.96,1955.99,1281.58,4646.45,7036.04,3497.48,6732.39,7845.04
Belize,BLZ,2015,1817.83,6128.53,2736.09,4028.77,9347.25,2002.67,1334.18,4829.6,7322.44,3679.22,6872.2,8201.54
Belize,BLZ,2016,1948.51,6321.18,2837.58,4164.1,9738.48,2047.96,1373.63,5009.22,7590.64,3884.89,7025.26,8563.27
Belize,BLZ,2017,1999.05,6513.42,2934.32,4313.7,10157.4,2092.04,1406.45,5194.4,7919.9,3998.06,7154.67,8921
Belize,BLZ,2018,2079.55,6705.87,3039.95,4459.06,10704.66,2135.56,1445.58,5388.41,8324.7,4145.02,7314.78,9393.85
Belize,BLZ,2019,2149.04,6895.58,3128.31,4596.06,11134.6,2178.83,1487.65,5585.85,8654.24,4274.04,7457.79,9807.77
Benin,BEN,1990,40005.91,58867.42,49496.96,51998.48,156598.72,23904,5010.14,35401.53,68707.62,80067.15,321915.8,46489.81
Benin,BEN,1991,41170.79,61020.97,50219.11,54083.26,159872.47,24735.74,5224.91,36733.98,70524.26,82340.11,328211.75,48072.88
Benin,BEN,1992,42291.04,63282.7,50769.33,56048.86,162908.56,25570.62,5442.08,38125.92,72292.58,84545.1,333640.14,49637.17
Benin,BEN,1993,43494.37,65586.44,51276.93,58034.21,166078.27,26420.79,5656.74,39568.12,74248.31,86828,337916.89,51241.14
Benin,BEN,1994,45117.12,67917.56,52102.49,60174.41,171040.11,27287.43,5898.39,41062.26,76953.12,89766.16,342828.07,53392.35
Benin,BEN,1995,46611.47,70305.24,52690.45,62245.79,175546.15,28174.1,6144.01,42501.76,79439.13,92404.12,346354.18,55451.67
Benin,BEN,1996,48025.58,72807.01,53260.18,63986.59,181124.74,29033.37,6390.12,44050.66,81899.95,94985.04,349758.46,57575.46
Benin,BEN,1997,49187.98,75368.39,53468.2,65419.17,184505.52,29930.43,6628.55,45622.15,83876.72,97287.58,353525.8,59447.14
Benin,BEN,1998,50482.79,78056.18,53836.86,66675.66,188955.56,30874.28,6895.57,47289.14,86208.75,99732.1,356818.95,61533.7
Benin,BEN,1999,51360.99,80819.24,54208.68,68032.58,193294.93,31830.05,7153.91,48995.42,88404.64,101581.88,360642.85,63443.19
Benin,BEN,2000,52733.21,83642.72,55206.44,70164.4,198192.05,32837.61,7440.07,50697.24,91364.59,103971.49,367696.14,65904.56
Benin,BEN,2001,53525.1,86612.85,55956.23,72150.23,200425.91,33807.29,7742.83,52534.15,93639.78,104651.51,370163.7,67816.59
Benin,BEN,2002,54664.72,89679.1,57675.57,74987.5,204929.55,34977.23,8084.24,54445.23,97549.24,107501.9,386921.46,70761.32
Benin,BEN,2003,55469.6,92888.9,58755.7,77157.64,207552.79,36076.37,8446.56,56503.69,100423.92,108735.5,388687.62,73027.89
Benin,BEN,2004,56568.05,96221.89,60293.26,79926.2,211146.88,37315.52,8812.09,58609.22,104464.23,111122.38,403718.41,75879.14
Benin,BEN,2005,57157.3,99668.37,61183.92,82359.43,213412.39,38549.52,9162.22,60732.97,107308.24,112059.76,411678.39,78067.38
Benin,BEN,2006,57632.66,103153.74,62414.43,85237.4,217382.43,39905.39,9527.9,63015.72,110705.14,113415.46,421843.08,80851.8
Benin,BEN,2007,58342.18,106795.09,63598.68,87896.95,220757.64,41302.32,9894.53,65404.52,114090.4,114993.18,429481.73,83807.42
Benin,BEN,2008,59476.04,110605.92,65401.3,90793.07,227605.75,42741.83,10305.39,67908.37,118316.31,117251.11,439871.69,86626.94
Benin,BEN,2009,61559.66,114569.24,67746.4,94287.48,236408.48,44299.5,10738.29,70575.48,124073.42,121246.06,455470.75,90442.94
Benin,BEN,2010,63565.96,118745.21,70021.53,97967.51,244591.52,45889.55,11201.61,73280.75,129830.48,125279.21,472718.67,94117.09
Benin,BEN,2011,64748.78,123147.39,72269.77,101626.94,253720.78,47543.78,11695.66,76137.8,135515.62,129308.2,488331.84,97765.48
Benin,BEN,2012,65503.62,127686.09,74343.19,105505.19,262085.39,49269.76,12185.93,79040.81,140672.97,132962.69,506229.8,100924.08
Benin,BEN,2013,66046.78,132474.29,76027.46,108871.5,269131.35,50986.6,12695.9,82070.5,144755.84,135641.32,512857,103659.61
Benin,BEN,2014,66672.67,137400.92,77403.52,112032.76,275370.92,52726.89,13229.97,85241.98,148439.03,137982.15,513751.76,106536.16
Benin,BEN,2015,67410.08,142440.04,79338.24,116430.56,285383.93,54599.16,13721.51,88510.69,153412.63,141695.79,535930.84,109864.7
Benin,BEN,2016,68792.93,147667.11,81604.97,121249.99,292499.45,56403.15,14240.2,91888.6,158975.71,145488.84,543361.71,113601.85
Benin,BEN,2017,71028.14,153081.38,83895.68,125800.92,300448.01,58200.93,14806.29,95405.62,164630.81,149418.52,546651.36,117262.11
Benin,BEN,2018,70811.11,158808.34,84756.21,128802.86,303173.24,59879.04,15359.4,99131.3,166557.78,148286.11,533573.48,119051.9
Benin,BEN,2019,72098.96,164759.89,86780.31,132707.7,310211.04,61726.86,16070.63,103108.84,171621.13,150261.87,532325.07,122710.79
Bermuda,BMU,1990,273.08,1168.54,380.69,795.21,4218.65,301.28,230.85,1035.2,3009.19,656.4,1095.45,946.36
Bermuda,BMU,1991,269.05,1174.87,382.42,800.83,4090.58,303.16,235.29,1055.08,3005.84,654.47,1104.79,956.38
Bermuda,BMU,1992,260.08,1181.81,378.65,803.77,3913.57,305.07,238.54,1073.52,2950.91,642.51,1106.07,955.07
Bermuda,BMU,1993,257.63,1188.34,384.8,811.63,3877.39,307.33,242.98,1092.52,2969.95,640.4,1102.46,974.41
Bermuda,BMU,1994,251.44,1194.6,387.53,817.36,3801,309.35,255.85,1111.51,2948.25,632.49,1090.1,977.68
Bermuda,BMU,1995,238.88,1201.6,386.3,821.89,3652.98,311.16,270.3,1130.6,2891.25,615.28,1082.47,972.3
Bermuda,BMU,1996,231,1208.46,392.68,830.55,3648.8,312.54,275.78,1149.64,2915.67,607.33,1064.13,989.88
Bermuda,BMU,1997,221.17,1215.75,393.53,837.83,3448.54,316.53,290.16,1170.24,2882.28,595.51,1050.37,984.9
Bermuda,BMU,1998,212.12,1222.32,397.73,846.09,3333.49,319.33,298.77,1190.68,2881.74,585.59,1038.57,989.07
Bermuda,BMU,1999,203.47,1229.09,400.11,854.29,3290.26,321.91,304.76,1210.66,2891.87,577.18,1034.11,1000.76
Bermuda,BMU,2000,193.52,1236.09,401.5,863.93,3223.79,324.27,307.31,1229.82,2924.23,567.7,1034.17,1027.56
Bermuda,BMU,2001,186.09,1242.6,402.47,870.26,3101.04,326.2,306.87,1249.89,2896.89,558.25,1033.63,1034.6
Bermuda,BMU,2002,183.48,1248.48,404.15,880.48,3012.86,328.41,301.52,1270.75,2931.03,555.13,1034.82,1056.58
Bermuda,BMU,2003,181.6,1253.49,407.91,891.25,2946.9,330.54,296.94,1291.43,2940.95,552.94,1040.8,1078.09
Bermuda,BMU,2004,181.27,1257.89,408.23,898.99,2930.97,332.07,292.85,1310.76,2928.23,552.85,1047.56,1097.13
Bermuda,BMU,2005,181.11,1262.03,411.53,911.17,2930.37,334.02,291.65,1330.89,2944.1,553.52,1058.81,1118.05
Bermuda,BMU,2006,180.87,1264.9,413.41,924.15,2944.03,335.88,289.51,1350.03,2994.07,555.64,1067.51,1137.76
Bermuda,BMU,2007,179.43,1265.64,416.58,937.93,2932.91,337.5,288.81,1369.61,3014.13,554.49,1071.61,1148.46
Bermuda,BMU,2008,178.68,1266.05,419.96,955.44,2899.32,339.19,287.27,1388.68,3070.17,556.18,1076.69,1169.81
Bermuda,BMU,2009,177.3,1266.01,421.99,971.74,2884.88,340.78,283.79,1407.27,3123.41,556.56,1080.18,1190
Bermuda,BMU,2010,177.39,1267.31,425.1,988.01,2862.97,342.23,281.05,1424.75,3170.47,558.21,1083.45,1215.54
Bermuda,BMU,2011,173.75,1268.76,425.27,1000.93,2926.24,343.56,275.6,1442.28,3187.65,553.05,1082.38,1236.73
Bermuda,BMU,2012,174.87,1270.12,428.83,1014.67,2974.9,344.6,270.87,1459.81,3235.52,555.42,1083.36,1266.87
Bermuda,BMU,2013,176.91,1270.33,435.33,1027.61,3050.29,345.57,266.92,1476.39,3277.31,560.38,1086.08,1299.49
Bermuda,BMU,2014,180.73,1270.21,442.97,1039.74,3110.31,346.29,261.48,1491.65,3335.83,566.87,1089.34,1330.26
Bermuda,BMU,2015,183.19,1268.06,449.84,1054.84,3159.54,346.93,257.51,1505.91,3367.73,571.78,1092.87,1362.38
Bermuda,BMU,2016,186.33,1265.08,459.23,1072.95,3217.16,347.49,256.58,1516.14,3413.84,581.23,1096.76,1396.39
Bermuda,BMU,2017,186.88,1261.72,465.19,1092.55,3282.48,347.76,255.84,1526.11,3478.11,586.49,1098.07,1427.27
Bermuda,BMU,2018,188.61,1259.47,469.49,1109.46,3342.05,348.03,254.65,1537.65,3540.17,591.51,1101.71,1465.78
Bermuda,BMU,2019,189.97,1258.2,472.98,1125.29,3392.17,348.23,252.99,1549.71,3595.04,595.11,1103.14,1509.55
Bhutan,BTN,1990,4716.23,8207.31,8995.84,5685.19,17118.87,3055.92,1538.36,6294.92,7808.68,9727.06,19947.95,4258.43
Bhutan,BTN,1991,4706.65,7954.76,9077,5535.02,17365.84,2954.36,1486.79,6248.56,7893.69,9610.2,19162.86,4338.43
Bhutan,BTN,1992,4679.6,7827.02,9129.29,5439.81,17575.02,2892.14,1461.07,6268.28,7904.76,9476.57,18257.99,4406.48
Bhutan,BTN,1993,4733.1,7879.86,9239.53,5476.32,17946.15,2898.36,1476.14,6391.05,8024.41,9503.23,17942.75,4525.59
Bhutan,BTN,1994,4806.5,8001.57,9348.47,5562.05,18341.4,2934.53,1508.6,6555.85,8151.37,9572.63,17769.71,4655.65
Bhutan,BTN,1995,4925.69,8170.01,9488.79,5693.54,18826.06,2988.43,1551.96,6747.23,8358.71,9720.81,17830.28,4819.16
Bhutan,BTN,1996,5016.91,8353.07,9545.4,5849.48,18977.94,3048.71,1595.39,6955.55,8508.58,9805,18154.49,4944.11
Bhutan,BTN,1997,5190.41,8550.75,9766.17,6038.34,19552.77,3112.25,1649.46,7182.39,8825.38,10029.94,18619.07,5170.3
Bhutan,BTN,1998,5321.69,8729.11,9950.14,6191.58,20004.96,3164.09,1703.42,7406,9047.54,10162.33,18784.44,5358.84
Bhutan,BTN,1999,5236.09,8885.61,9947.5,6219.09,19934.4,3189.74,1744.14,7622.6,8866.01,9912.5,18018.26,5418.99
Bhutan,BTN,2000,5447.83,9028.79,10220.28,6403.71,20666.44,3231.28,1797.06,7831.02,9268.41,10166.29,18360.92,5724.49
Bhutan,BTN,2001,5441.65,9160.53,10290.72,6494.82,20826.88,3257.61,1853.7,8037.66,9297.9,10062.75,18159.87,5894.06
Bhutan,BTN,2002,5382.3,9278.28,10339.88,6546.19,20930,3273.11,1923.86,8248.15,9259.13,9890.1,17647.53,6036.02
Bhutan,BTN,2003,5448.39,9385.14,10494.55,6661.44,21365.7,3293.03,2003.11,8463.78,9491.79,9928.55,17602.38,6294.89
Bhutan,BTN,2004,5436.82,9478.28,10574.04,6724.02,21611.98,3297.33,2071.35,8667.36,9594.19,9851.21,17230.78,6508.12
Bhutan,BTN,2005,5417.11,9585.51,10677.5,6759.96,21922.49,3303.54,2129.31,8880.85,9659.78,9772.6,16636.78,6701.84
Bhutan,BTN,2006,5359.84,9731.73,10774.46,6786.82,22122.52,3318.16,2186.71,9122.99,9625.66,9640.63,15777.69,6861
Bhutan,BTN,2007,5531.84,9919.87,10999.56,7035.67,22609.84,3377.51,2263.74,9400.59,10144.85,9896.4,16721.17,7191.72
Bhutan,BTN,2008,5592.9,10147.52,11197.42,7187.15,22995.3,3432.15,2352.18,9713.07,10387.33,9967.32,16626.03,7403.31
Bhutan,BTN,2009,5660.28,10407.06,11405.23,7338.47,23461.93,3486.94,2450.75,10046.28,10625,10046.8,16374.82,7641.27
Bhutan,BTN,2010,5731.83,10681.81,11584.98,7516.86,23890.63,3546.98,2545.65,10389.38,10928.16,10144.34,16302.63,7912.69
Bhutan,BTN,2011,5778.35,10954.69,11771.37,7680.08,24309.42,3596.07,2627.61,10729.41,11197.95,10204.43,16111.27,8198.5
Bhutan,BTN,2012,5774.11,11179.28,11929.46,7788.55,24702.11,3622.33,2691.53,11042.71,11402.38,10199.99,15733.26,8480.7
Bhutan,BTN,2013,5799.75,11356.93,12095.58,7886.77,25088.32,3633.06,2737.63,11320.54,11666.47,10231.26,15523.23,8793.11
Bhutan,BTN,2014,5816.32,11509.97,12262.75,7969.49,25462.91,3634.51,2777.53,11587.79,11920.35,10247.95,15266.64,9119.91
Bhutan,BTN,2015,5831.07,11641.91,12427.14,8044.24,25897.4,3629.83,2816.05,11846.11,12183.72,10260.2,15027.33,9432.36
Bhutan,BTN,2016,5851.32,11731.85,12557.64,8097.94,26252.62,3615.46,2877.62,12073.65,12430.81,10274.15,14727.29,9753.7
Bhutan,BTN,2017,5885.62,11792.03,12687.34,8134.39,26662.06,3592.41,2922.44,12289.36,12668.86,10330.76,14395.61,9987.29
Bhutan,BTN,2018,5886.65,11885.97,12866.33,8181.84,27108.22,3566.37,2861.54,12497.25,12986.03,10323.89,14191.89,10263.33
Bhutan,BTN,2019,5871.83,12023.19,13059.13,8221.93,27525.27,3537.49,2705.38,12713.76,13234.75,10298.38,13910.1,10523.86
Bolivia,BOL,1990,51241.29,102866.03,86366.34,65208.87,218294.01,38848.65,24770.89,66574.76,172934.17,162793.03,232922.9,84578.28
Bolivia,BOL,1991,52364.77,105625.59,85947.11,66124.31,221366.38,39823.98,25344.2,68746.3,177569.81,163473.52,235443.31,87321.76
Bolivia,BOL,1992,53653.35,108565.55,85468.85,67153.43,224959.35,40836.7,25961.65,71115.27,183145.25,164373.35,237759.1,90533.11
Bolivia,BOL,1993,54804.53,111729.57,85176.17,68251.74,229092.74,41930.53,26634,73662.23,188694.71,164765.39,239527.04,94053.54
Bolivia,BOL,1994,55721.87,115158.98,84678.12,69426.35,230465.83,43061.87,27272.9,76384.84,193132.44,164629.28,242363.24,97080.13
Bolivia,BOL,1995,57006.94,118697.45,84574.57,70815.68,233509.97,44241.44,28125.62,79248.65,198890.45,164823.16,245181.88,100984.39
Bolivia,BOL,1996,57870.31,122335.57,84079.35,72072.21,233996.87,45477.4,28893.78,82326.75,203082.78,164046.85,248386.5,104519.38
Bolivia,BOL,1997,60136.02,126153.11,83851.25,73853.85,238636.91,46679.87,30042.18,85687.41,211473.64,165487.79,253084.04,110148.62
Bolivia,BOL,1998,61546.54,130018.26,82999.97,75347.63,240148.06,47905.81,31039.86,89138.06,216637.63,165142.29,257002.45,114752.12
Bolivia,BOL,1999,62605.85,133888.11,82349.14,76837.22,241828.36,49121.06,31977.37,92677.3,221381.69,164181.69,260476.73,119546.59
Bolivia,BOL,2000,63314.71,137944.94,81971.81,78572.56,243308.24,50338.32,32834.24,96315.09,227542.03,163554.86,266464.46,124580.44
Bolivia,BOL,2001,64082.89,141876.98,81492.52,80117.8,243585.97,51497.59,33380.18,99940.01,232051.89,162488.09,272150.46,128802.08
Bolivia,BOL,2002,65033.16,145816.51,81177.41,81869.28,246021.37,52621.95,33951.25,103746.8,238298.63,162023.98,277321.97,134107.6
Bolivia,BOL,2003,65851.65,149668.78,80836.66,83448.38,247890.19,53709.03,34392.27,107564.33,242672.66,161450.46,281466.96,138723.97
Bolivia,BOL,2004,66499.39,153460.32,80681.42,85128.23,249995.57,54767.01,34813.67,111335.35,247346.96,161018.3,284878.25,142866.23
Bolivia,BOL,2005,67200.75,157282.1,80832.27,86898.98,254375.05,55756.73,35331.69,115092.04,252601.77,161168.61,287094.84,147416.07
Bolivia,BOL,2006,68139.44,161058.15,81281.7,88803.29,258932.22,56746.39,35916.24,118801.75,257805.31,161503.06,290507.11,151597.44
Bolivia,BOL,2007,69556.93,164832.32,82326.12,91005.59,265762.07,57723.12,36628.49,122598.74,266200.17,162986.05,295834.88,157296.59
Bolivia,BOL,2008,70748.35,168509.42,83370.85,93083.66,271943.8,58712.62,37331.21,126303.28,272855.81,164317.07,300202.99,162833.98
Bolivia,BOL,2009,72013.12,172255.88,84461.31,95126.04,278371.61,59637.92,37962.03,130074.65,279566.58,165725.27,303204.54,168467.45
Bolivia,BOL,2010,73106.37,176045.41,85492.37,97162.01,284720.1,60620.41,38712.97,133783.71,286614.8,166981.84,306290.64,174441.1
Bolivia,BOL,2011,74530.5,179930.6,86496.42,99255.19,291986.31,61614.29,39343.55,137493.89,294567.64,168727.3,309747.07,181485.52
Bolivia,BOL,2012,75990.4,183859.68,87385.09,101168.65,298756.69,62654.41,39894.13,141195.49,302096.75,170596.85,312850.64,189021.37
Bolivia,BOL,2013,77441.14,187808.58,88511.76,103098.89,306227.05,63742.97,40402.99,144852.99,309340.31,172635.2,315626.77,195775.51
Bolivia,BOL,2014,78380.79,191783.2,90092.2,104860.69,313332.61,64803.47,40921.42,148551.99,313952.71,174397.68,315538.21,201876.76
Bolivia,BOL,2015,80377.13,195671.65,91295.76,107134.81,320039.44,65945.25,41644.63,152497.86,323606.64,177238.09,316109.23,208710
Bolivia,BOL,2016,83356.37,199342.95,92927.81,110151.59,326972.53,67022.19,42350.18,156804.09,337033.9,181181.54,316896.16,216088.66
Bolivia,BOL,2017,85463.97,203260.68,95043.11,112791.99,333809.21,68150.4,42929.99,161206.54,346098.72,184549.41,316402,222114.67
Bolivia,BOL,2018,87482.69,207061.63,96681.9,115440.91,340754.47,69303.37,43600.03,165454.89,356124.45,187395.05,313434.13,229712.62
Bolivia,BOL,2019,89407.22,210818.76,98267.21,118131.78,347286.5,70508.4,44201.74,169661.35,365563.49,190292.76,312052.38,237818.3
Bosnia and Herzegovina,BIH,1990,23854.06,71447.95,37307.18,54379.01,307275.49,19928.81,23800.79,62806.78,165708.91,50718.12,67519.23,39799.1
Bosnia and Herzegovina,BIH,1991,25726.07,71262.46,39360.46,55757.89,339272.49,19742.38,25186.51,63223.44,180229.57,53718.85,67310.87,43015
Bosnia and Herzegovina,BIH,1992,25845.09,69352.64,39142.64,54836.88,343042.02,19069.13,24690.03,62647.29,181194.62,53755.55,66046.6,44044.41
Bosnia and Herzegovina,BIH,1993,25971.17,67316.35,39375.94,53530.39,348922.86,18384.47,24260.55,61936.76,182189.71,53737.14,64176.29,44914.24
Bosnia and Herzegovina,BIH,1994,25822.46,65133.7,39365.37,52349.07,352071.02,17657.75,23627.65,61105.25,181863.84,53302.47,62228.91,45647.35
Bosnia and Herzegovina,BIH,1995,25400.91,62664.62,39220.4,51015.17,352642.9,16863.88,22764.61,60079.22,180874.38,52376.49,59892.23,46163.45
Bosnia and Herzegovina,BIH,1996,24440.59,62549.39,38743.18,50954.21,347378.82,16755.61,22301.33,60438.83,180138.35,50669.48,59040.41,46898.55
Bosnia and Herzegovina,BIH,1997,23722.1,64635.55,38470.96,52306.71,344078.8,17280.8,22389.78,62191.67,182279.71,49565.61,59825.73,48455.91
Bosnia and Herzegovina,BIH,1998,22425.33,66391.69,37208.54,53112.22,325073.53,17706.16,22079.99,63752.17,179222,47475.55,59993.62,48868.19
Bosnia and Herzegovina,BIH,1999,21820.93,66798.14,36996.36,53648.1,323211.04,17784.23,21618.82,64627.29,182715.04,46471.37,59574.31,51197.15
Bosnia and Herzegovina,BIH,2000,21521.1,66469.99,37343.06,54156.16,327840.14,17656.98,20789.65,65092.57,189210.44,46045.85,59306.58,54500.8
Bosnia and Herzegovina,BIH,2001,20829.59,66236.11,37821.15,54745.29,337254.32,17575.17,19577.15,65570.12,194389.58,45288.17,58485.5,58977.82
Bosnia and Herzegovina,BIH,2002,20191.67,66418.66,38256.22,55171.86,342941.75,17630.04,18629.28,66307.89,200875.49,44750.76,59730.06,64292.29
Bosnia and Herzegovina,BIH,2003,19454.78,66671.17,38244.48,55304.57,340795.71,17716.26,17931.77,67041.89,204217.33,43951.33,59549.45,68781.64
Bosnia and Herzegovina,BIH,2004,18616.05,66120.57,37762.46,55170.56,336709.5,17589.26,17217.47,67306.04,206085.58,42885.66,59422.74,72891.18
Bosnia and Herzegovina,BIH,2005,18643.05,64967.26,38341.26,55256.2,344137.12,17286.84,16781.74,67211.02,214756.15,43013.13,59120.21,77675.82
Bosnia and Herzegovina,BIH,2006,17961.4,64237.24,37525.93,55085.05,336606.51,17107.95,16257.96,67373.88,214486.46,42077.02,58318.85,80168.89
Bosnia and Herzegovina,BIH,2007,18359.62,63394.92,38297.35,55432.82,349494.37,16927.91,15999.98,67529.82,225492.77,42772.42,56560.77,85485.23
Bosnia and Herzegovina,BIH,2008,17234.49,62104.5,36682.79,54527.37,329422.88,16613.1,15243.23,67286.04,216253.64,40953.06,54083.83,84785.55
Bosnia and Herzegovina,BIH,2009,16938.66,60832.72,36407.8,54192.01,328380.03,16307.67,14736.77,67059.06,216874.36,40446.71,51793.19,87028.46
Bosnia and Herzegovina,BIH,2010,16515.95,59668.96,35996.27,54058.67,325598.28,16025.09,14296.25,66809.38,215696.79,39765.59,50393.31,88482.49
Bosnia and Herzegovina,BIH,2011,16243.73,58694.59,35886.47,54040.08,326360.02,15776.99,14038.14,66642.24,214909.46,39278.18,49710.69,89586.53
Bosnia and Herzegovina,BIH,2012,16057.94,57823.94,35334.3,54037.75,321176.83,15597.88,13930.56,66598.63,213235.05,39125.47,49960.59,90294.98
Bosnia and Herzegovina,BIH,2013,16217.99,56945.49,35212.58,54150.23,322378.32,15431.35,13907.89,66527.98,216135.71,39417.98,50537.17,92089.08
Bosnia and Herzegovina,BIH,2014,16231.19,56050.93,35057.15,54185.08,323235.78,15230.15,13820.3,66416.02,217418.9,39473,50452.36,93613.92
Bosnia and Herzegovina,BIH,2015,16313.11,55234.55,34970.87,54563.5,331771.75,15018.93,13625.92,66188.78,221253.55,39847.79,50772.7,95248.35
Bosnia and Herzegovina,BIH,2016,16049.74,54477.33,34095.55,54529.47,326698.22,14813.27,13281.91,65904.56,219196.96,39636.93,50367.11,94126.84
Bosnia and Herzegovina,BIH,2017,15921.22,53794.3,33963.36,54452.42,325614.59,14602.79,13014.59,65715.47,218754.6,39278.55,49468.52,93835.61
Bosnia and Herzegovina,BIH,2018,15882.77,53193.41,33985.87,54383.25,328003.93,14396.39,12931.57,65816.02,219880.4,39105.1,48793.37,94881.42
Bosnia and Herzegovina,BIH,2019,15755.99,52708.26,33918.74,54275.68,328391.75,14194.08,12944.08,66210.67,219987.75,38768.12,48132.61,96060.81
Botswana,BWA,1990,8250,17042.7,15417.06,11164.54,44940.89,5967.88,4438.54,10522.56,22041.67,17709.67,24709.46,14489.16
Botswana,BWA,1991,8722.95,17763.83,16002.73,11655.82,47270.74,6171.29,4648.46,10976.34,23535.27,18727.89,25375.63,15514.21
Botswana,BWA,1992,9303.35,18490.16,16677.21,12192.19,50207.94,6371.42,4880.77,11444.03,25318.98,19957.39,26275.46,16752.2
Botswana,BWA,1993,9895.01,19224.37,17322.6,12723.6,53290.48,6567.99,5117.3,11923.29,27101.62,21189.96,27064.4,18058.34
Botswana,BWA,1994,10622.95,19945.29,18310.25,13296.25,56963.61,6761.84,5363.92,12404.74,29184.5,22687.43,27922.11,19548.69
Botswana,BWA,1995,11339.43,20640.71,19272.05,13861.23,60568.01,6950.79,5607.62,12873.56,31222.06,24107.19,28720.18,21074.91
Botswana,BWA,1996,11918.7,21338.66,20063.61,14388.16,63644.18,7125.13,5841.3,13329.75,32961.3,25216,29427.76,22535.88
Botswana,BWA,1997,12452.34,22035.23,20719.77,14898.79,66375.61,7290.69,6052.34,13765.47,34663.23,26242.14,30157.02,23997.92
Botswana,BWA,1998,13078.63,22699.44,21514.54,15486.2,69747.09,7461.73,6261.75,14210.74,36839.69,27515.01,31286.12,25776.67
Botswana,BWA,1999,13523.2,23322.31,22036.4,15983.96,72488.85,7611.69,6435.34,14629.21,38761.59,28404.15,32192.34,27433.72
Botswana,BWA,2000,13952,23896.24,22530.5,16474.33,75417.51,7747.09,6618.09,15015.18,40789.67,29223.84,33177.17,29246.12
Botswana,BWA,2001,14179.29,24421.38,22841.86,16893.25,77648.35,7873.4,6761.94,15401.1,42389.77,29715.22,34194.17,30659.68
Botswana,BWA,2002,14223.84,24944.03,22917.6,17269.18,79207.8,7988.4,6898.89,15778.45,43634.41,29895.81,35171.15,31885.34
Botswana,BWA,2003,13948.25,25462.38,22557.41,17536.34,78963.01,8090.02,7011.09,16165.83,43876.53,29482.45,35874.92,32448.79
Botswana,BWA,2004,13491.8,26011.78,21891.41,17737.75,77113.29,8183.5,7113.01,16557.39,43135.63,28739.29,36513.49,32191.49
Botswana,BWA,2005,13051.99,26618.67,21173.3,17964.86,74578.08,8283.47,7238.59,17009.05,42129.73,27974.18,37237.43,31674.09
Botswana,BWA,2006,12991.64,27239,21016.81,18368.08,73865.41,8394.7,7412.51,17527.79,42260.3,27897.53,38169.55,31841.05
Botswana,BWA,2007,12834.42,27848.4,20631.5,18699.67,72723.82,8512.14,7580.06,18093.35,42428.35,27582.19,38859.8,31997.07
Botswana,BWA,2008,12998.31,28477.53,20727.05,19139.98,74181.15,8649.02,7798.31,18720.79,44104.61,27854.7,39770.02,33337.24
Botswana,BWA,2009,13037.14,29136.04,20840.87,19576.28,75323.94,8787.58,8014.37,19375.48,45373.28,27966.83,40743.37,34537.15
Botswana,BWA,2010,13239.57,29829.78,21169.01,20116.06,77176.01,8935.39,8240.79,20055.35,47257.31,28334.01,41938.46,36068.32
Botswana,BWA,2011,13459.19,30558.07,21413.52,20603.14,78907.37,9085.17,8462.83,20776.89,49233.29,28680.88,42895.6,37653.47
Botswana,BWA,2012,13568.88,31309.17,21578.05,21069.15,80030.77,9232.28,8657.72,21492.59,50673.03,28845.29,43901.99,38942.54
Botswana,BWA,2013,13698.38,32082.09,21822.04,21560.17,81450,9381.09,8839.46,22253.4,52419.89,29027.95,44694.7,40468.92
Botswana,BWA,2014,13878.35,32854.79,22117.93,22073.56,82930.88,9532.94,9023.6,23023.04,54277.41,29386.83,45545.05,42114.04
Botswana,BWA,2015,14109.48,33624.22,22415.05,22556.76,84511.64,9680.62,9211.74,23797.36,55827.05,29777.19,46301.08,43476.35
Botswana,BWA,2016,14226.7,34453.25,22605.08,23000.63,85583.9,9832.55,9359.77,24563,56948.76,29964.56,46924.38,44553.83
Botswana,BWA,2017,14667.8,35252.56,23049.31,23535.56,87876.74,9995.6,9537.62,25347.64,58919.86,30747.72,47834.3,46123.98
Botswana,BWA,2018,14953.75,36030.51,23531.66,24044.43,90143.54,10157.05,9822.64,26168.84,61019.31,31237.97,48740.52,47869.15
Botswana,BWA,2019,15138.4,36789.9,24044.2,24536,92157.88,10311.08,10192.04,27042.31,62882.26,31651.43,49580.41,49506.05
Brazil,BRA,1990,907970.56,2806941.3,1436484.75,1818601.16,7006215.82,919101.36,809253.75,2407573.45,3583706.51,1925884.72,5191306.78,1730460.02
Brazil,BRA,1991,903617.93,2876124.81,1452896.18,1843081.27,6912229.63,933940.31,828164.3,2486835.06,3613376.45,1931687.87,5059499.02,1749076.91
Brazil,BRA,1992,912237.09,2950285.59,1491852.21,1871938.02,6972827.32,949326.24,848570.73,2568800.54,3702582.05,1958922.59,4939223.66,1793362.3
Brazil,BRA,1993,943275.64,3026397.16,1553645.82,1906016.44,7169888.68,965156.55,872062.9,2651450.88,3855888.25,2017877.3,4853585.23,1864007.34
Brazil,BRA,1994,953712.28,3103184.02,1588383.18,1937093.52,7189260.42,980745.62,896323.48,2732083.5,3948278.01,2042803.93,4769588.57,1907756.24
Brazil,BRA,1995,962473.49,3178947.71,1625814.38,1970418.37,7199711.25,996440.83,920860.17,2811919.98,4051305.04,2067746.05,4712579.75,1955606.8
Brazil,BRA,1996,970472.3,3282195.65,1673143.16,2008440.17,7269581.93,1016101.89,953878.56,2890267.97,4189829.04,2097229,4670672.61,2005889.21
Brazil,BRA,1997,972242.61,3429035.26,1688013.43,2050041.44,7230697.11,1037833.59,997516.03,2967811.48,4287091.42,2108704.84,4629749.87,2038216.13
Brazil,BRA,1998,984075.81,3599816.22,1722030.92,2096388.02,7315083.92,1060784.86,1044465.9,3047074.21,4433413.58,2136447.78,4596246.74,2096044.07
Brazil,BRA,1999,996573.04,3769942.03,1732238.37,2145594.21,7355772.11,1082839.16,1091323.64,3127167.6,4565008.38,2169838.27,4586615.64,2155876.06
Brazil,BRA,2000,1003899.53,3914398.45,1726901.95,2197403.13,7350755.13,1101768.87,1127798.95,3209697.18,4682515.69,2197011.71,4590561.48,2207647.73
Brazil,BRA,2001,1014566.4,4043694.56,1730287.61,2252032.22,7385265.65,1118864.73,1155925.35,3295412.39,4805918.13,2234307.44,4603437.42,2264832.67
Brazil,BRA,2002,1024780.14,4179928.69,1733224.81,2309247.74,7431652.14,1135412.96,1180728.14,3385659.47,4926728.2,2270012.07,4634867.31,2331198.21
Brazil,BRA,2003,1035965.94,4313046.89,1735577.84,2367145.24,7505345.72,1151245.84,1204363.29,3477494.64,5044764.21,2308134.04,4677566.25,2405723.58
Brazil,BRA,2004,1052040.59,4434506.24,1735461.45,2423181.02,7588387.18,1166424.52,1231975.99,3569245.58,5175147.03,2352838.04,4717775.47,2485574.85
Brazil,BRA,2005,1042882.41,4532466.2,1707742.14,2472905.1,7510189.43,1180963.26,1258832.67,3660012.66,5219263.88,2362623.43,4737628.2,2528448.13
Brazil,BRA,2006,1055174.27,4590626.92,1707428.51,2529895.17,7605531.6,1194240.95,1289713.42,3741741.27,5344775.11,2400832.59,4744060.54,2589687.7
Brazil,BRA,2007,1070198.68,4612673.23,1705628.71,2585716.08,7687691.9,1203707.3,1323351.81,3806383.02,5464564.37,2437839.27,4724899.52,2656615.78
Brazil,BRA,2008,1088319.47,4617871.7,1708183.69,2641949,7797877.96,1212918.41,1357065.93,3865410.84,5597172.42,2479543.64,4692217.98,2731970.28
Brazil,BRA,2009,1101414.44,4625844.87,1721020.04,2698943.57,7904880.68,1223863.98,1385572.44,3929001.47,5731585.83,2518724.48,4664795.03,2809616.12
Brazil,BRA,2010,1113220.52,4659133.38,1738828.84,2754666.27,7980527.31,1238932.93,1414228.24,4007538.28,5852678.56,2558590.65,4664550.65,2890153.53
Brazil,BRA,2011,1125816.46,4690037.64,1759452.26,2812360.86,8067093.44,1257000.39,1440644.19,4100071.43,5983691.02,2599945.05,4676568.05,2992356.91
Brazil,BRA,2012,1121826.04,4687855.71,1766487.62,2866974.39,8057212.78,1274141.36,1462626.71,4194397.93,6067036.18,2615942.72,4673653.5,3067114.1
Brazil,BRA,2013,1125008.3,4672937.32,1787541.75,2924008.05,8118039.29,1290950.08,1486147.13,4290287.39,6179521.48,2640866.06,4663763.45,3162279.93
Brazil,BRA,2014,1118475.42,4667372.12,1801725.22,2978179.06,8157145.39,1308112.23,1504986.48,4384811.36,6257301.24,2653344.69,4641576.52,3249360.45
Brazil,BRA,2015,1118319.78,4694223.66,1834462.04,3034690.3,8271940.87,1326319.66,1520010.45,4478067.05,6380078.35,2677745.32,4626182.45,3352438
Brazil,BRA,2016,1138652.85,4746946.46,1886749.47,3113925.2,8515809.48,1345298.98,1539799.72,4563163.09,6568881.64,2733919.27,4614341.49,3487796.57
Brazil,BRA,2017,1120869.21,4801031.07,1903106.36,3183201.89,8499176.22,1359221.46,1555487.39,4645438.48,6572367.58,2725644.74,4581759.55,3553044.98
Brazil,BRA,2018,1145552.04,4857972.23,1963177.07,3231547.18,8662411.01,1371628,1552422.16,4730553.71,6680302.31,2769661.66,4543828.32,3651935.82
Brazil,BRA,2019,1170623.43,4916578.12,2042183.89,3278800.52,8861401.55,1385861.87,1519564.97,4807532.44,6834584.54,2815955.38,4527100.49,3750735.01
Brunei,BRN,1990,674.72,3159.08,2279.72,2324.06,9044.25,1568.66,754.46,3773.88,7055.28,1718.7,5591.24,4452.5
Brunei,BRN,1991,694.57,3255.85,2291.27,2381.86,9073.64,1606.85,778.02,3927.17,7110.13,1756.35,5760.9,4499.93
Brunei,BRN,1992,714.77,3350.85,2314.07,2430.2,9131.09,1646.11,801.22,4086.96,7172.12,1794.86,5818.45,4564.38
Brunei,BRN,1993,731.78,3448.83,2337.33,2483.97,9147.75,1687.47,823.53,4250.25,7216.14,1827.81,5879.45,4611.92
Brunei,BRN,1994,744.41,3548.39,2313.76,2536.6,9002.61,1729.28,845.1,4416.92,7175.83,1849.77,5916.61,4597.82
Brunei,BRN,1995,757.79,3651.8,2327.16,2589.19,8967.18,1772.39,870.94,4587.42,7193.78,1877.84,5924.52,4627.33
Brunei,BRN,1996,771.06,3758.49,2329.49,2638.77,8901.72,1817.24,909.09,4765.12,7180.75,1904.98,5945.86,4637.36
Brunei,BRN,1997,776.44,3865.23,2378.56,2684.99,8971.77,1867.72,909.2,4949.07,7280.05,1923.63,5974.07,4792.84
Brunei,BRN,1998,772.06,3972.5,2416.62,2721.76,9027.42,1917.63,904.99,5141.08,7415.88,1926.49,5986.9,4965.87
Brunei,BRN,1999,756.94,4080.07,2445.86,2769.11,9007.86,1966.1,882.51,5335.08,7602.86,1911.08,6009.18,5140.91
Brunei,BRN,2000,743.11,4186.28,2449.32,2827.92,8974.63,2010.43,857.78,5532.82,7798.83,1892.72,6109.41,5332.4
Brunei,BRN,2001,736.25,4295.51,2432.83,2886.21,8971.54,2051,853.4,5729.61,7971.56,1880.95,6143.97,5517.83
Brunei,BRN,2002,739.46,4405.32,2459.01,2957.89,9172.93,2090.4,856.99,5928.93,8312.14,1891.48,6204.76,5789.12
Brunei,BRN,2003,751.66,4510.99,2496.91,3036.17,9462.28,2127.43,862.9,6129.76,8774.92,1921.95,6259.13,6123.54
Brunei,BRN,2004,755.8,4613.78,2500.64,3106.18,9616.85,2160.11,874.08,6325.26,9201.87,1941.74,6262.42,6427.49
Brunei,BRN,2005,761.92,4717.3,2499.64,3158.94,9748.91,2191.14,884.31,6521.34,9543.91,1964.24,6249.87,6722.45
Brunei,BRN,2006,765.33,4809.25,2492.02,3213.07,9843.76,2218.32,897.65,6716.12,9884.51,1984.77,6243.3,6949.28
Brunei,BRN,2007,772.89,4897.21,2477.41,3272.75,9827.11,2245.63,907.64,6911.05,10182.18,2011.04,6285.72,7127.75
Brunei,BRN,2008,779.18,4983.59,2469.59,3314.19,9810.01,2270.49,914.18,7108.78,10430.52,2036.2,6298.73,7262.22
Brunei,BRN,2009,791.04,5070.98,2504.36,3374.6,10003.21,2293.63,928.48,7313.79,10846.94,2075.54,6361.99,7511.21
Brunei,BRN,2010,814.93,5160.46,2540.47,3454.67,10266.21,2315.96,947.26,7523.65,11363.03,2134.56,6470.42,7810.28
Brunei,BRN,2011,844.22,5255.33,2562.5,3540.91,10476.23,2336.55,966.57,7739.8,11838.85,2198.6,6634.39,8078.49
Brunei,BRN,2012,876.48,5350.16,2598.52,3634.75,10704.35,2356.58,986.61,7965.39,12331.97,2266.56,6772.05,8359.04
Brunei,BRN,2013,905.89,5445.45,2671.8,3727.91,11107.57,2377.35,1005.64,8196.06,12947.38,2340.14,6921.06,8687.18
Brunei,BRN,2014,938.24,5536.51,2723.73,3800.4,11490.23,2398.53,1022.93,8426.23,13477.34,2411.01,7032.89,8961.35
Brunei,BRN,2015,973.14,5619.71,2784.04,3868.93,11882.57,2420.44,1044.72,8652.3,14008.47,2485.47,7119.86,9238.93
Brunei,BRN,2016,1006.66,5691.15,2860.66,3934.62,12348.2,2444.02,1068.46,8838.89,14532.49,2556.69,7163.13,9400.85
Brunei,BRN,2017,1039.47,5756.1,2966.87,4008.14,12885.59,2465.62,1089.18,9022.67,15023.56,2629.21,7192.99,9645.39
Brunei,BRN,2018,1063.75,5841.05,3070.3,4071.84,13355.73,2485.61,1110.8,9243.06,15500.28,2699.28,7252.61,10006.24
Brunei,BRN,2019,1088.65,5944.47,3170.7,4131.87,13761.04,2508.49,1134.22,9492.14,15948.75,2761,7302.85,10387.2
Bulgaria,BGR,1990,67942.64,134852.83,111059.01,121267.51,1426985.05,38392.14,38688.67,160721.6,471537.04,135000,175388.33,115078.28
Bulgaria,BGR,1991,67483.73,134256.51,108454.74,122325.17,1447319.01,38094.67,38270.8,160711.83,448786.86,133785.08,173474.89,118104.12
Bulgaria,BGR,1992,71910.14,133591.36,108967.06,123605.85,1510912.4,37761.75,38747.22,160684.34,433340.91,138563.01,168568.3,122843.83
Bulgaria,BGR,1993,76048.4,132892.81,108694.85,125151.8,1582278.4,37360.47,39296.51,160637.66,402592.77,142544.91,162843.24,126655.59
Bulgaria,BGR,1994,80905.92,132242.67,109278.01,126410.95,1655804.82,36907.85,39549.02,160536.48,394197.76,148024.86,161120.64,133213.86
Bulgaria,BGR,1995,82080.18,131541,108430.96,126817.14,1698568.51,36420.54,39505.75,160384.42,383454.26,148699.18,154712.31,138167.75
Bulgaria,BGR,1996,81471.77,130667.11,108135.72,127402.09,1735838.88,35947.85,38603.61,160107.43,377151.27,147212.39,153695.23,141513.1
Bulgaria,BGR,1997,82925.64,129555.94,109495.1,128020.48,1803216.03,35476.32,37752.23,159810.06,382027.48,148095.82,151541.96,146765.85
Bulgaria,BGR,1998,80116.04,128453.5,106479.72,126724.27,1761783.11,34962.9,37012.07,159423.24,375442.91,142691.06,145402.19,145383.97
Bulgaria,BGR,1999,74994.52,127474.2,102244.7,126022.48,1705172.41,34576.61,36004.97,159312.41,368581.76,135233.48,144531.89,144555
Bulgaria,BGR,2000,74899.54,126591.88,101889.69,126178.38,1701722.22,34282.71,35095.88,159353.92,376084.73,134590.94,140945.84,146838.78
Bulgaria,BGR,2001,74363.78,125780.83,99916.08,126704.9,1670405.07,34028.96,34236.01,159470.11,384404.59,133559.62,138523.43,146976.93
Bulgaria,BGR,2002,72948.21,124921.32,96843.73,127115.53,1643712.34,33780.7,33347.61,159610.35,398291.27,131675.36,135545.51,147275.95
Bulgaria,BGR,2003,72692.18,124029.47,95218.3,127480.61,1611180.86,33570.85,32955.09,159751.61,418788.27,131325.42,133376.49,148609.35
Bulgaria,BGR,2004,73465.43,123189.82,93500.38,128347.24,1576462.8,33363.07,32770.66,159952.47,455978.1,132707.9,132501.52,149923.51
Bulgaria,BGR,2005,76385.38,122323.61,92742.08,129523.21,1567198.82,33198.67,32684.72,160158.86,486407.98,137122.18,130388.31,154247.33
Bulgaria,BGR,2006,77335.34,121440.72,91497.8,130719.84,1549668.19,32984.21,32052.52,160076.42,510925.44,138860.52,128317.34,157684.83
Bulgaria,BGR,2007,77259.06,120465.37,89425.05,131073.38,1494369.19,32754.51,31583.77,159825.14,526622.54,138725.24,125494.13,157912.2
Bulgaria,BGR,2008,77326.1,119425.75,86873.66,131053.04,1442901.25,32501.48,31048.44,159573.63,536125.85,138389.17,123275.85,157628.3
Bulgaria,BGR,2009,77283.8,118280.34,84646.14,130967.14,1407897.65,32270.51,30235.06,159293.86,541373.04,137798.9,121783.53,157056.02
Bulgaria,BGR,2010,77106.69,117018.83,82916.36,131217.79,1388282.45,32013.29,29524.2,158947.48,544661.44,137806.36,119911.19,156450.26
Bulgaria,BGR,2011,77011.7,115600.86,81881.03,131119.14,1364032.44,31710.29,28696.47,158546.61,548201.71,137537.64,116978.96,155186.48
Bulgaria,BGR,2012,76235.59,114372.39,80769.55,131062.95,1325535.68,31478.57,28067.2,158134.95,544506.08,136546.86,115216.96,153211.05
Bulgaria,BGR,2013,76481.62,113316.06,80282.05,131195.57,1295701.4,31291.61,27817.73,157987.32,541919.32,136795.6,114868.25,152108.08
Bulgaria,BGR,2014,80493.1,112415.28,81857.19,132244.24,1328539.46,31158.19,27690.58,157851.47,556954.12,141936.37,114945.17,155646.62
Bulgaria,BGR,2015,80325.42,111560.58,81958.69,132470.08,1317844.43,30995.52,27448.82,157554.56,550744.31,141087.15,113675.33,156131.92
Bulgaria,BGR,2016,80445.01,110884.46,82597.08,132615.16,1318889.36,30803.87,27286.84,157139.04,543424.28,140879.87,112593.19,156894.2
Bulgaria,BGR,2017,80288.14,110310.66,82951.01,132709.75,1317619.01,30620.24,27031.82,156678.61,537350.79,140415.52,111979.35,157447.7
Bulgaria,BGR,2018,79886.4,109556.68,83510.26,133233.18,1334786.99,30439.91,27120.82,156105.91,533352.67,139937.2,111058.11,158743.36
Bulgaria,BGR,2019,79237.73,108766.15,83661.44,133294.09,1335488.54,30211.1,27508.16,155463.28,527719.56,138907.87,109869.34,158897.44
Burkina Faso,BFA,1990,75755.69,118110.45,72471.74,94241.11,272458.36,46776.17,9343.72,74000.94,141390.97,157946.28,806919.51,95539.79
Burkina Faso,BFA,1991,75746.88,120041.88,72601.5,96172.57,272101.99,47904.48,9517.01,75661.27,141421.01,158541.15,812119.01,96637.44
Burkina Faso,BFA,1992,76483.29,122130.82,73425.15,98306.4,275513.46,49054.79,9734.11,77515.15,142940.23,160207.78,819875.19,98827
Burkina Faso,BFA,1993,77488.64,124395.23,74484.36,100734.63,280191.42,50235.87,9986.96,79421.56,144835.18,162359.08,831040.63,101393.89
Burkina Faso,BFA,1994,78520.96,126956.99,75630.54,103259.41,285504.43,51474.98,10246.62,81349.51,147024.15,164458.1,842479.34,104090.27
Burkina Faso,BFA,1995,79817.23,129899.86,76948.28,105912.29,291664.37,52751.79,10565.64,83304.76,149848.52,167044.48,855294.78,107094.1
Burkina Faso,BFA,1996,80284.46,133103.32,77718.92,108651.25,296534.44,54056.07,10876.46,85237.1,151588.79,168315.11,861889.16,109155.22
Burkina Faso,BFA,1997,81535.22,136619.57,79065.24,111707.87,303961.69,55403.71,11259.84,87515.5,155561.43,170533.38,873073.81,112428.73
Burkina Faso,BFA,1998,82091.02,140539.63,80558.19,114955.08,310459.39,56870.78,11669.15,90013.72,160118.56,171646.75,882264.4,115896.41
Burkina Faso,BFA,1999,87788.55,144680.88,81663.83,118336.63,324728.8,58434.35,12076.73,92727.56,162747.44,181264.11,902506.77,118090.88
Burkina Faso,BFA,2000,95479.19,149175.07,84352.5,122965.1,341337,60316.61,12507.62,95575.4,168194.22,194833.8,948144.57,122134.21
Burkina Faso,BFA,2001,93680.75,154174.64,82982.15,125874.28,349474.22,61891.53,12938.61,98530.24,170245.62,191483.15,956362.92,123296.85
Burkina Faso,BFA,2002,93562.35,159916.33,83138.79,129820.22,363929.13,63706.17,13432.39,101841.76,174058.37,192327.75,989740.35,126136.72
Burkina Faso,BFA,2003,94781.78,166193.3,85549.08,133571.37,370158.08,65611.17,14015.44,105417.14,180085.81,194305.17,1004299.56,129738.59
Burkina Faso,BFA,2004,96762.91,172617.89,88107.29,137660.69,381451.65,67666.04,14624.43,109109.87,187114.39,197875.82,1024830.97,133877.03
Burkina Faso,BFA,2005,98856.67,178887.55,90547.7,141958.47,393572.01,69780.61,15228.83,112948.87,193976.23,201855.42,1047342.32,137698.75
Burkina Faso,BFA,2006,92852.43,185031.78,92434.21,146047.83,403303.53,72047.5,15843.3,116806.14,198492.72,204156.75,1063197.78,140776.43
Burkina Faso,BFA,2007,88262.4,191355.37,93553.11,149413.43,412412.29,74141.77,16467.49,120967.27,201716.82,203997.38,1056503.2,143333.02
Burkina Faso,BFA,2008,84769.99,197914.01,95588.77,154045.91,423227.44,76588.64,17064.3,125290.7,205828.75,205339.85,1085338,146636.88
Burkina Faso,BFA,2009,82617.74,204675.54,97937.24,158704.63,437347.32,79050.6,17782.9,129799.04,211310.41,206903.47,1106711.09,150732.51
Burkina Faso,BFA,2010,83496.23,211857.74,101224.12,164687.73,450964.46,81790.17,18591.56,134542.71,222157.73,213218.83,1149144.52,158202.38
Burkina Faso,BFA,2011,83113.15,219998.05,104001.82,169884.84,462035.17,84652.56,19333.61,139362.21,230486.23,216720.46,1186310.29,163802.34
Burkina Faso,BFA,2012,85775.5,229320.92,108636.66,177346.2,481102.39,87774.43,20281.14,144536.8,244717.53,225992.93,1246220.37,173271.57
Burkina Faso,BFA,2013,88864.8,239287.56,113587.4,184935.87,500971.23,91299.97,21222.67,149916.53,260083.46,236447.81,1324844.88,183247.23
Burkina Faso,BFA,2014,91937.54,249244.37,117771.25,191917.12,520813.34,94708.02,22214.95,155395.36,274569.82,245053.53,1375633.16,192582.52
Burkina Faso,BFA,2015,95506.46,258760.34,122589.29,200150.92,546302.79,98317.76,23157.75,161079.94,289194.72,255538.97,1451199.72,202375.43
Burkina Faso,BFA,2016,100877.46,267851.4,128041.79,208780.08,568959.44,101984.73,24257.17,166790.88,307018.47,269043.18,1512150.38,213473.59
Burkina Faso,BFA,2017,105825.02,277145.68,133003.19,217584.27,590694.53,105560.02,25314.41,172680.51,322710.77,280547.18,1556448.9,223144.4
Burkina Faso,BFA,2018,108817.15,284736.96,137046.38,225136.2,609034.06,109022.58,26410.12,179975.58,336113.14,288074.16,1590584.76,231450.16
Burkina Faso,BFA,2019,109924.73,290060.25,139722.3,231017.88,618404.7,112394.56,27518.3,188641.57,343883.48,291259.45,1602910.98,236593.81
Burundi,BDI,1990,49638.16,80529.09,96798.34,47128.51,249917.76,30458.47,10456.28,39707.76,127517.87,95038.32,273548.86,63408.77
Burundi,BDI,1991,49982.56,79795.51,95484.01,47812.74,250555.54,30294.86,10331.98,39440.41,128346.44,94968.53,269187.2,63754.56
Burundi,BDI,1992,50325.52,79018.4,93591.16,48288.8,250380.2,30075.16,10179.21,39128.45,128379.33,94745.58,261471.55,63945.49
Burundi,BDI,1993,51990.72,82159.94,94234.99,50855.79,254486.55,31380.13,10592.49,40075.75,130929.51,97648.36,265077.68,65673.47
Burundi,BDI,1994,52770.73,84333.08,93253.55,52452.54,254712.48,32278.49,10844.72,40740.04,131425.82,98620.47,261773.24,66342.68
Burundi,BDI,1995,53122.33,83109.79,91875.76,52023.33,254380.01,31908.89,10619.37,40326.05,131491.55,98487.91,256606.44,66631.83
Burundi,BDI,1996,53550.01,82843.84,90086.48,51865.89,251980.9,31850.67,10515.91,40090.84,130985.84,98599.15,249069.56,66757.82
Burundi,BDI,1997,53863.01,84336.14,88057.89,52532.31,247465.62,32500.35,10626.99,40292.27,129733.55,98761.44,244615.07,66511.17
Burundi,BDI,1998,54294.7,86118.39,86234.55,53315.29,242890.7,33242.65,10782.73,40547.28,129001.83,99161.39,242290.15,66439.78
Burundi,BDI,1999,53875.84,87585.17,84072.1,53807.21,236055.19,33839.27,10870.64,40761.32,127362.82,98260.15,239890.76,65859.36
Burundi,BDI,2000,53411.12,89164.2,82444.09,54370,231814.03,34486.9,10975.33,41250.15,125765.73,97415.57,237928.37,65675.61
Burundi,BDI,2001,52297.9,90959.37,80480.26,54492.92,224679.14,35207.25,11093.87,41956.02,123088.1,95728.86,238575.83,64456.32
Burundi,BDI,2002,52643.75,93240.63,81660.18,55028,224129.38,36247.5,11321.3,42939.71,125237.91,97178.85,251787.11,65148.4
Burundi,BDI,2003,53463.1,96124.38,82972.46,55455.5,225543.88,37447.28,11669.1,44188.45,128361.64,99023.69,262859.96,66205.32
Burundi,BDI,2004,54602.06,99166.48,84623.81,56115.45,229333.37,38746.27,12060.52,45581.8,132142.9,101525.61,274032.11,67623.11
Burundi,BDI,2005,55584.33,102296.27,86412.53,57324.95,233381.92,40146.63,12485.95,47080.75,135619.35,103669.1,285176.36,69049.66
Burundi,BDI,2006,54866.9,105686.86,87156.53,58907.36,234297.52,41619.61,12912.76,48703.19,137063.79,104620.44,292611.24,69838.91
Burundi,BDI,2007,54574.98,109952.55,87885.62,60924.09,235870.85,43430.9,13510.79,50737.68,138648.96,106052.98,298433.42,70775.6
Burundi,BDI,2008,54615.33,115240.53,88334.16,63192.91,238312.9,45578.98,14258.65,53164.86,140078.07,107672.94,301184.55,71898.1
Burundi,BDI,2009,54850.88,119378.66,89355.66,65235.53,241361.37,47320.94,14864.21,55287.74,142899.52,109775.89,306086.34,73421.81
Burundi,BDI,2010,56160.88,122148.94,92029.02,67133.03,248545,48614.18,15275.27,57025.98,149009.11,113860.34,317090.4,76047.77
Burundi,BDI,2011,56528.46,125778.85,93986.78,69078.21,255241.79,50096.73,15783.17,58959.43,153806.02,117665.78,323955.64,78351.17
Burundi,BDI,2012,57524.53,130418.59,96155.72,71388.3,262896.59,51996.4,16355.51,61228.48,159389.64,122089.08,332839.68,80958.61
Burundi,BDI,2013,58430.82,134291.21,98242.89,73466.01,268547.74,53610.91,16844.64,63327.16,164740.29,126016.33,341611.03,83408.49
Burundi,BDI,2014,58928.5,137073.32,99070.68,74662.45,273292.77,54714.35,17138.72,65098.77,167733.93,128340.07,340440.52,85170.75
Burundi,BDI,2015,59335.74,140280.35,99122.37,75880.66,277870.42,55785.91,17441.94,66975.71,168596.9,129621.42,330505.87,86559.22
Burundi,BDI,2016,60075.15,145413.9,99114.9,78390.44,282624.89,57461.8,18025.44,69369.33,169093.44,131173.03,318073.72,87985.64
Burundi,BDI,2017,62057.24,152213.78,101076.51,82130.99,290897.63,59879.59,18831.68,72342.2,173110.06,134858.17,316684.33,90697.8
Burundi,BDI,2018,65066.62,158757.55,106049.73,85556.98,304466.83,62430.71,19752.97,75344.84,183168.87,141464.74,332948.1,95353.71
Burundi,BDI,2019,66995.74,164965.86,109117.02,87682.03,314264.76,64533.49,20628.58,78145.57,188907.83,145406.93,336134.52,98696.97
Cambodia,KHM,1990,188682.72,131939.39,96700.36,88699.68,409031.68,64412.9,16943.31,116584.85,232402.34,332220.37,459707.28,117545.6
Cambodia,KHM,1991,191155.7,135682.95,97014.01,90726.56,413498.86,66039.35,17387.79,119859.46,235096.92,335213.08,462564.62,119160.68
Cambodia,KHM,1992,194134.81,139508.11,97511.97,92864.74,419675.29,67684.63,17865.26,123331.99,238705.83,338939.2,465317.78,121391.69
Cambodia,KHM,1993,197742.46,143166.63,98433.14,95022.16,428896.93,69208.53,18337.35,126847.76,243235.09,343519.05,465763.46,124089.63
Cambodia,KHM,1994,201593.83,146558.72,99620.54,97056.03,439073.72,70664.08,18770.85,130358.94,247981.14,348436.63,464738.1,126966.21
Cambodia,KHM,1995,205192.11,150053.56,100754.25,99120.82,448593.95,71999.75,19197.5,133972.14,252629.94,352719.46,461745.73,129346.21
Cambodia,KHM,1996,207814.8,153568.72,101317.75,101247.77,455300.85,73365.18,19573.49,137802.21,255705.13,354884.77,455305.39,130993.47
Cambodia,KHM,1997,210373.9,157337.04,101903.94,103480.07,462058.31,74814,19991.56,142039.26,258522.89,356706.93,440799.66,132539.6
Cambodia,KHM,1998,214145.9,161263.92,102964.28,105958.47,471542.12,76343.01,20415.9,146622.97,262724.7,360019.16,432227.84,134831.08
Cambodia,KHM,1999,217178.56,165210.2,103771.04,108458.18,481049.3,77738,20851.52,151396.63,266587.76,361865.79,424480.56,136705.54
Cambodia,KHM,2000,218964.35,168904.1,104261.5,110838.58,487563.52,79082.22,21086.43,156169.47,268614.74,361160.04,416685.73,137705.39
Cambodia,KHM,2001,223504.49,172628.12,105550.59,113669.81,494980.49,80312.57,21302.02,161250.81,272802.73,364940.31,413178.06,139754.22
Cambodia,KHM,2002,228276.26,176278.12,107486.55,116821.12,501367.24,81596.54,21621.16,166734.13,279328.17,369535.04,409668.19,142312.26
Cambodia,KHM,2003,231537.11,179991.82,109119.33,119847.52,506948.4,82796.92,22025.82,172370.71,284096.87,371387.42,400763.13,144443.61
Cambodia,KHM,2004,235426.88,183562.32,110896.9,122990,513958.73,83927.61,22544.94,178188.08,290179.13,373851.9,391245.89,147249.73
Cambodia,KHM,2005,238362.1,186877.85,112331.52,125975.53,519983.08,85060.28,23108.65,183965.12,295930.17,374622.52,381187.97,149863.42
Cambodia,KHM,2006,238494.79,190078.66,113282.92,128839.26,525133.07,86168.9,23666.04,189780.82,299457.67,371937.44,370073.96,152091.83
Cambodia,KHM,2007,241179.73,193292.66,114957.79,131998.18,534924.61,87356.7,24350.15,195795.99,306858.47,372643.1,361449.5,156140.7
Cambodia,KHM,2008,241996.28,196361.47,116656.67,135011.13,545308.54,88546.67,24998.17,201950.19,313152.31,371126.53,352867.83,160089.99
Cambodia,KHM,2009,242833.54,199545.25,118593.46,138124.47,558001.02,89779.33,25696.09,208024.06,319383.44,369702.1,344033.81,164479.61
Cambodia,KHM,2010,246167.66,202773.79,121288.82,141432.3,574775.36,91035.11,26396.92,214129.13,329389.61,372268.29,340615.48,170390.01
Cambodia,KHM,2011,247950.35,206270.4,123925.37,144603.2,590661.6,92298.21,27049.01,220153.82,337643.04,372614.62,335084.87,175995.62
Cambodia,KHM,2012,251019.85,209644.1,126644.82,147953.26,606325.25,93565.11,27701.61,226336.41,347954.98,375272.37,334324.4,182129.21
Cambodia,KHM,2013,253595.41,213016.18,129332.4,151361.22,622120.67,94858,28326.64,232590.8,357920.88,376757.57,331348.46,188765.31
Cambodia,KHM,2014,257900.84,216540.4,132482.84,154836.06,638774.15,96167.31,28936.61,238804.84,369805.97,381367.53,331756.07,196024.01
Cambodia,KHM,2015,262735.02,220100.7,135655.4,158259.69,656556.36,97467.21,29558.79,245210.35,382120.63,386476.58,332070.67,203783.32
Cambodia,KHM,2016,267905.68,223881.65,139207.18,161733.52,674678.21,98921.61,30334.46,251833.42,394570.07,392166.19,330459.49,212081.2
Cambodia,KHM,2017,274828.36,227880.15,142853.52,165270.13,693329.34,100475.16,31100.3,258786.36,406403.34,400023.11,327778.92,220115.88
Cambodia,KHM,2018,278882.51,231784.38,146647.29,169173.95,714416.5,101881.61,31771.66,266087.44,420527.98,404065.86,325890.83,229606.04
Cambodia,KHM,2019,282662.93,235547.02,150282.58,173207.12,734818.91,103193.24,32507.05,273579.04,433714.69,407786.25,323706.68,239365.75
Cameroon,CMR,1990,79548.37,132292.98,100022.06,107169.41,284797.89,49015.67,15417.86,86890.2,150422.66,150540.91,409049.1,118491.77
Cameroon,CMR,1991,82323.2,137115.25,102094.56,111111.08,294779.98,50929.91,16097.29,90000.94,155939.54,156194.28,422072.92,123851.91
Cameroon,CMR,1992,85290.48,142297.68,104406.05,115465.66,306856.73,52974.75,16847.73,93310.68,162188.42,162339.83,437171.3,129993.17
Cameroon,CMR,1993,88387.22,147917.97,107059.72,120180.95,320965.57,55103.11,17626.6,96960.8,169088.18,168829.91,452192.59,136695.3
Cameroon,CMR,1994,91162.21,153883.05,109056.59,124785.75,333585,57273.92,18425.6,100746.69,175005.61,174662.15,463182.18,142722.9
Cameroon,CMR,1995,94165.95,160194.57,111132.28,129625.84,348222.48,59487.31,19273.39,104704.05,181167.66,180857.36,473762.79,148684.58
Cameroon,CMR,1996,97482.8,166868.58,113199.78,134875.64,364837.31,61724.95,20232.53,108838.33,187860.91,187711.61,487060.2,155235.63
Cameroon,CMR,1997,101690.47,173979.32,115611.34,140496.33,384548.74,64119.74,21333.61,113193.89,196645.31,196014.87,501591.33,163698.6
Cameroon,CMR,1998,105780.84,181455.95,118172.32,146478.55,405845.28,66582.64,22445.14,117825.69,206090.96,204082.45,516555.2,172531.47
Cameroon,CMR,1999,108842.27,189232.52,120721.04,152499.93,426059.68,69181.96,23572.45,122574.97,214775.01,210697.96,531320.09,180904.68
Cameroon,CMR,2000,112227.49,197123.88,124491.55,159123.43,448664.57,71909.63,24795.46,127615.15,224649.2,216761.49,547518.31,190454.12
Cameroon,CMR,2001,115311.73,205333,127882.69,165604.44,464800.44,74561.39,26095.63,132793.34,233045.46,220747.98,560630.92,198467.48
Cameroon,CMR,2002,119876.18,213839.3,133789.2,175090.97,486523.42,77685.03,27444.01,138288.57,247048.87,229940.7,611998.63,210318.01
Cameroon,CMR,2003,122830.13,222534.72,137864.22,182528.49,503605.43,80661.01,28975.15,144052.65,257880.16,234919.37,635986.22,219809.74
Cameroon,CMR,2004,125019.56,231680.88,141392.49,189417.38,516876.54,83729.28,30489.85,149999.72,267335.03,238191.97,653456.82,228172.86
Cameroon,CMR,2005,128007.13,241014.09,145540.11,196664.98,533427.29,87025.07,31938.09,156122.86,278153.62,242905.08,672899.73,237531.39
Cameroon,CMR,2006,130044.6,250601.81,149338.24,204374.39,550093.8,90589.44,33354.77,162385.13,288971.59,247022.65,694652.24,246299.72
Cameroon,CMR,2007,130981.72,260366.24,151814.57,210992.09,562413.63,94157.99,34848.97,168961.03,297441.56,248755.74,707023.62,253836.47
Cameroon,CMR,2008,131490.61,270738.44,154852.27,218598.27,577487.34,97968.14,36236.07,175710.87,306944.56,250785.46,726722.28,262383.34
Cameroon,CMR,2009,133606.32,281201.79,158960.96,227558.68,596351.4,102012.99,37852.31,182950.87,320697.67,255846.16,759123.92,273406.27
Cameroon,CMR,2010,136493.84,292183.36,163633.92,237511.75,615605.66,106057.74,39483.35,190337.15,337178.12,262466.03,796196.71,286895.92
Cameroon,CMR,2011,137641.31,303072.48,168560.38,246834.9,635565.92,110062.59,41262.67,198146.86,353609.12,269101.1,824658.53,299863.64
Cameroon,CMR,2012,138508.6,314604.73,172479.59,255095.4,653988.26,113923.1,43084.27,206056.62,367178.14,273561.35,837533.38,309784.54
Cameroon,CMR,2013,140750.64,326270.82,176857.24,264874.11,669878.09,117807.81,45038.5,214393.01,382186.98,280643.43,856141.94,319986.84
Cameroon,CMR,2014,142564.1,338262.96,180096.57,273396.96,684063.65,121589.37,47007.77,222912.78,394958.1,285705.97,863074.75,328884.71
Cameroon,CMR,2015,142342.85,350839.55,181234.04,280641.63,698515.32,125079,48835.43,231761.08,400760.66,286175.4,851571.69,333353.54
Cameroon,CMR,2016,145951.41,363560.41,185180.1,291176.87,708008.75,128730.14,51031.85,240999.89,416314.38,294884.38,877580.36,342838.33
Cameroon,CMR,2017,149559.93,376902.87,188080.15,299854.48,718913.58,132043.5,53207.43,250485.98,427774.25,300253.16,875182.37,349523.11
Cameroon,CMR,2018,151461,390569.01,191533.95,309328.39,733859.41,135686.45,55312.84,260594.4,441515.3,303251.6,875337.8,359738.75
Cameroon,CMR,2019,153174.56,405273.29,195153.97,319201.85,746261.93,139397.55,57607.72,270855.39,453127.92,306139.8,878110.1,369778.55
Canada,CAN,1990,82563.68,509938.29,269100.3,405554.62,1426072.1,168125.69,162850.29,758443.27,1284051.7,219068.15,433382.96,194611.19
Canada,CAN,1991,83042.87,518404.81,273609.85,413374.54,1414049.88,170616.23,167365.45,774357.17,1303896.03,221327.06,432512.39,204041.62
Canada,CAN,1992,83598.28,526253.95,278208.19,421465.82,1408095.31,173088.27,171775.81,790344.9,1324520.02,223625.97,432635.29,213915.91
Canada,CAN,1993,85650.17,533888.99,285436.37,430273.89,1419380.35,175406.34,176316.77,805931.66,1351908.1,228020.84,433365.6,225798.49
Canada,CAN,1994,86377.57,541199.82,290324.71,438156.85,1416404.26,177594.98,179705.52,821348.98,1367722.22,230472.34,433788.09,235563.27
Canada,CAN,1995,87168.87,548145.09,296215.61,446598.52,1416755.18,179706.06,182070.05,836567.45,1388259.65,232796.62,429508.75,245111.54
Canada,CAN,1996,87405.6,551594.76,300945.22,454852.22,1410668.98,181602.22,185466.14,852404.86,1400948.21,234133.17,423686.3,252884.57
Canada,CAN,1997,87618.88,550451.53,306757.83,463164.34,1403454.54,183375.57,189768.55,868738.3,1412203.6,235930.8,420224.95,261243.49
Canada,CAN,1998,89154.36,547392.5,313292.52,471714.64,1392367.86,185052.73,196180.19,885604.55,1429083.5,239048.78,418936.39,270078.92
Canada,CAN,1999,89945.04,545591.49,317373.48,480319.84,1375323.85,186638.11,201488.7,902823.44,1440858.09,240894.39,419617.46,279125.58
Canada,CAN,2000,90607.76,547444.43,319935.69,489467.7,1351697.06,188332.42,206823.99,920055.5,1452194.35,243150.41,422010.26,288965.3
Canada,CAN,2001,92788.21,551237.38,323713.65,499189.76,1334267.91,190057.94,212311.77,936622.02,1461086.05,247431.86,427858.21,298562.49
Canada,CAN,2002,95625.52,554026.95,329439.89,509360.72,1324861.21,191831.86,218400.99,953410.09,1474769.25,253207.24,435230.08,309691.49
Canada,CAN,2003,97596.84,556320.4,334527.15,518289.99,1304617.27,193739.13,224065.54,969870.07,1507556.64,257346.68,442715.08,316991.27
Canada,CAN,2004,98223.37,558665.34,337895.42,526481.26,1273926.22,195637.4,230943.81,986844,1534049.84,260026.71,450650.37,321751.09
Canada,CAN,2005,100605.13,561977.97,343008.91,536725.71,1255637.92,197669.49,238809.08,1004848.53,1557445.17,265209.42,459030.38,327314.8
Canada,CAN,2006,101957.82,568824.63,345469.3,546456.17,1231342.23,199801.75,247529.89,1022810.75,1580736.13,268656.28,464351.1,328607.73
Canada,CAN,2007,105608.62,580118.11,352741.8,557006.76,1228994.75,202289.99,258069.91,1040817.86,1613053.52,275863.75,470718.15,334195.93
Canada,CAN,2008,108026.68,593182.71,358466.34,566940.81,1222326.73,204830.9,268922.46,1058889.24,1636847.8,280689.13,475111.33,338766.35
Canada,CAN,2009,109680.41,605488.79,362654.74,576084.32,1210543.4,207543.38,279872.06,1076764.28,1649191.57,284237.45,479741.69,341022.68
Canada,CAN,2010,111312.34,614387.75,368110.37,586539.42,1203649.04,210260.87,290382.98,1094994.21,1647856.29,287843.2,484500.65,345633.52
Canada,CAN,2011,112668,621177.74,372412.53,596168.72,1193537.26,212842.4,301254.33,1113037.75,1660591.82,290914.71,487520.6,349097.61
Canada,CAN,2012,116257.87,628533.19,378528.73,607919.65,1200340.27,215533.85,312939.41,1130491.03,1690847.95,297277.43,489568.93,356548.5
Canada,CAN,2013,118945.38,636141.31,384932.87,618819.04,1206292.14,218288.04,325211.91,1148050.97,1712907.35,302981.35,491985.07,363467.43
Canada,CAN,2014,122231.19,642932.8,393013.87,630531.96,1224163.06,220949.18,339119.4,1165485.77,1747794.94,309752.78,493167.45,373985.45
Canada,CAN,2015,124082.56,648350.12,401091.11,641264.35,1239484.98,223436.72,353444.99,1183032.87,1763634.86,314101.04,496774.95,384054.62
Canada,CAN,2016,125263.65,652465.05,410461.1,651816.68,1275029.23,225318.32,368604.11,1228147.75,1795578.65,317444.47,502368.26,395432.25
Canada,CAN,2017,125758.5,656155.54,420917.74,662893.3,1308062.52,227218.53,381733.8,1273778.26,1824366.24,319499.66,506276.45,406629.56
Canada,CAN,2018,128391.17,660457.36,436288.16,677252.44,1366339.03,229468.94,386199.57,1290617.52,1893192.05,326699.04,511939.47,426861.49
Canada,CAN,2019,129216.46,665009.61,446332.32,687162.38,1402599.01,231580.1,389486.96,1303686.79,1942772.43,330573.43,517325.56,444181.58
Cape Verde,CPV,1990,1923.2,4763.62,3923.53,3979.26,11958.24,1679.03,475,3189.66,6538.14,3854.65,9292.68,2247.17
Cape Verde,CPV,1991,2000.87,4897.31,3894.03,4106.57,12201.06,1720.51,492.31,3276.57,6690.44,3942.8,9306.44,2356.3
Cape Verde,CPV,1992,2074.25,5047.96,3820.42,4240.96,12410.17,1768.37,510.82,3370.42,6800.13,4028.84,9448.45,2474.74
Cape Verde,CPV,1993,2154.54,5209.22,3736.95,4398.78,12759.64,1819.25,530.62,3468.84,6975.5,4125.37,9706.65,2628.83
Cape Verde,CPV,1994,2249.96,5382.89,3577.9,4568.06,13002.08,1872.66,551.98,3567.68,7170.05,4221.65,10007.09,2801.44
Cape Verde,CPV,1995,2362.89,5563.54,3362.96,4737.8,13158.93,1926.05,573.28,3668.81,7433.93,4320.28,10241.96,2998.11
Cape Verde,CPV,1996,2506.84,5758.09,3182.99,4936.38,13572.4,1980.08,598.02,3778.52,7969.35,4468.29,10547.7,3267.36
Cape Verde,CPV,1997,2631.15,5962.87,3036.04,5126.21,13965.23,2034.87,626.1,3891.64,8678.7,4590.73,10649.5,3553.6
Cape Verde,CPV,1998,2655.07,6176.64,2892.44,5265,13871.63,2080.65,654.3,4006.16,9069.64,4586.05,10552.56,3718.83
Cape Verde,CPV,1999,2684.63,6389.6,2844.7,5416.24,13963.13,2125.86,683.01,4123.39,9397.2,4617.81,10705.99,3858.8
Cape Verde,CPV,2000,2687.96,6595.34,2826.7,5533.83,13988.06,2164.51,712.88,4237.8,9553.31,4610.42,10576.04,3954.39
Cape Verde,CPV,2001,2699.52,6794.07,2837.95,5651.87,14117.01,2197.11,742.79,4357.13,9759.18,4630.58,10546.33,4087.91
Cape Verde,CPV,2002,2706.89,6990.73,2850.42,5765.73,14292.14,2226.17,775.7,4476.79,9961.81,4659.07,10522.76,4236.47
Cape Verde,CPV,2003,2702.18,7181.8,2858.92,5869.6,14417.24,2252.51,810.61,4598.19,10153,4668.75,10394.78,4380.84
Cape Verde,CPV,2004,2710.77,7365.09,2872.14,5966.66,14579.08,2273.09,846.08,4719.15,10356.08,4695.6,10281.31,4519.22
Cape Verde,CPV,2005,2723.6,7540.21,2890.23,6061.96,14745.62,2289.85,883.38,4842.36,10550.36,4719.46,10160.02,4651.23
Cape Verde,CPV,2006,2676.7,7702.04,2829.39,6123.87,14223.47,2302.27,917.74,4974.5,10288.84,4665.36,10211.95,4645.66
Cape Verde,CPV,2007,2692.4,7849.76,2828.75,6201.42,14178.56,2316.95,955.15,5114.13,10385.08,4689.95,10115.43,4750.28
Cape Verde,CPV,2008,2727.55,7995.64,2855.86,6286.54,14352.2,2330.18,994.88,5254.31,10634.98,4732.76,9948.49,4891.74
Cape Verde,CPV,2009,2785.29,8137.88,2892.01,6382.8,14576.47,2344.64,1034.85,5399.94,10912.73,4809.32,9795.57,5048.5
Cape Verde,CPV,2010,2842.82,8288.17,2932.57,6497.14,14808.14,2360.75,1074.75,5550.29,11250.51,4893.15,9824.72,5209.82
Cape Verde,CPV,2011,2895.46,8443.34,2996.71,6603.75,15343.43,2380.51,1112.27,5707.23,11635.43,4960.67,9727.45,5384.79
Cape Verde,CPV,2012,2902.7,8596.9,3034.04,6713.42,15795.39,2373.44,1155.54,5873.15,12123.98,5028.27,9878.72,5630.24
Cape Verde,CPV,2013,2964.75,8758.08,3085.31,6818.84,16075.05,2394.69,1192.6,6039.35,12464.22,5114.11,9919.67,5757.54
Cape Verde,CPV,2014,3021.62,8914.97,3147.77,6946.71,16529.18,2414.42,1230.59,6207.95,12875.69,5206.1,10041.05,5939.42
Cape Verde,CPV,2015,3077.17,9074.6,3206.35,7058.83,17167.1,2433.82,1263.55,6376.17,13284.8,5291.98,10032.28,6131.17
Cape Verde,CPV,2016,3141.91,9229.86,3296.18,7193.99,18031.44,2455.25,1302.26,6544.12,13871.06,5399.52,9985.37,6429.62
Cape Verde,CPV,2017,3232.24,9389.66,3360.5,7299.37,18522.99,2474.62,1337.07,6714.63,14413.75,5534.46,9941.08,6643.6
Cape Verde,CPV,2018,3419.71,9526.18,3624.68,7426.04,21131.7,2504.5,1368.43,6888.95,16656.37,5798.71,9962.55,7279.03
Cape Verde,CPV,2019,3468.25,9646.83,3658.9,7478.46,21222.02,2520.97,1399.88,7063.91,16979.39,5861.85,9863.61,7424
Central African Republic,CAF,1990,26984.37,45381.96,42124.62,27531.91,133517.48,13733.31,5912.53,22638.52,58111.8,58796.83,137383.12,37242.98
Central African Republic,CAF,1991,27754.99,46685.67,43014.29,28425.03,135726.78,14159.69,6105.72,23241.59,59892.47,60587.93,140315.5,38409.96
Central African Republic,CAF,1992,27771.54,48163.89,43240.86,29104.22,135253.21,14618.22,6263.54,23871.96,59990.98,61016.07,142864.05,38858.76
Central African Republic,CAF,1993,28401.33,49573.02,44344.76,30024.18,138386.02,15079.97,6466.16,24529.35,61920.67,62598.93,146244,40185.1
Central African Republic,CAF,1994,28824.59,50891.09,45175.68,30737.46,140771.54,15501.02,6631.31,25142.14,63193.09,63668.65,148794.79,41285.29
Central African Republic,CAF,1995,29039.18,52275.82,45801.86,31361.14,142570.38,15910.88,6785.41,25760.24,64037.62,64237.78,151592.51,42141.47
Central African Republic,CAF,1996,30106.32,53791.35,47291.16,32397.05,147210.17,16386.6,7004.56,26441.07,66374.98,66526.83,156527.09,43947.88
Central African Republic,CAF,1997,30354.53,55450.51,47863.5,33107.39,148656.64,16862.41,7175.09,27131.63,66873.04,67173.46,160061.11,44851.69
Central African Republic,CAF,1998,31181.53,57232.99,48881.49,34065.83,151675.12,17373.78,7397.51,27894.17,68417.57,68958.01,164252.04,46428.29
Central African Republic,CAF,1999,31981.62,58950.19,49927.4,35022.17,154576.19,17866.06,7595.06,28651.58,69935.86,70687.12,168671.43,48112.65
Central African Republic,CAF,2000,32000.38,60515.11,50138.48,35628.94,154843.9,18286.81,7706.13,29345.39,69937.04,70812.66,171361.55,48943.48
Central African Republic,CAF,2001,32351.85,62140.34,50723.37,36508.87,156285.36,18731.71,7859.3,30091.33,70840.17,71631.69,175040.85,50165.51
Central African Republic,CAF,2002,32986.93,63785.47,51646.79,37536.12,158732.38,19176.98,8023.81,30884.62,72428.64,73045.56,179357.65,51702.34
Central African Republic,CAF,2003,33371.01,65445.73,52346.92,38449.02,160706.9,19606.52,8156.32,31677.86,73554.68,73970.72,183694.1,52941.54
Central African Republic,CAF,2004,33716.49,67105.33,53010.7,39324.61,162846.67,20032.82,8291.62,32494.77,74628.41,74764.47,187835.39,54081.19
Central African Republic,CAF,2005,34109.95,68631.4,53758.49,40171.26,165013.66,20444,8411,33263.44,75659.29,75709.76,191882.54,55182.39
Central African Republic,CAF,2006,34699.9,70086.01,55146.49,41369.5,168164.18,20893.96,8535.34,34012.46,77702.83,77574.56,199994.24,56781.15
Central African Republic,CAF,2007,34873.41,71618.86,55862.14,42275.16,170680.49,21330.44,8654.46,34784.14,78870.05,78493.43,205164.05,57854.87
Central African Republic,CAF,2008,34684.64,73418.44,56248.01,43118.43,172883.63,21826.28,8775.94,35652.32,79379.23,78947.36,209535.88,58699.95
Central African Republic,CAF,2009,35258.41,75456.1,57370,44350.19,177456.63,22405.02,8987.82,36629.59,81340.02,80683.01,215000.35,60448.26
Central African Republic,CAF,2010,36584.59,77710.38,58940.36,45802.85,184770.61,23037.35,9275.9,37732.85,84631.88,83713.55,220113.7,62963.66
Central African Republic,CAF,2011,37514.22,79701.99,59778.53,46742.16,190140.02,23567.86,9501.08,38629.92,86882.09,85638.45,221330.62,64674.88
Central African Republic,CAF,2012,37631.68,80594.94,59800.37,46850.57,192719.41,23786.5,9534.59,39039.4,87538.32,85776.94,219415.23,65244.19
Central African Republic,CAF,2013,38131.32,80665.14,60458.85,46743.72,197091.59,23784.5,9515.38,39152.74,88798.15,86767.33,215920.94,66394.23
Central African Republic,CAF,2014,38143.55,81342,60573.77,46636.46,199560.84,23914.41,9496.41,39449.03,88882.96,86835.57,212422.67,66928.56
Central African Republic,CAF,2015,38411.16,83047.31,60861.32,47139.47,204148.93,24309.24,9620.22,40167.44,89291.38,87537.24,211317.17,67668.65
Central African Republic,CAF,2016,39125.89,84997.03,61408.41,48015.62,207794.73,24763.34,9767.01,41000.86,90268.81,88958.06,209365.63,68758.1
Central African Republic,CAF,2017,39894.98,86917.66,62219.59,49058.5,211849.53,25233.08,9919.79,41867.87,91627.76,90324.44,209296.3,70003.96
Central African Republic,CAF,2018,40467.99,89264.96,63036.1,50080.81,215739.92,25781.67,10204.55,42936.77,93127.89,91456.17,209418.96,71399.56
Central African Republic,CAF,2019,41112.95,91999.94,63886.57,51281.68,219570.86,26410.03,10596.19,44157,94601.62,92647.4,209091.96,72827.2
Chad,TCD,1990,48476.01,80729.4,64860.07,59194.85,197864.69,29159.67,6199.05,47677.57,82331.62,106121.11,341477.81,56574.37
Chad,TCD,1991,48406.05,82981.88,64458.98,60497.08,198291.15,30050.41,6339.28,48937.62,82708.15,106617.64,347528.77,57218.64
Chad,TCD,1992,50201.88,85343.33,65542.43,62419.94,203487.79,31040.63,6562.02,50298.42,85611.62,110577.22,355688.13,59513.38
Chad,TCD,1993,52194.28,87839.93,66965.56,64566.55,210061.54,32072.31,6790.84,51707,88810.8,115090.17,365780.13,62189.56
Chad,TCD,1994,53020.46,90479.27,67387.89,66330.67,214149.95,33098.16,6989.55,53159.38,90262.56,117345.03,373594.78,63856.86
Chad,TCD,1995,54200.19,93251.09,67942.57,68345.98,218743.38,34186.82,7205.62,54626.43,92249.51,120448.19,384063.36,65847.21
Chad,TCD,1996,57086.19,96392.27,70012.2,71029.49,228852.28,35377.7,7494.57,56244.16,96950.9,126811.35,396674.04,69637.39
Chad,TCD,1997,59115.45,99921.75,71322.75,73642.3,236319.24,36564.51,7754.25,57938.7,100496.84,131715.29,406827.6,72852.98
Chad,TCD,1998,60727.05,103717.34,72455.83,76379.72,242835.96,37813.83,7977.71,59679.52,103776.18,136020.48,417867.71,75787.19
Chad,TCD,1999,62435.82,107580.96,73889.56,79155.94,249972.5,39097.65,8197.45,61504.95,107262.76,140292.74,427229.81,78723.92
Chad,TCD,2000,63826.36,111311.79,75425.78,81989.9,255382.6,40415.5,8437.97,63293.51,110062.2,143234.85,437525.62,81062.69
Chad,TCD,2001,66042.01,114945.66,77401.83,84764.68,262052.42,41780.54,8703.98,65175.6,114006.01,146494.55,446456.94,83753.38
Chad,TCD,2002,67800.54,118751.79,79430.54,87643.2,269365.27,43194.41,8966.1,67140.48,117860.28,149121.56,454913.43,86435.6
Chad,TCD,2003,70505.18,122616.74,81871.04,90720.16,278098.21,44706.12,9270.26,69179.14,122996.48,153425.72,464617.18,89872.52
Chad,TCD,2004,71896.19,126698.09,83023.96,93314.7,282361.61,46191.03,9557.86,71316.9,126435.49,155186.49,470050,91825.18
Chad,TCD,2005,73444.84,130893.26,83898.78,96048.57,284820,47799.59,9840.85,73551.55,129782.57,157274.94,475867.77,93610.77
Chad,TCD,2006,75544.59,135225.3,86006.31,99764.95,290848.79,49540.85,10162.2,75896.15,134564.88,161376.62,493514.34,96451.49
Chad,TCD,2007,78621.95,139715.67,88927.91,103902.66,300079.63,51424.7,10549.99,78460.77,141251.78,167521.61,514511.99,100466.6
Chad,TCD,2008,80503.92,144475.83,91127.94,107544.62,308173.39,53276.93,10925.14,81130.42,146234.3,171429.78,527245.77,103633.27
Chad,TCD,2009,82232.14,149479.78,93297.26,111321.65,316071.98,55234.5,11325.99,83942.71,151126.47,175027.39,541553.59,106794.07
Chad,TCD,2010,85151.15,154806.12,95810.89,115596.57,324458.04,57310.98,11751.34,86937.79,157351.04,180649.08,556490.18,110554.96
Chad,TCD,2011,87431.14,160344,97961.36,119575.1,332218.56,59440.34,12198.92,90044.33,162358.94,184610.78,566900.88,113573.57
Chad,TCD,2012,89978.75,165997.83,100026.82,123814.93,340412.46,61712.41,12651.01,93397.39,167491.32,189072.49,578965.32,116458.16
Chad,TCD,2013,92551.76,171924.07,102405.16,128804.33,347169.31,64120.03,13111.57,97025.9,173137.57,194496.77,598186.95,119461.79
Chad,TCD,2014,94885.14,178095.11,104392,133370.6,353208.64,66554.56,13615.07,100687.03,178049.29,198772.71,607877.56,122517.45
Chad,TCD,2015,97424.77,184789.81,106764.11,138482.93,363744,69150.5,14136.75,104588.85,183792.57,204155.58,630454.44,125887.06
Chad,TCD,2016,100167.35,191734.34,109481.04,143617.14,372118.98,71791.92,14701.3,108673.58,189622.36,209304.07,644149.41,129719.16
Chad,TCD,2017,103295.32,199057.11,112556.19,148932.31,381561.71,74515.45,15348.68,112838.89,196016.99,215143.66,659706.55,133796.15
Chad,TCD,2018,106016.89,206995.05,115780.72,154222.74,391932.42,77355.87,16011.74,116558.06,202728.73,220453.81,676819.98,138221.32
Chad,TCD,2019,108481.5,215703.37,118887.17,159600.84,400606.42,80264.26,16735.16,119819.19,208617.2,225540.37,693148.99,142263.66
Chile,CHL,1990,125571.83,277884.83,90726.24,137038.51,463579.62,79739.86,62427.18,269176.32,435850.14,198418.57,282021.48,100722.04
Chile,CHL,1991,114723.01,282363.38,89949.24,139069.24,445315.31,80725.38,63054.77,275579.74,429608.23,187196.17,277234.72,101622.75
Chile,CHL,1992,106718.95,286717.48,89924.41,141382.68,434719.06,81753.83,63762.46,282285,428069.25,179197.64,279640.06,104295.46
Chile,CHL,1993,107420.67,291133.01,91197.51,144008.64,435672.75,82800.53,65262.07,289301.61,437599.8,180892.45,277535.47,109017.54
Chile,CHL,1994,112262,295543.64,91848.31,146948.8,436238.16,83958.73,67308.72,296469.04,447902.58,186719.1,276384.15,114010.81
Chile,CHL,1995,117950.37,299975.87,93553.12,150152.71,441854.75,85097.61,69534.15,304025.46,461117.33,193894.4,278769.92,119903.99
Chile,CHL,1996,120041.18,304280.44,95083.93,152996.82,442584.79,86261.58,72678.82,311786.74,468111.33,196449.02,281787.78,124952.61
Chile,CHL,1997,117073.87,308273.62,96857.21,155098.39,435553.13,87580.01,76874.58,320285.78,468109.14,193131.17,283297.13,128458.55
Chile,CHL,1998,114636.48,312041.38,100782.25,158302.68,438106.84,89115.61,80736.26,329252.41,473264.68,190853.67,292395.16,135057.72
Chile,CHL,1999,112465.34,316206.53,104492.62,161050.57,441896.81,90615.06,84605.54,338589.97,480123.93,189026.49,293525.62,141987.95
Chile,CHL,2000,112525.9,320883.98,106413.99,164250.42,438638.34,91403.59,89238.15,347973.25,483455.89,189014.19,292874.01,147582.76
Chile,CHL,2001,117388.37,326552.72,110883.5,168702.71,450600.01,92022.03,92191.15,357710.58,497870.03,195058.61,295536.14,158051.02
Chile,CHL,2002,118332.2,332983.31,112160.53,172398.62,451815.24,92836.79,95011.28,367590.83,502575.36,195982.19,292828.56,164694.21
Chile,CHL,2003,120314.55,339700.59,114764.58,176923.64,462449.57,93557.19,96701.29,377643.4,513798.94,198858.47,296494.15,173805.23
Chile,CHL,2004,120038.05,345923.48,117138.75,181176.9,465062.77,94314.64,98041.45,387304.76,521454.54,199024.99,301594.19,181500.62
Chile,CHL,2005,116966.39,351257.95,117802.69,184604.87,462938.47,94946.26,98797.11,395754.54,523470.61,195906.71,299662.82,186319.85
Chile,CHL,2006,116619.82,354331.45,118924.13,188051.37,463321.63,95589.39,98847.13,401874.45,528857.06,195830.18,300104.85,190638.38
Chile,CHL,2007,118681.92,355240.29,121477.56,192569.17,469610.73,96411.95,98134.89,405369.43,538734.16,198862.91,303232.8,196403.99
Chile,CHL,2008,119808.7,355116.03,121924.16,196322.47,468119.83,97317.85,96910.49,407635.92,544333.21,200413.56,303625.51,198830.99
Chile,CHL,2009,124563.35,355476.55,126219.72,201736.9,484449.07,98200.38,96018.13,410870.49,567600.31,207112.84,309774.35,206874.01
Chile,CHL,2010,126195.52,357650.47,130194.91,206216.65,495553.08,99061.99,95425.96,416745.29,582442.02,210315.05,307983.22,213890.24
Chile,CHL,2011,125016.43,361096.17,131915,209941.55,496310.47,99766.96,94980.84,425193.72,590173.46,209989.1,311544.4,217085.56
Chile,CHL,2012,126134.44,364324.73,134334.17,213953.81,500782.15,100577.43,94749.81,434692.15,600343.9,212237.77,312405.35,222907.23
Chile,CHL,2013,128888.18,367512,136872.7,218061,509088.82,101521.88,94135.53,444614.54,613955.39,216552.6,314111.08,229840.56
Chile,CHL,2014,129766.8,370536.85,139265.01,221886.26,510824.94,102604.6,93717.25,454139.14,621347.53,218451.76,320581.1,235886.57
Chile,CHL,2015,132026.42,374051.5,142428.39,226123.1,517539.78,103840.66,94189.9,463094.68,635030.79,222107.15,319632.16,243770.91
Chile,CHL,2016,131140.46,378920.53,145707.85,231093.08,516282.44,105386.29,95230.87,470598.87,639490.9,222378.82,320505.58,250295.54
Chile,CHL,2017,134206.45,383953.41,152173.13,237278.6,533670.31,106982.35,97431.41,478146.94,658691.43,227937.96,318702.44,260675.22
Chile,CHL,2018,136420.3,387298.76,156241.2,241549.8,546585.36,108081.44,98971.23,486206.93,674620.05,232070.6,320492.13,269968.66
Chile,CHL,2019,138437.89,388972.38,160293,244997.65,559307.89,109052.3,100290.67,494149.65,689864.39,235910.06,322931.66,279740.91
China,CHN,1990,5698267.54,15638200.98,28992086.01,10385153.13,60261637.18,7202416.84,5512862.4,17519469.73,45094045.11,13131185.51,29392756.27,8696720.83
China,CHN,1991,5746759.23,16028037.27,29354174.24,10633187.36,60677832.32,7271724.93,5859338.36,17373461.21,45971164.58,13173476.53,29085101.45,8786499.77
China,CHN,1992,5727043.08,16385721.3,29668898.73,10894318.3,61075979.02,7328134.24,6124093.91,17238164.69,46598917.97,13048213.68,28566338.27,8909658.58
China,CHN,1993,5696397.79,16711429.86,29834469.98,11120767.44,61365219.97,7381581.95,6314071.38,17194316.23,47399784.29,12849747.31,27952108.78,9015907.37
China,CHN,1994,5645307.86,17002731.15,29794575.89,11364414.03,61366963.88,7439591.94,6535580.97,17313458.98,48288666.78,12653009.04,27373705.35,9210749.31
China,CHN,1995,5625137.66,17261402.5,29575861.99,11574450.77,61735200.26,7496094.44,6680510.38,17631013.19,49265641.58,12476854.83,26913334.48,9395789.04
China,CHN,1996,5564904.71,17472645.05,29354991.4,11747400.76,62324192.18,7556666.29,6694061.96,18082818.38,50111266.61,12219820.85,26431909.05,9546826.95
China,CHN,1997,5482963.88,17642788.22,28902894.48,11916754.58,62618263.82,7621891.77,6578054.21,18549296.86,50749578.31,11963211.82,26029148.11,9683090.94
China,CHN,1998,5453311.94,17792875.21,28578634.67,12096818.74,63424389.43,7685954.6,6510903.54,19045119.12,51740671.34,11784104.28,25544963.99,9902051.53
China,CHN,1999,5470881.76,17942459.33,28566234.34,12284509.55,65082599.43,7746716.21,6359406.69,19559435.96,52982471.88,11712817.57,25101501.91,10158032.74
China,CHN,2000,5516015.51,18110029.27,28653966,12506302.53,67584492,7809024.53,6291913.5,20089551.64,54415394.24,11699070.97,24572990.76,10436823.74
China,CHN,2001,5541631.49,18261627.71,28265369.03,12745759.23,69094326.88,7865260.8,6152234.67,20657054.51,55016049.69,11644967.86,23967167.39,10817342.52
China,CHN,2002,5569409.18,18367713.15,28013657.77,12994509.38,71027849.8,7907523.92,6044725.26,21226513.49,55365991.78,11619153.31,23311217.48,11362461.42
China,CHN,2003,5598326.65,18442950.67,27723476.03,13274772.3,72771246.09,7944971.94,5959191.97,21810899.63,55956242.17,11609668.7,22678975.19,11950038.94
China,CHN,2004,5658520.83,18513612.7,27530543.84,13584646.73,74834735.03,7979833.92,5964254.62,22404799.86,57342529.51,11677744.95,22299114.66,12602347.64
China,CHN,2005,5578765.51,18602781.91,26755023.04,13804401.6,75294718.27,8005858.84,5958344.99,22946233.64,57654581.06,11501066.27,21862064.31,12987987.76
China,CHN,2006,5436435.76,18693839.03,25413560.72,13969844.08,74290488.58,8024000.38,5850367.28,23462898.77,57194291.9,11222355.67,21293382.51,12974595.41
China,CHN,2007,5289042.38,18759182.13,24500056.09,14172237.96,74512611.36,8037862.17,5678261.87,23963859.84,57403806.33,10961378.93,20641325.73,13037068.55
China,CHN,2008,5180365.38,18817241.03,24071141.89,14422631.81,76125894.59,8046080.99,5497168.1,24465714.31,58102420.58,10799904.28,20060067.21,13208558.9
China,CHN,2009,5040750.26,18887589.48,23782090.09,14695966.61,78183023.84,8052072.62,5339962.84,24980314.03,58765000.96,10624954.51,19600806.59,13432383.25
China,CHN,2010,4918149.55,18991568.03,23510123.52,14953721.97,80610122.15,8056435.63,5287740.13,25499845.55,59589817.03,10486907.25,19237381.94,13706978.45
China,CHN,2011,4776485.37,19117092.36,23078078.32,15148279.36,82302646.69,8061857.66,5283211.61,26050067.49,59996108.6,10334089.45,19107750.42,13948697.34
China,CHN,2012,4637776.57,19238291.39,22580246.36,15338279.46,82987000.97,8069820.51,5274997.44,26616920.03,60264568.98,10182164.12,19073306.58,14168238.17
China,CHN,2013,4507027.8,19365671.93,22150269.04,15538602.01,84119642.54,8083895.74,5285574.77,27193475.92,60399380.36,10031275.62,18966208.61,14420570.62
China,CHN,2014,4418459.58,19502205.25,21876172.32,15796462.63,85130508.23,8100900.03,5316146.93,27759744.41,61053469.97,9924974.49,18800444.79,14699221.33
China,CHN,2015,4345735.11,19652870.32,21673051.18,16032723.4,86067949.26,8121313.08,5335760.47,28281503.17,61662859.06,9860808.96,18908754.77,14936529.68
China,CHN,2016,4322791.28,19931935.83,21770179.88,16332837.55,87792423.4,8152248.51,5453651.14,28580867.38,62842930.24,9924568.96,19152091.8,15290728.1
China,CHN,2017,4335622.77,20205661.15,21782248.52,16624312.33,89077217.57,8190258.57,5599561.38,28847177.95,64126022.87,9998346.26,19047245.39,15541542.83
China,CHN,2018,4315261.88,20300504.47,22040868.1,16965811.18,90160079.63,8228941.55,5693840.12,29349629.73,65685292.32,9965020.87,18963802.16,15732475.86
China,CHN,2019,4343006.24,20293826.8,22520549.05,17381405.54,91933122.12,8264701.92,5755658.25,29933924.1,67519830.21,10017880.42,19126072.29,15909173.23
Colombia,COL,1990,67748.83,451500.55,221546.31,345005.48,995325.83,148427.56,111491.17,464720.52,703788.54,272517.48,658305.13,317871.82
Colombia,COL,1991,72295.37,463408.91,232576.15,352356.61,1043365,151071.37,114844,483055.4,736337,281557.63,680298.33,335052.74
Colombia,COL,1992,74320.45,475460.97,241173.2,358277.49,1057380.98,153427.86,118229.46,502295,751278.7,286084.69,704777.05,346921.73
Colombia,COL,1993,76408.07,488207.16,248142.43,365139.19,1063398.05,156257.3,121449.73,521560.63,768745.66,290351.71,729870.61,358352.47
Colombia,COL,1994,78389.21,501182.46,256652.39,371964.99,1072884.55,159124.69,124138.11,540714.08,786884.52,294512.01,738504.04,372605.57
Colombia,COL,1995,79254.71,514362.15,263274.46,378462.15,1071496.45,161769.29,126233.58,558535.21,790386.45,295108.81,732720.58,385022.66
Colombia,COL,1996,81668.82,530717.37,273269.05,386850.02,1092054.39,165058.2,128507.96,577107.61,813874.73,300095.32,734559.56,405033.73
Colombia,COL,1997,78004.64,551360.64,272756.65,392972.56,1047677.13,168549.5,130988.31,595991.56,800353.47,294639.88,727748.83,412908.33
Colombia,COL,1998,76774.47,573534.79,276711.53,401361.96,1032162.56,172284.05,133490.97,616389.83,802118.31,294113.22,724892.87,428303.78
Colombia,COL,1999,79610.38,594537.98,287469.23,412653.49,1056046.29,176581.33,136179.94,637367.19,833811.26,303709.07,738904.96,453137.27
Colombia,COL,2000,80135.03,611091,289526.53,423318.44,1062040.03,180656.79,138648.88,656929.9,845223.21,307893.03,750759.65,466978.82
Colombia,COL,2001,80837.76,624277.09,295097.71,434006.45,1072811.7,184628.12,141100.97,675832.99,859600.68,314075.94,762816.27,476400.85
Colombia,COL,2002,92134.02,636895.44,316963.39,449201.24,1183601.56,188806.15,144299.47,695127.62,946062.64,339880.11,781681.5,508294.26
Colombia,COL,2003,87206.79,648903.22,311680.81,458445.5,1139332.5,191451.35,146742.64,713774.78,933043.43,335134.72,793844.72,502870.76
Colombia,COL,2004,87940.48,660181.4,313847.31,468825.53,1147334.22,194507.53,149320.75,732018.36,948460.32,340023.16,804898.59,507183.96
Colombia,COL,2005,85658.18,670703.45,310325.33,478765.04,1122419.76,197192.06,151529.17,750664.85,938974.23,338723.82,810037.89,501012.21
Colombia,COL,2006,88441.05,672453.23,318208.48,491831.46,1153764.93,200068.82,153219.91,770883.78,969604.43,348256.87,815033.61,512856.97
Colombia,COL,2007,86247.78,662616.98,317621.27,502340.88,1135609.12,202041.11,154246.25,791650.23,969429.81,347692.83,815923.19,514922.64
Colombia,COL,2008,87529.57,647602.06,324895.08,514963.61,1150004.47,204582.94,155208.16,814248,1001332.53,354828.09,824344.95,528642.76
Colombia,COL,2009,91137.13,635448.15,334685.58,527232.52,1191917.4,206970.46,156001.9,836045.22,1051754.57,366394.59,829058.02,546913.54
Colombia,COL,2010,90188.86,632843.16,336660.35,537285.18,1189103.72,208526.53,157526.95,857617.04,1066472.02,367060.46,827070.35,557955.23
Colombia,COL,2011,85259.25,637905.32,332809.26,545772.65,1154103.25,209246.08,159250.73,878134.15,1050771.24,359472.28,816851.95,561784.66
Colombia,COL,2012,85384.1,642913.25,337020.97,557172.37,1164886.83,209902.11,160667.88,900203.56,1070799.16,361381.12,816367.47,578201.64
Colombia,COL,2013,84847.06,647697.22,341734.45,569298.69,1172538.52,210802.63,161748.56,921719.27,1083162.7,362101.79,813983.74,592788.23
Colombia,COL,2014,84290.29,653007.82,346579.8,582245.02,1181931.19,211604.1,162510.39,944336.77,1102752.45,364123.91,812444.31,609521.33
Colombia,COL,2015,87326.67,660139.89,355445.39,596369.13,1222627.84,212831.18,163850.67,964737.69,1135413.74,372536.75,810164.62,635137.23
Colombia,COL,2016,89783.8,686300.64,362060.58,610054.46,1253437.21,215456.66,165901.34,986518.36,1164263.76,380346.74,802523.75,659904.01
Colombia,COL,2017,92106.55,716341.25,368040.42,626265.79,1282490.13,218998.95,169618.6,1010445.53,1190036.32,388929.27,809016.7,682530.7
Colombia,COL,2018,94486.06,727096.79,378297.32,639324.31,1317841.41,221238.19,172784.89,1030549.11,1214339.02,397237.09,808520.6,709725.78
Colombia,COL,2019,96342.91,733150.24,388120.21,648547.79,1347208.82,222379.54,175789.46,1047071.62,1235853.46,404012.47,805203.96,739590.06
Comoros,COM,1990,2795.97,6121.04,5011.04,3795.54,17274.25,2586.54,697.88,3522.56,8459.44,6268.32,17332.72,4505.61
Comoros,COM,1991,2857.84,6274.99,5088.65,3909.46,17578.46,2647.28,717.64,3641.75,8658.75,6410.65,17501.08,4639.45
Comoros,COM,1992,3049.88,6432.09,5280.59,4049.27,18464.87,2711.14,743.46,3766.12,9226.84,6793.75,17845.15,4921.08
Comoros,COM,1993,3140.98,6582.41,5327.17,4158.31,18825.19,2764.94,765.5,3885.94,9514.5,6965.01,17879.61,5075.81
Comoros,COM,1994,3301.52,6731.43,5456.86,4282.54,19517.27,2817.85,790.59,4004.86,9969.6,7277.6,17986.67,5314.28
Comoros,COM,1995,3419.81,6877.87,5506.26,4386.8,19915.43,2863.63,813.58,4117.29,10285.54,7496.46,17912.78,5483.59
Comoros,COM,1996,3522.95,7019.08,5549.09,4483.78,20243.42,2905.48,835.09,4226.24,10536,7689,17761.38,5640.05
Comoros,COM,1997,3592.96,7156.95,5520.43,4545.93,20323.83,2940.65,854.82,4335.94,10637.1,7803.63,17450.67,5725.46
Comoros,COM,1998,3584.55,7293.25,5380.64,4584.6,19896.91,2971.77,870.84,4446.09,10539.72,7762.46,17103.38,5690.11
Comoros,COM,1999,3611.63,7432.35,5282.84,4630.73,19666,3005.28,888.65,4561.54,10574.82,7788.48,16883.2,5701.26
Comoros,COM,2000,3771.64,7577.08,5307.56,4720.98,20055.87,3045.91,915.08,4683.39,10974.26,8066.41,16870.07,5881.32
Comoros,COM,2001,3792.28,7725.08,5237.22,4784.73,20052.27,3082.18,936.03,4814.6,11036.77,8087.63,16872.5,5920.5
Comoros,COM,2002,3808.71,7873.27,5209.85,4854.38,20080.49,3118.54,956.6,4963.99,11145.07,8121.9,16957.2,5976.88
Comoros,COM,2003,3728.09,8025.26,5131.5,4900.48,19850.22,3151.54,974.72,5124.8,11053.84,7987.33,16964.61,5946.83
Comoros,COM,2004,3580.77,8181.47,5062.36,4955.5,19380.06,3189.13,988.25,5287.88,10811.55,7768.49,17248.73,5866.58
Comoros,COM,2005,3772.8,8339.52,5192.67,5096.58,20065.93,3235.92,1019.61,5451.22,11412.79,8140.66,17510.68,6135.71
Comoros,COM,2006,3494.68,8499.48,5040.35,5101.12,19404.57,3266.41,1025.38,5599.86,10845.15,7598.92,17443.17,5944.48
Comoros,COM,2007,3945.83,8659.78,5376.48,5343.1,20905.09,3329.88,1068.15,5774.48,12155.66,8471.04,18040.57,6503.46
Comoros,COM,2008,4068.2,8817.31,5498.33,5470.49,21548.63,3374.74,1095.44,5943.78,12647.43,8699.92,18145.83,6747.27
Comoros,COM,2009,3807.4,8982.35,5328.48,5452.22,20958.3,3398.51,1101.17,6099.37,12027.99,8171.51,17652.28,6569.48
Comoros,COM,2010,3631.26,9156.85,5191.38,5422.96,20744.17,3420.53,1112.64,6260,11604.69,7753.69,16937.37,6449.15
Comoros,COM,2011,3817.88,9343.19,5344.07,5577.95,21559.36,3471.31,1144.04,6432.58,12223.48,8108.81,17065.91,6752.12
Comoros,COM,2012,3904.27,9544.32,5392.49,5655.72,22134.68,3508.88,1170.97,6604.24,12542.95,8225.96,16750.47,6928.51
Comoros,COM,2013,4038.02,9750.34,5471.68,5766.73,22750.9,3547.91,1199.77,6781.76,12959.37,8461.11,16380.01,7152.06
Comoros,COM,2014,4720.47,9958.72,5940.91,6119.6,24992.97,3626.11,1260.65,6983.66,15040.17,9786.65,17060.99,8009.55
Comoros,COM,2015,4808.19,10168.92,5994.49,6222.2,25489.08,3664.98,1290.47,7163.12,15354.91,9927.4,16776.67,8194.75
Comoros,COM,2016,4909.19,10383.35,6042.7,6345.65,25970.95,3703.22,1320.23,7348.81,15660.46,10077.85,16426.02,8360.14
Comoros,COM,2017,5012.56,10598.9,6120.3,6474.3,26487.92,3743.7,1348.31,7536.2,16018.49,10245.73,16226.67,8540.24
Comoros,COM,2018,4867.17,10814.96,6079.42,6514.47,26451.85,3768.81,1374.48,7724.74,15799.67,9965.46,15843.86,8536.14
Comoros,COM,2019,4865.34,11038.9,6125.42,6593.79,26823.61,3798.44,1414.21,7927.86,15931.59,9946.92,15605.01,8684.29
Congo,COG,1990,23094.29,39057.77,30064.67,25988.19,116677.4,12322.75,5951.63,20558.5,54159.92,41810.71,79006.2,35005.6
Congo,COG,1991,23041.79,40344.55,30101.83,26740.32,116807.9,12691.78,6128.82,21252.82,54425.28,41786.09,80275.48,35354.05
Congo,COG,1992,23245.42,41696.59,30354.12,27568.35,117839.36,13065.68,6348.02,21958.52,55130.03,42213.99,81864.43,36033.94
Congo,COG,1993,23498.8,43083.04,30839.32,28442.34,120432.1,13444.74,6574.02,22670.14,56358.14,42754.63,83469.87,37080.31
Congo,COG,1994,25043.17,44495.86,32181.38,29771.24,127019.4,13842.11,6906.11,23427.28,60097.66,45418.43,86049.38,39476.86
Congo,COG,1995,25673.9,45945.6,32858.26,30672.25,130508.94,14204.83,7170.37,24145.84,61796.9,46518.5,87856.96,40846.11
Congo,COG,1996,26431.71,47505.57,33710.34,31667.73,134937.54,14560.35,7442.26,24815.35,64201.34,47812.36,90169.87,42442.83
Congo,COG,1997,27600.33,49066.12,34406.9,32747.35,138100.27,14904.36,7681.54,25282.42,66444.52,49796.38,92316.1,44098.66
Congo,COG,1998,26636.68,50617.04,33685.02,32885.38,134856.3,15166.48,7696.77,25561.5,64380.41,48283.71,92639.61,43370.98
Congo,COG,1999,27299.18,52341.81,33865.2,33693.41,135570.45,15509.52,7869.62,26034.87,65206.6,49454.48,93992.03,44301.24
Congo,COG,2000,27108.51,54008.93,33377.94,34264.04,133174.32,15838.61,7967.24,26653.31,64244.54,49226.65,94708.02,44146.17
Congo,COG,2001,26477.37,55604.55,32620.85,34636.88,129385.03,16133.23,8027.39,27455.96,62413.26,48229.41,95143.17,43427.26
Congo,COG,2002,26581.71,57246.22,32412.12,35304.87,127554.5,16449.39,8147.94,28378.14,62199.63,48476.64,96658.58,43443.91
Congo,COG,2003,27998.23,58861.94,33176.91,36288.62,131060.07,16795.59,8393.8,29419.42,64724.39,50782.52,98826.95,45091.64
Congo,COG,2004,28912.23,60497.78,33593.44,37065.2,133196.88,17144.29,8601.26,30495.47,66462.19,52246.25,100395.8,46105.22
Congo,COG,2005,30050.8,62202.07,34071.93,38112.75,135052.46,17565.62,8810.09,31606.68,68807.94,54196.9,103689.37,47287.6
Congo,COG,2006,30845.77,63944.69,34388.58,39017.63,137477.04,18032.32,9011.68,32764.86,70696.53,55578.32,105428.9,48478.42
Congo,COG,2007,31748.03,65662.07,34802.54,40020.18,141065.89,18517.78,9213.75,33985.06,73015.69,57338.65,107514.02,49967.09
Congo,COG,2008,32395.88,67389.99,35166.19,41021.93,144790.38,19029.89,9405.64,35242.22,75331.68,58622.03,109470.76,51485.08
Congo,COG,2009,32888.33,69185.36,35402.27,42106.65,147147.62,19554.9,9602.66,36548.41,77444.94,59611.39,111332.51,52838.53
Congo,COG,2010,32931.36,71025.39,35535.67,43046.89,149055.93,20074.86,9833.9,37887.52,79436.49,59684.57,112177.63,53980.9
Congo,COG,2011,32680.64,72923.05,35770.64,43968.66,151058.13,20620.75,10088.07,39298.49,81113.6,59215.5,113124.24,55119.47
Congo,COG,2012,33363.65,74712.91,36561.86,45337.63,155974.07,21213.76,10448,40809.17,84841,60394.6,114914.48,57489.37
Congo,COG,2013,33637.39,76601.89,37155.67,46530.06,160102.1,21804.51,10781.68,42349.76,87789.83,60785.88,115333.51,59493.91
Congo,COG,2014,33994.97,78550.85,37764.02,47742.93,164846.71,22386.7,11103.72,43943.47,90781.61,61369.58,116160.71,61544.62
Congo,COG,2015,34290.34,80662.02,38169.37,48950.15,167911.14,22958.9,11400.32,45552.51,93094.8,61792.93,115642.46,63258.23
Congo,COG,2016,34753.84,82927.36,38690.87,50442.65,171865.68,23483.31,11630.7,47244.34,95372.82,62473.54,114653.01,64925.37
Congo,COG,2017,35715.2,85310.5,39486.61,52048.38,176749.9,24011.54,11881.2,49003.5,98432.86,63990.26,113975.13,67014.83
Congo,COG,2018,36476.16,87786.85,40464.29,53353.67,182714.87,24561.66,12262.45,50963.9,102151.09,65143.63,113892.22,69572.17
Congo,COG,2019,37357.59,90339.4,41549.57,54559.02,188700.62,25099.81,12702.87,53214.57,105770.32,66545.49,114151.9,72157.63
Cook Islands,COK,1990,61.23,252.01,250.64,190.9,1123.54,120.83,52.72,280.36,507.29,140,230.54,529.34
Cook Islands,COK,1991,60.37,254.78,245.83,192.11,1115.08,121.58,52.84,285.96,509.36,138.68,227.97,541.86
Cook Islands,COK,1992,59.26,257.17,241.31,193.32,1105.43,122.11,52.86,291.26,511.54,137.06,225.04,556.17
Cook Islands,COK,1993,58.05,259.07,236.98,194.41,1093.92,122.26,52.81,296.18,512.04,135.12,221.8,569.22
Cook Islands,COK,1994,56.99,260.61,233.65,195.45,1084.51,122.18,52.69,300.78,512.58,133.39,220.72,583.69
Cook Islands,COK,1995,56.44,261.84,231.72,196.45,1079.79,121.76,52.48,305.64,515.38,132.23,219.25,600.19
Cook Islands,COK,1996,56.2,262.41,230.65,197.15,1077.93,120.95,52.36,310.41,518.61,131.5,217.66,617.94
Cook Islands,COK,1997,56.32,262.24,230,197.29,1080.6,119.67,52.33,315.11,522.81,131.35,216,637.16
Cook Islands,COK,1998,56.59,261.69,229.09,197.18,1083.69,118.32,52.27,319.67,526.48,131.41,214.31,656.07
Cook Islands,COK,1999,56.89,261.37,229.36,197.98,1092.35,117.24,52.4,324.82,533.22,131.96,213.82,677.88
Cook Islands,COK,2000,56.95,261.76,228.01,198.83,1097.99,116.68,52.37,330.47,541.67,132.23,213.07,702.3
Cook Islands,COK,2001,55.29,263.06,232.42,200.63,1088.62,117,52.74,336.53,545.99,129.26,209.73,720.83
Cook Islands,COK,2002,54.32,266.01,235.76,203.37,1091.19,118.27,53.6,342.8,549.62,127.91,207.83,744.82
Cook Islands,COK,2003,53.42,269.76,234.2,206.41,1078.68,119.92,53.85,349.28,560.26,126.57,207.07,767.72
Cook Islands,COK,2004,52.44,273.76,231.15,209.59,1073.95,121.68,53.21,355.55,567.87,125.16,207.39,790.36
Cook Islands,COK,2005,52.63,277.35,227.74,212.64,1074.41,123.22,53.19,361.39,573.32,125.55,208.18,808.33
Cook Islands,COK,2006,52.91,279.59,224.22,215.03,1075.19,123.82,53.67,366.22,581.52,125.93,208.27,805.64
Cook Islands,COK,2007,53.13,279.53,221.1,216.51,1079.27,123.27,53.88,369.22,590.21,126.18,207.99,813.1
Cook Islands,COK,2008,52.99,277.7,218.5,216.67,1086,121.87,53.27,371.12,593.81,125.55,204.89,814.89
Cook Islands,COK,2009,52.86,274.75,216.66,216.73,1101.4,120.01,52.6,372.51,600.95,125.08,201.12,822.37
Cook Islands,COK,2010,53.09,271.46,216.99,217.46,1130.48,118.27,52.01,374.04,614.08,125.34,198.79,839.38
Cook Islands,COK,2011,53.86,268.52,217.18,218.72,1161.67,116.8,51.25,376.16,629.24,126.7,196.8,861.53
Cook Islands,COK,2012,54.35,266.89,218.72,220.54,1192.75,115.83,51.21,379.17,639.5,127.57,194.79,875.39
Cook Islands,COK,2013,54.58,266.04,220.62,222.6,1223.65,115.13,51.15,382.61,650.08,128.01,192.29,884.99
Cook Islands,COK,2014,54.98,266.08,222.05,224.78,1243.46,114.83,50.81,386.48,659.8,128.97,191.44,901.96
Cook Islands,COK,2015,55.26,266.23,224.57,227.41,1264.09,114.77,51.17,390.64,674.62,129.81,191.9,924.09
Cook Islands,COK,2016,55.5,266.67,227.63,230.65,1287.12,114.81,51.58,394.45,689.77,130.55,191.72,946.64
Cook Islands,COK,2017,55.98,267.2,232.12,233.72,1300.03,114.8,51.55,398.15,702.63,131.87,191.21,968.28
Cook Islands,COK,2018,56.38,268.01,234.58,236.42,1312.24,114.84,51.34,402.64,715.18,132.86,191.18,991.31
Cook Islands,COK,2019,56.59,269.12,236.86,239.12,1323.63,114.96,51.11,407.6,726.43,133.64,191.13,1014.14
Costa Rica,CRI,1990,10159.11,44750.58,19792.77,30995.72,73933.35,13409.62,9431.05,43376.57,64631.27,25057.2,61695.43,25379.96
Costa Rica,CRI,1991,10863.96,46322.92,20474.42,31976.45,76564.26,13822.52,9670.4,45181.5,66551.54,26337.68,62044.97,26727.72
Costa Rica,CRI,1992,11884.72,47927.81,21274.54,33096.96,79516.71,14247.17,10030.09,47031.1,69114.37,28053.19,62734.69,28132.04
Costa Rica,CRI,1993,12395.81,49596.03,21872.29,34000.62,80825.16,14654.35,10376.11,48929.68,70186.82,29018.14,63037.53,29303.06
Costa Rica,CRI,1994,13701.1,51280.76,23099.9,35215.14,85844.01,15073.25,10740.96,50928.23,74764.72,31075.82,63661.24,31423.42
Costa Rica,CRI,1995,15008.52,53010.09,24478.22,36496.87,89974.17,15488.13,11185.72,52959.96,79503.45,33217.75,64592.17,33842.65
Costa Rica,CRI,1996,14579.41,54766.04,25228.94,37400.41,87178.84,15874.73,11559.38,54966.69,78471.21,32963.89,64285.48,34749.68
Costa Rica,CRI,1997,15254.14,56549.02,27446.1,38623.49,88038.54,16274.92,12159.56,57050.98,80655.03,34415.88,67585.22,36622.64
Costa Rica,CRI,1998,15918.8,58320.01,29124.7,39697.06,89461.42,16611.12,12509.65,59121.08,83155.57,35662.84,66539.22,38655.15
Costa Rica,CRI,1999,16796.68,60089.49,30509.48,41229.99,92734.86,16974.69,12950.05,61247.79,86584.7,37274.36,66258.21,41035.8
Costa Rica,CRI,2000,16171.76,61736.33,30610,42149,90914.21,17237.43,13116.34,63220.15,85236.66,36702.86,65066.28,41969.41
Costa Rica,CRI,2001,16642.61,63287.72,31201.23,43693.87,93312.51,17492.24,13368.16,65279.52,88570.82,37786.6,66769.15,44325.38
Costa Rica,CRI,2002,17045.94,64815.85,30677.69,44894.69,91968.78,17705.98,13755.1,67266.49,88539.61,38413.69,66991.39,45731.41
Costa Rica,CRI,2003,17547.01,66250.25,31078.81,46094.38,93442.31,17937.36,14133.67,69195.95,91978.27,39271.31,66428.09,48551.12
Costa Rica,CRI,2004,18100.6,67609.88,31143.63,47409.54,95864.97,18151.92,14587.6,71100.06,95538.42,40288.8,66230.22,50868.44
Costa Rica,CRI,2005,16995.68,68889.48,30162.63,48070.42,91339.59,18297.18,14743.28,73082.8,93507.39,38870.5,66621.88,50531.47
Costa Rica,CRI,2006,18884.19,70117.92,30712.98,49602.53,97726.84,18495.77,15316.76,75232.04,100752.22,41678.12,67820.38,53449.88
Costa Rica,CRI,2007,17243.7,71314.35,29067.05,49956.88,89774.34,18631.77,15610.71,76918.51,93652.49,39396.72,69141.31,51796.93
Costa Rica,CRI,2008,18109.21,72487.93,29139.26,51358.67,93852.84,18794.32,16027.98,78998.08,99083.68,40840.76,69223.95,54524.89
Costa Rica,CRI,2009,18063.82,73640.84,28794.51,52221.85,94387.16,18980.53,16253.94,81046.48,102413.24,41197.33,69453.99,56082.42
Costa Rica,CRI,2010,20607.59,74727.31,30744.7,54159.9,107247.43,19203.67,16704.56,83267.84,115241.47,45534.58,71940.08,61513.09
Costa Rica,CRI,2011,19788.71,75758.29,30206.92,54962.26,104779.11,19342.91,16858.64,85215.13,113508.14,44778.77,72513.54,61886.39
Costa Rica,CRI,2012,19947.93,76798.23,30373.92,56087.7,106325.54,19501.4,17030.21,87158.44,115735.9,45424.6,72940.75,63801.08
Costa Rica,CRI,2013,20809.6,77850.1,30848.28,57291.03,108433.99,19669.98,17201.95,89234.68,119192.79,46864.63,72853.62,66348.63
Costa Rica,CRI,2014,21360.08,78881.05,31249.55,58387.26,110214.03,19833.61,17362.35,91176.3,120860.23,47908.89,73238.46,68898.31
Costa Rica,CRI,2015,22779.57,79856.51,32145.79,59838.72,114748.41,19995.9,17692.94,93185.48,126862.96,50247.36,73497.52,72887.11
Costa Rica,CRI,2016,24560.91,80803.22,33501.8,61815.76,121236.05,20201.73,17963.94,95159.93,134920.8,53255.21,74892.98,77598.54
Costa Rica,CRI,2017,25137.97,81662.37,34245.1,63185.74,124834.68,20357.24,18044.83,97024.15,138836.98,54529.56,74529.37,80351.28
Costa Rica,CRI,2018,25802.19,82509.71,35105.31,64227.28,128293.52,20513.76,18318.13,98884.13,142329.44,55736.69,74421.97,83384.14
Costa Rica,CRI,2019,26139.74,83302.05,35890.26,65313.29,130693.55,20652.02,18793.87,100845.88,145091.72,56576.82,74497.89,86307.9
Cote d'Ivoire,CIV,1990,87688.02,144357.24,103761.92,117284.78,329678.95,57426.05,15906.16,88520.68,160737.19,169017.96,578393.42,112567.32
Cote d'Ivoire,CIV,1991,91671.69,150808.37,106645.48,122540.48,344462.42,59872.96,16709.79,92926.61,168223.57,176517.73,595546.05,118587.24
Cote d'Ivoire,CIV,1992,95715.15,157334,109766.89,127998.37,361634.71,62370.32,17561.27,97404.67,176158.76,184311.82,614039.64,125401.64
Cote d'Ivoire,CIV,1993,101032.39,164149.05,113821.91,134184.35,382909.35,64942.24,18503.86,102092.09,186428.93,194497.67,634964.2,134145.68
Cote d'Ivoire,CIV,1994,105934.28,170933.64,117661.18,140190.09,403973.63,67493.54,19397.3,106786.44,196028.16,204150.45,655506.05,142749.7
Cote d'Ivoire,CIV,1995,110806.78,177750.52,121011.03,146023.55,425040.2,69925.69,20297.95,111322.22,205244.92,213714.71,673195.73,151246.3
Cote d'Ivoire,CIV,1996,114712.02,184520.94,123078.98,151754.36,440650.88,72238.79,21162.55,115761.83,212695.25,221947.84,686859.91,158347.55
Cote d'Ivoire,CIV,1997,117468.48,191109.27,124449.11,157335.68,452923.72,74525.86,21982.25,120106.67,218824.38,229100.36,700289.85,164751.06
Cote d'Ivoire,CIV,1998,120592.99,197636.37,126484.19,163225.95,468127.48,76788.22,22876.94,124507.95,226532.21,237140.13,713237.35,172220.67
Cote d'Ivoire,CIV,1999,122816.12,203909.3,128578.19,168773.64,483146.6,78946.78,23748.02,128803.98,233615.17,243660.61,719762.57,179434.69
Cote d'Ivoire,CIV,2000,125254.52,210111.66,131514.65,174200.51,498550.36,81058.75,24588.63,133048.72,240749,247955.31,724156.66,186676.36
Cote d'Ivoire,CIV,2001,128007.08,216179.72,134309.63,179408.3,509183.76,83053.32,25495.54,137250.33,247555.06,250647.95,730386.75,192414.35
Cote d'Ivoire,CIV,2002,129640.39,222019.03,136709.68,184471.05,517424.21,84982.65,26423.2,141566.71,252825.25,251823.51,737721.8,197179.09
Cote d'Ivoire,CIV,2003,132090.48,227893.19,139449.32,189152.93,527115.52,86815.1,27392.59,145921.14,259042.15,254274.45,744475.91,202587.93
Cote d'Ivoire,CIV,2004,133789.18,233658.33,142001.96,193469.55,535850.78,88673.25,28313.5,150234.98,263826.16,256034,752564.54,206601.46
Cote d'Ivoire,CIV,2005,134801.4,239447.79,143832.06,197450.54,541310.56,90480.12,29029.37,154666.91,267378.16,256413.59,756663.39,209235.93
Cote d'Ivoire,CIV,2006,136616.81,245197.85,146456.93,202548.69,548047.68,92404.99,29662.46,159231.97,273902.89,259442.13,774165.85,213154.69
Cote d'Ivoire,CIV,2007,137407.87,250965.58,147724.51,205864.14,550215.25,94198.91,30346.48,164051.89,277478.27,259564.77,774954.07,215277.71
Cote d'Ivoire,CIV,2008,137798.91,256630.05,148919.47,209333.27,553136.3,96012.75,30915.23,169003.84,281222.26,259123.44,774847.21,217390.71
Cote d'Ivoire,CIV,2009,140254.99,262592.16,151324.57,213554.55,562401.63,97957.79,31642.12,174211.81,289286.39,262190.34,780158.26,222282.03
Cote d'Ivoire,CIV,2010,142865.34,268787.53,154237.39,218163.54,572373.34,100059.42,32365.62,179397.11,297673.74,265199.04,782926.26,227508.72
Cote d'Ivoire,CIV,2011,142639.93,275368.6,156660.34,222718.13,582586.73,102186.44,33086.04,184588.7,304516.82,267246.75,778617.19,231945.23
Cote d'Ivoire,CIV,2012,144483.95,282490.64,160738.64,229386.27,596164.3,104684.01,33794.29,189987.2,317591.94,274133.48,798889.1,239138.51
Cote d'Ivoire,CIV,2013,147992.05,290191.5,165897.75,236807.73,615929.24,107325.86,34653.24,195483.14,333831.97,283666.96,821724.99,248561.04
Cote d'Ivoire,CIV,2014,149238.47,297885.71,168906.86,242937.21,627524.58,109968.5,35350.13,201223.19,344901.44,289050.89,834062.87,255654.1
Cote d'Ivoire,CIV,2015,148403.81,305739.85,170687.78,248973.39,636509.26,112540.58,35923.48,207218.49,352918.03,291143.2,848996.9,260779.62
Cote d'Ivoire,CIV,2016,145869.65,313642,170194.61,252939.54,631295.65,114768.03,36452.57,213282.94,353270.2,287996.54,827865.82,261416.69
Cote d'Ivoire,CIV,2017,147039.61,321912.47,171507.92,258108.3,633809.09,117082.49,37181.42,219659.88,357991.1,288809.7,813015.99,264654.53
Cote d'Ivoire,CIV,2018,149688.59,330518.32,175164.46,264965.49,650031.87,119704.39,38259.5,227005.11,371932.69,292463.28,812864.86,273629.03
Cote d'Ivoire,CIV,2019,148383.52,339771.89,176610.72,271260.04,652984.35,122111.43,39306.27,235244.76,376763.46,290052.89,805857.63,277705.31
Croatia,HRV,1990,58361.4,82925.18,43882.19,70148.48,513210.62,20935.72,28571.46,92389.52,300128.8,95092.41,87757.29,51632.23
Croatia,HRV,1991,56408.61,82783,43364.1,70266.87,497862.96,20823.11,28015.35,92976.14,295064.15,92762.9,86515.41,52952.03
Croatia,HRV,1992,55134.6,82454.26,43530.88,70238.81,490469.2,20666.06,27317.74,93437.08,296963.05,91274.36,86382.84,55266.92
Croatia,HRV,1993,54265.66,82061.16,43739.73,70197.68,486672.27,20488.69,26825.23,93841.96,297496.19,90566.7,85928.24,56971.9
Croatia,HRV,1994,53470.45,81578.17,43914.14,70137.45,480671.22,20315.5,27028.6,94175.21,295569.58,89632.95,85680.66,58846.47
Croatia,HRV,1995,52971.48,81009.67,44329.55,70425.81,484130.9,20167.09,27529.83,94455.89,295221.67,89132.68,85317.96,60881.37
Croatia,HRV,1996,53055.01,80374.05,44560.16,70194.24,490461.49,20016,27612.22,94445.61,300396.49,89396.5,85180.27,63086.59
Croatia,HRV,1997,53762.68,79654.08,45000.76,69668.14,497997.78,19887.97,27634.22,94160.49,305815.51,90472.14,84732.81,65209.52
Croatia,HRV,1998,52983.66,78892.7,44596.57,68665.57,491819.13,19767.02,27618.69,93807.78,299392.21,89362.92,82673.54,65621.1
Croatia,HRV,1999,52482.91,78137.74,44813.23,67997.56,486389.03,19633,27806.15,93481.47,292587.74,88661.22,81653,65527.32
Croatia,HRV,2000,50187.29,77436.39,44065.99,68071.65,473439.89,19477.49,27898.5,93447.82,277135.8,85996.53,80568.99,64558.47
Croatia,HRV,2001,49091.91,76799.73,43835.29,68500.31,466610.1,19344.09,28086.19,93615.85,272391.88,84773.66,80224.4,64252.41
Croatia,HRV,2002,47814.68,76155.06,44208.48,69024.66,464947.18,19207.74,28025.94,93875.33,276640.07,83705.31,79468.98,65470.72
Croatia,HRV,2003,46377.05,75552.89,45245.92,69418.14,462445.87,19077.81,28692.08,94166.94,289856.07,82359.8,78768.98,67000.39
Croatia,HRV,2004,43168.02,75029.38,44721.64,69538.86,439619.16,18959.56,29156.94,94401.34,286354.1,78588.79,78335.71,66720.3
Croatia,HRV,2005,43515.29,74576.03,45543.11,70512.63,439890.74,18873.46,29789.42,94648.11,296335.66,79086.4,78276.73,68205.07
Croatia,HRV,2006,41759.72,74214.94,45073.74,71114.44,427417.02,18784.43,29947.87,94795.64,293337.93,76896.5,77228.91,68889.81
Croatia,HRV,2007,42162.07,73906,46245.41,72397.91,431760.91,18727.05,30531.1,94893.21,300526.52,77529.57,76786.98,71064.69
Croatia,HRV,2008,42137.8,73575.96,46678.1,73180.29,429354.08,18647.64,30496.39,94879.81,315553.24,77667.43,75735.71,71982.87
Croatia,HRV,2009,38938.4,73294.77,46411.91,73536.72,409619.04,18583.04,29736.19,94801.92,310651.33,73716.3,75056.85,71227.85
Croatia,HRV,2010,37047.6,73059.88,46558.69,74589.63,405162.65,18546.79,29295.33,94994.55,309717.89,71662.92,73921.57,71506.51
Croatia,HRV,2011,35286.54,72855.14,46812.99,75521.24,395652.16,18495.88,28919.26,95160.69,309756.26,69474.91,73669.1,70895.16
Croatia,HRV,2012,34226.8,72654.7,47287.97,76513.93,389822.64,18463.3,28789.42,95285.48,311255.38,68107.22,73723.34,71438.78
Croatia,HRV,2013,31605.61,72449.74,46812.4,76981.31,375435.9,18417.15,28334.35,95447.08,303238.04,64790.91,74736.3,71218.33
Croatia,HRV,2014,31161.98,72288.52,47413.14,77951.14,375943.98,18376.11,28249.02,95642.01,306847.32,64251.67,75529.76,72937.39
Croatia,HRV,2015,31634.38,72083.31,48871.81,79491.78,389351.48,18321.15,27997.7,95829.71,315764,65249.51,76336.66,76021.64
Croatia,HRV,2016,29521.94,72056.85,47498.38,79769.88,365886.41,18257.9,26858.04,95926.57,298838.6,62208.4,76007.65,75795.23
Croatia,HRV,2017,29704.33,72017.54,47837.1,81192.81,370804.77,18204.48,26149.85,96150.56,297036.74,62563.55,75329.07,76438.99
Croatia,HRV,2018,29649.74,71840.95,47939.78,81904.07,372958.87,18126.15,26168.67,96476.28,294850.8,62461.86,75042.14,77643.06
Croatia,HRV,2019,29869.21,71561.29,48168.27,82468.36,377421.05,18030.72,26250.94,96957.74,295042.17,62548.54,74862.47,79530.28
Cuba,CUB,1990,30839.51,230736.09,81811.67,123355.27,595563.53,55825.08,35669.83,159896.9,371280.22,95421.68,197077.77,140778.6
Cuba,CUB,1991,32086.64,232079.19,83335.46,124993.04,593797.98,56160.36,36561.61,163677.78,374937.5,97742.59,195727.02,143990.44
Cuba,CUB,1992,33767.87,233112.82,86060.12,126993.86,608035.07,56457.53,37374.82,167542.99,383936.87,100913.05,192682.62,148434.03
Cuba,CUB,1993,35163.72,234104.34,88987.1,128674.47,621745.88,56640.5,38022.07,171120.62,390313.51,103427.78,190699.79,151813.41
Cuba,CUB,1994,35807.17,234811.36,90416.79,130127.26,626383.53,56812.47,38578,174469.14,394424.64,104340.48,192211.3,153880.85
Cuba,CUB,1995,34957,235561.61,92094.2,131158.53,626540.9,56954.37,39232.79,177796.75,396409.98,103248.68,192820.73,155160.56
Cuba,CUB,1996,34204.11,236165.25,93876.66,132019.66,624458.29,57055.46,40073.88,180865.19,395615.93,102268.03,188506.29,154315.83
Cuba,CUB,1997,34135.48,236449.55,96445.67,133398.11,618222.47,57343.84,41236.38,183948.39,396735.9,102647.71,187543.77,152150.41
Cuba,CUB,1998,35039.79,236752.26,99493.62,134983.61,622321.4,57567.53,42682.65,187209.41,408564.15,104787.06,188361.66,151348.67
Cuba,CUB,1999,35906.76,236861.72,101729.56,136610.75,620989.73,57623.21,43992.68,190223.06,418506.02,106377.67,187355.42,150359.83
Cuba,CUB,2000,35294.17,237027.92,101326.71,137609.15,605752.03,57758.9,44714.85,193407.61,423594.6,106007.42,187156.33,149735.75
Cuba,CUB,2001,36061.29,236925.77,103342,138979.72,607377.97,57987.16,44550.69,196618,436760.58,106744.55,184880.95,152607.91
Cuba,CUB,2002,34875.64,236558.52,101179.56,139436.78,576359.08,58090.64,44306.05,199811.12,432705.11,103975.69,184497.32,152266.14
Cuba,CUB,2003,36490.48,236099.8,104393.9,141767.71,586925.48,58382.65,43960.67,203357.98,450648.39,106558.23,183615.48,157970.42
Cuba,CUB,2004,37511.16,235463.43,106456.51,143422.41,595441.03,58526.88,43600.52,206658.09,462806.89,108147.94,181983.66,162598.91
Cuba,CUB,2005,39373.62,234833.01,108628.54,145280.54,610839,58704.65,43785.28,209701.93,481748.4,110897.84,181478.5,169110.6
Cuba,CUB,2006,38135.21,234079.26,106599.36,145640.46,584785.47,58719.53,43577.35,211960.61,477089.22,108735.8,177489.13,170894.92
Cuba,CUB,2007,39239.23,233132.49,108466.05,147467.21,590320.42,58793.15,44536.2,214179.44,491016.71,110433.2,177610.63,175976.87
Cuba,CUB,2008,40427.89,232149.55,110059.06,149644.77,601926.18,58829.12,45669.02,216376.96,504801.04,112575.49,178809.74,181545.56
Cuba,CUB,2009,42019.21,231535.25,111429.71,151654.44,608715.33,58912.47,46665.99,218348.27,516052.11,115318.03,179884.55,186620.54
Cuba,CUB,2010,43892.44,231451.5,113524.56,153644.1,618817.84,59043.5,47013.58,220437.72,527774.27,118328.15,179973.53,192046.09
Cuba,CUB,2011,42356.24,231874.82,112304.03,154293.54,588591.34,59178.5,47088.64,223050,512446.29,115667.29,180448.19,191355.65
Cuba,CUB,2012,46486.97,232422.86,115771.18,157085.8,608075.04,59481.48,48235.78,227114.41,535299.14,121530.63,180607.7,198817.4
Cuba,CUB,2013,48810.29,233013.82,118586.55,159015.43,618959.27,59692.89,49037.8,231208.92,546647.39,124734.11,180628.71,205104.86
Cuba,CUB,2014,51170.51,233369.28,121281.52,161207.28,634378.58,59879.41,49559,235027.63,558942.26,128073.25,180829.37,211158.48
Cuba,CUB,2015,54343.03,233465.83,125710,163896.53,661383.51,60176.07,50519.96,238068.35,581723.9,132874.45,182402.78,219434
Cuba,CUB,2016,55329.94,233279.4,127088.69,165701.47,666382.11,60409.02,50607.74,239696.07,588164.61,134632.99,181357.24,224415.39
Cuba,CUB,2017,56971.24,232880.31,130437.5,168817.61,697094.07,60473.03,50231.93,241244.38,610719.04,138041.17,180919.01,232860.86
Cuba,CUB,2018,57157.79,233106.63,131614.29,170127.22,708120.93,60440.28,50079.31,242997.83,619888.47,138791.23,179441.65,238975.36
Cuba,CUB,2019,56053.78,233736.35,130376.81,170488.44,697012.14,60348.88,49892.74,245103.9,615626.72,137119.05,178264.35,242629.27
Cyprus,CYP,1990,2449.14,15149.25,8999.65,10537.23,47688.26,5706.76,2632.07,17391.55,22554.48,5776.49,15828.53,14039.85
Cyprus,CYP,1991,2495.78,15421.91,9358.67,10784.69,49467.93,5805.09,2670.57,17829.72,23052.75,5935.54,15931.49,14723.47
Cyprus,CYP,1992,2546.75,15690.44,9603.5,11042.5,50807.87,5902.47,2721.27,18279.36,23734.82,6078.84,15952.87,15395.56
Cyprus,CYP,1993,2579.46,15974.13,9641.12,11267.47,51392.8,5998,2795.54,18724.89,24305.5,6153.2,15926.23,15836.73
Cyprus,CYP,1994,2593.36,16270.89,9572.54,11474.27,51105.86,6087.57,2882.74,19180.29,24711.15,6171.05,15868.66,16033.48
Cyprus,CYP,1995,2623.75,16580.55,9645.97,11703.88,51248.28,6178.59,2952.29,19635.19,25288.24,6231.51,15852.83,16328.15
Cyprus,CYP,1996,2640.27,16911.26,9719.34,11920.31,51164.77,6271.98,3022.46,20104.81,25565.89,6285.9,15833.45,16454.21
Cyprus,CYP,1997,2667.6,17251.72,9817.38,12170.89,51581.55,6375.24,3116.52,20596.12,26000.93,6373.05,15823.63,16713.5
Cyprus,CYP,1998,2706.5,17604.41,9939.89,12447.76,52555.65,6485.29,3201.5,21105.89,26465.54,6503.58,15823.34,17113.59
Cyprus,CYP,1999,2728.75,17977.01,9990.45,12699.89,52872.49,6592.69,3273.32,21630.43,27006.35,6600.16,15827.39,17374.56
Cyprus,CYP,2000,2718.7,18356.14,9964.36,12939.08,51868.03,6687.01,3348.99,22178.81,27613.96,6601.15,15875.23,17314.19
Cyprus,CYP,2001,2700.99,18760.57,9960.87,13209.84,50655.2,6785.93,3432.52,22770.42,28265.74,6608.57,15972.77,17194.98
Cyprus,CYP,2002,2709.57,19200.34,10054.94,13526.04,50166.9,6889.05,3517.09,23433.25,29381.83,6674.32,16131.54,17284.3
Cyprus,CYP,2003,2713.81,19665.44,10107.77,13831,49725.95,6996.7,3577.24,24137.22,30470.17,6728.11,16274.47,17339.56
Cyprus,CYP,2004,2733.66,20141.8,10278.56,14186.76,49903.43,7117.73,3629.38,24876.25,32030.3,6829.66,16510.94,17565.9
Cyprus,CYP,2005,2745.84,20635.81,10546.24,14584.54,50451.23,7250.13,3852.27,25629.9,33822.1,6913.07,16817.45,17891.86
Cyprus,CYP,2006,2737.41,21109.75,10830.44,14998.58,51067.45,7386.75,4004.33,26435.07,35346.53,7001.89,17217.6,18288.56
Cyprus,CYP,2007,2724.31,21580.58,11087.62,15406.27,51054.21,7538.65,4167.37,27294.69,37055.41,7043.4,17590,18513.13
Cyprus,CYP,2008,2696.4,22054.27,11190.65,15729.94,49476.98,7684.83,4249.22,28164.05,38370.26,7034,17956.48,18393.27
Cyprus,CYP,2009,2686.24,22529.02,11370.28,16069.39,48382.35,7832.59,4328.51,29034.17,39538.53,7084.33,18360.76,18340.57
Cyprus,CYP,2010,2693.04,23024.61,11536.38,16407.3,47266.18,7980.13,4376.28,29903.81,40107.48,7174.1,18809.32,18360.02
Cyprus,CYP,2011,2666.55,23535.24,11677.92,16749.78,46029.6,8124.09,4428.74,30750.3,40750.91,7203.77,19274.61,18360.49
Cyprus,CYP,2012,2669.93,24054.77,11950.35,17130.79,45446.47,8261.16,4471.43,31618.62,41629.93,7256.57,19798.12,18486.05
Cyprus,CYP,2013,2739.33,24570.04,12321.79,17555.23,45699.27,8397.17,4541.32,32494.16,42830.29,7409.23,20321.7,18803.99
Cyprus,CYP,2014,2788.12,25068.92,12767.46,18016.74,46585.94,8538.32,4644.5,33360.98,44162.58,7575.37,20945.43,19267.97
Cyprus,CYP,2015,2841.74,25520.66,13229.19,18498.13,47582.57,8680.71,4736.97,34199.06,45260.74,7744.63,21540.26,19653.1
Cyprus,CYP,2016,2872.53,25906.98,13500.08,18971.73,47933.62,8824.92,4829.69,34969.25,45929.76,7883.78,22061.98,19761.62
Cyprus,CYP,2017,2934.89,26281.84,13709.69,19455.24,49089.03,8963.7,4882.42,35739.46,46748.41,8046.01,22515.19,20134.76
Cyprus,CYP,2018,3022.84,26741.87,14132.44,19951.71,50890.87,9116.69,5022.8,36526.21,47970.78,8260.61,23082.94,20904.8
Cyprus,CYP,2019,3106.43,27312.23,14573.7,20444.14,52869.5,9268.65,5243.56,37249.45,49223.08,8439.98,23753.49,21842.62
Czechia,CZE,1990,71316.09,164422.31,93750.49,150456.92,1344442.81,45077.87,43174.65,182565.94,697915.09,159031.84,188150.22,130699.58
Czechia,CZE,1991,68556.48,164944.77,87927.95,149971.87,1278820.51,44951.83,43527.5,183548.91,682046.17,153380.81,185906,127238.82
Czechia,CZE,1992,67007.64,165398.4,84870.85,150021.85,1239574.07,44831.84,44018.24,184681.29,678325.12,150146.04,181924.95,124605.07
Czechia,CZE,1993,63432.2,165867.88,80705.23,150046.62,1183709.96,44703.98,44636.19,185825.45,664792.11,144212.9,177461.01,121993.6
Czechia,CZE,1994,63507.73,166285.8,78230.85,150428.54,1158611.15,44556.61,45865.72,187185.62,671544.66,143941.88,173316.06,120709.53
Czechia,CZE,1995,64722.01,166687.41,76342.64,151409.2,1155734.61,44296.98,47075.89,188423.56,685602.5,144661.04,167751.67,120526.73
Czechia,CZE,1996,63722.94,166854.6,73955.61,151299.51,1102606.73,44002.57,48143.07,189590.13,672643.05,141268.02,161759.01,119505.41
Czechia,CZE,1997,65712.8,166787.43,74169.73,152836.96,1094504.1,43728.75,49462.94,190961.62,680269.07,142766.32,159027.27,121377.67
Czechia,CZE,1998,64888.94,166599.24,73819.86,153360.08,1043395.03,43461.54,50515.19,192278.23,660566.3,140335.48,155365.74,122789.71
Czechia,CZE,1999,66074.02,166466.49,74749.93,155008.84,1026261.06,43255,51509.94,193791.78,655913.54,141701.7,152739.41,123988.43
Czechia,CZE,2000,68303.5,166513.98,76802.95,157671.77,1018717.85,43133.52,52956.31,195367.91,653710.94,145136.76,151467.44,126783.49
Czechia,CZE,2001,71384.51,166624.64,78626.65,160101.1,1016317.16,43050.72,54344.72,196772.77,623898.01,149896.54,151773.59,129651.66
Czechia,CZE,2002,70759.1,166762.1,78521.1,160820.93,980165.41,42992.2,55180.72,197878.83,652973.7,148756.36,152330.29,131753.34
Czechia,CZE,2003,74085.17,166890.64,80717.33,162545.36,983601.86,42991.62,56719.55,198935.5,683005.48,153729.3,153417.52,136774.61
Czechia,CZE,2004,72697.96,166993.94,80360.84,162504.99,936409.91,43020.49,57917.27,200123.22,674265.1,151784.99,153857.93,138967.6
Czechia,CZE,2005,73802.61,167165.02,82300.75,164061.16,917271.35,43161.54,59123.56,201636.97,679359.02,153656.52,154906.93,143494.16
Czechia,CZE,2006,72288.16,167307.1,82415.54,164770.3,875528.92,43378.15,59262.94,203417.56,668198.34,151332.08,155764.96,147385
Czechia,CZE,2007,73257.54,167422.41,84970.76,166233.51,858810.79,43710.38,59864.06,205338.96,672978.63,152529.55,157113.57,153985.15
Czechia,CZE,2008,74269.69,167445.66,87833.31,168379.53,852126.69,44095.79,60230.32,207316.69,681053.98,154090.24,157690.64,160185.52
Czechia,CZE,2009,73049.37,167512.51,90462.28,170419.04,840760,44482.36,60382.03,209182.72,678071.66,152927.19,158354.03,166424.26
Czechia,CZE,2010,72330.84,167618.57,92929.42,173085.13,832315.87,44885.62,60452.94,210953.3,679464.92,151931.95,159197.51,173414.83
Czechia,CZE,2011,72177.45,167555.23,97150.56,176692.4,831639.71,45322.74,60799.62,212828.27,672475.95,152078.67,160457.09,182617.76
Czechia,CZE,2012,70740.88,167479.09,100571.62,179847.51,824302.06,45654.12,61473.61,214620.54,663199.55,150610.01,162242.04,191839.17
Czechia,CZE,2013,69296.56,167394.41,104825.03,182556.31,815243.82,45888.17,61897.6,216280.87,653931.57,149258.96,164261.85,202749.74
Czechia,CZE,2014,67096.81,167291.55,106364.58,184476.4,793222.72,46152.24,61899.19,217894.76,636734.74,146457.54,166296.22,210360.01
Czechia,CZE,2015,67311.88,167257.59,110456.37,187405.61,799231.23,46419.02,62374.97,219412.97,637321.54,147644.05,168168.64,218976.94
Czechia,CZE,2016,66793.01,167165.78,112487.51,189818.6,792196.82,46663.21,62260.71,220387.35,636996.96,147721.21,169807.1,225053.93
Czechia,CZE,2017,67072.83,167152.66,114520.43,192177.37,794828.73,46880.24,61750.76,221400.51,638451.79,148712.24,170409.98,230132.96
Czechia,CZE,2018,66985.29,167216.38,114426.02,194029.86,814017.93,46910.99,61253.92,224751.17,649261.34,149027.12,169269.91,235413.62
Czechia,CZE,2019,66474.14,167532.61,113490.28,195273.72,815586.53,46936.53,60667.24,230350.38,651014.28,147765.63,167823.76,241719
Democratic Republic of Congo,COD,1990,316335.57,580099.31,443579.89,360295.82,1331585.42,191734.8,66272.13,307473.86,650176.92,640229.6,2060230.84,419216.9
Democratic Republic of Congo,COD,1991,325603.9,596567.77,456478.35,368982.69,1374256.38,197480.83,68126.61,317306.56,669295.64,658370.96,2087319.34,432305.17
Democratic Republic of Congo,COD,1992,330949.81,613950.07,466937.05,376701.21,1405634.11,203261.21,69744.29,327080.46,680777.95,670100.74,2105021.67,442009.2
Democratic Republic of Congo,COD,1993,332937.16,631578.26,475406.55,383621.38,1425187.17,209087.19,71282.47,336604.56,685600.92,676567.74,2122763.77,448221.01
Democratic Republic of Congo,COD,1994,336460.63,650121.56,485894.62,390762.55,1456163.08,215003.17,72846.41,346311.38,691353.22,685470.6,2136481.57,456812.18
Democratic Republic of Congo,COD,1995,347148.32,669820.62,499580.58,399936.47,1499185.62,221025.01,74908.31,356212.46,706111.25,705470.11,2147065.43,469733.71
Democratic Republic of Congo,COD,1996,360473.24,689370.67,516459.12,409174.05,1562266.89,227162.45,77076.1,365594.5,727097.86,728607.98,2147677.06,487583.04
Democratic Republic of Congo,COD,1997,360794.71,709671.68,518885.38,415128.73,1551456.21,233147.48,78105.83,373580.78,717845.89,731065.09,2148901.92,488450.6
Democratic Republic of Congo,COD,1998,371118.05,730884.78,531069.9,423963.85,1584565.49,239554.15,79967.43,381805.1,729221.28,749362.73,2154654.22,500817.32
Democratic Republic of Congo,COD,1999,377725.21,752928.2,542845.4,433421.66,1613845.75,246124.82,81852.52,390633.02,741788.3,760622.14,2166914.33,512604.95
Democratic Republic of Congo,COD,2000,383155.49,775854.23,556929.1,445056.24,1652099.45,253003.73,83896.33,400415.72,755781.09,772530.89,2202855.78,525552.98
Democratic Republic of Congo,COD,2001,385945.64,799379.7,569743.45,455948.5,1689482.49,259698,85797.49,411366.9,769057.49,778946.76,2242829.85,536576.38
Democratic Republic of Congo,COD,2002,386035.24,823722.81,578723.58,465934.96,1706424.11,266245.78,87490.27,422728.25,776470.38,779915.25,2278325.17,542051.29
Democratic Republic of Congo,COD,2003,396464.59,848683.84,597613.58,479254.29,1764714.62,273144.38,89877.72,434980.8,802317.95,798091.52,2324087.31,559381.49
Democratic Republic of Congo,COD,2004,397018.67,874442.55,604987.81,489395.26,1782965.39,280052.72,91877.47,447220.64,810936.65,798032.85,2345759.73,564259.28
Democratic Republic of Congo,COD,2005,401879.73,901135.17,612930.93,502055.35,1798258.63,287770.93,94045.58,460151.24,821253.85,806664.48,2376907.66,570229.56
Democratic Republic of Congo,COD,2006,409898.82,928928.07,625623.83,517453.07,1834053.05,296336.64,96638.77,474025.24,837765.22,823238.09,2407604.06,582841.36
Democratic Republic of Congo,COD,2007,416085.37,957640.41,635087.19,532849.03,1867984.75,304976.78,99294.79,488220.04,850024.26,840441.03,2426170.77,593954.39
Democratic Republic of Congo,COD,2008,429543.24,987445.76,646035.53,550646.56,1918815.97,314028.03,102540.76,503246.3,871410.11,867403.46,2443199.94,611503.15
Democratic Republic of Congo,COD,2009,442660.75,1018549.78,655816.41,568363.07,1952194.98,323400.41,105900.72,518989.43,891799.09,894567.66,2464638.53,627894.47
Democratic Republic of Congo,COD,2010,455114.05,1050804.11,662836.46,585517.73,1979914.65,332588.92,109523.21,535296.59,912818.26,916024.83,2466499.05,642120.53
Democratic Republic of Congo,COD,2011,467532.08,1084145.63,674838.35,603897.12,2030776.83,342712.54,113899.06,553787.18,943916.89,941337.17,2490809.59,662319.22
Democratic Republic of Congo,COD,2012,476925.08,1119074.97,686255.09,622612.82,2080395.6,352971.02,118390.02,573703.36,977682.91,962118.01,2521670.4,682909.06
Democratic Republic of Congo,COD,2013,485890.18,1154261.67,694605.76,643243.33,2112861.23,363780.96,123198.58,595254.64,1013236.18,980759.72,2546100.19,703720.16
Democratic Republic of Congo,COD,2014,495201.86,1191091.37,701640.07,663552.69,2153634.11,374670.65,128066.94,617443.47,1048418.02,999076.82,2542236.78,724618.01
Democratic Republic of Congo,COD,2015,499008.04,1228909.26,704205.43,681826.48,2181920.37,385065.56,132777.8,640025.1,1072528.12,1004726.53,2512896.94,739374.48
Democratic Republic of Congo,COD,2016,505303.14,1267382.01,708591.24,704267.92,2221082.46,394741.59,137226.86,663297.46,1096787.29,1012093.91,2455913.8,755505.29
Democratic Republic of Congo,COD,2017,519155.25,1307340.81,717455.85,728927.09,2267204.29,404454.08,142023.36,687545.55,1126621.39,1029646.94,2399949.05,774936.53
Democratic Republic of Congo,COD,2018,530536.35,1350676.4,735911.6,754999.92,2346868.88,414465.38,148388.71,713373.33,1175431.9,1047587.93,2410723.08,805792.28
Democratic Republic of Congo,COD,2019,537020.19,1396814.48,750175.01,778072.58,2411861.73,423676.92,155440.17,739941.01,1208556.8,1054484.1,2376258.02,829585.62
Denmark,DNK,1990,25189.27,110232.07,91405.61,82853.36,450302.55,38847.56,42227.19,159466.8,338678.4,61747.01,118048.81,38633.86
Denmark,DNK,1991,25981.61,110140.38,92733.41,83459.87,440438.84,38861.07,43115.85,160739.74,338539.64,63147.2,117644.86,39227.75
Denmark,DNK,1992,27240.61,109909.87,94928.37,84172.83,436913.27,38909.06,44108.02,162006.41,342517.82,65613.06,116704.82,40430.81
Denmark,DNK,1993,28969.48,109646.86,97360.92,84961.85,432406.97,38992.86,45145.44,163192.86,348028.99,68717.58,115010.42,41815.44
Denmark,DNK,1994,30821.76,109329.26,99857.44,85712.98,423085.79,39147.99,45874.12,164253.14,356831.13,72335.59,114821.06,42920.99
Denmark,DNK,1995,31989.83,109010.66,102081.84,86538.92,410878.98,39322.69,46485.61,165372.29,360865.22,74824.28,113969.11,43760
Denmark,DNK,1996,32470.52,108560.99,103196.29,87019.31,392055.83,39534.22,47480.84,166552.43,360799.01,75642.17,113952.93,44549.53
Denmark,DNK,1997,33517.75,107885.81,104332.73,87784.64,371693.05,39807.1,48604.98,167951.42,358938.52,77301.25,113417.69,47128.4
Denmark,DNK,1998,33339.95,107171.33,104948.7,88563.8,351723.82,40173.54,50391.21,169235.84,355659.57,77098.23,112874.28,49208.64
Denmark,DNK,1999,34473.04,106398.39,107009,89872.87,345932.6,40417.21,52911.66,170468.29,359858.03,78911.77,112532.26,52556.77
Denmark,DNK,2000,32938.49,105895.1,105548.01,90609.22,326656.79,40624.69,54509.09,171478.38,353262.19,76698.9,112578.17,53685.09
Denmark,DNK,2001,33073.68,105532.43,105660.68,91696.97,322560.08,40825.8,56249.64,172571.19,354218.01,77137.63,112052.31,55360.79
Denmark,DNK,2002,33474.33,105169.04,105269.28,92551.97,315409.04,41058.81,58191.85,173317.24,356044.6,77547.23,111095.25,57422.51
Denmark,DNK,2003,33600.7,104834.08,103778.73,92925.86,302662.43,41255.86,59472.77,173839.09,355118.79,77214.51,110004.48,57789.09
Denmark,DNK,2004,33370.19,104639.49,101550.38,93232.56,288598.79,41435.64,61486.43,174345.48,355178.58,76523.55,108617.16,57889.84
Denmark,DNK,2005,32580.22,104679.95,100140,93426.82,274431.41,41642.91,63078.95,175087.88,353045.99,75353.84,107801.87,57906.15
Denmark,DNK,2006,33168.17,104854.17,100349.63,94246.69,267166.07,41827.36,63897.51,176152.33,357691.91,75748.2,107038.54,59090.64
Denmark,DNK,2007,32930.38,105206.13,101014.33,95062.63,259122.25,42024.43,64435.91,177381.45,361186.85,75019.32,106939.34,60390.32
Denmark,DNK,2008,32011.27,105669.7,101077.22,95601.72,248132.38,42306.45,64791.12,178737.2,361560.25,73304.21,106432.89,60661.27
Denmark,DNK,2009,31261.58,106263.8,102193.55,96350.05,241330.21,42554.83,63966.65,180013.78,364287.31,71872.05,105443.36,61649.55
Denmark,DNK,2010,30315.24,106812.13,102122.56,96932.11,232781.84,42785.47,62655.96,181262.94,364652.36,69988.81,105319.35,62028.89
Denmark,DNK,2011,28432.38,107410.09,101643.03,97438.01,223165.95,42991.46,61867.24,182429.18,358376.42,66820.69,105796.3,62192.44
Denmark,DNK,2012,27093.89,108062.86,101415.51,98266.35,217415.15,43205.39,60972.49,183540.43,356363.91,64555.29,107260.83,62803.71
Denmark,DNK,2013,26165.36,108773.65,101341.8,99009.78,213206.4,43403.24,60472.9,184629.32,354179.37,62977.68,109275.73,63493.27
Denmark,DNK,2014,25221.94,109517.9,100775.94,99681.02,209034.01,43613.78,60042.27,185787.04,351673.55,61534.56,111434.34,63773.92
Denmark,DNK,2015,24368.64,110233.9,101554.76,101045.96,208956.28,43859.12,60162.47,187262.09,349721.35,60650.72,112694.41,64441.32
Denmark,DNK,2016,24641.72,110741.82,103051.79,102368.67,214148.47,44068.4,60630.02,188608.19,352631.65,61599.66,113596.26,65844.63
Denmark,DNK,2017,24824.88,111243.21,104722.72,103685.36,218727.02,44336.35,60815.45,190055.91,356228.62,62381.42,114407.69,67428.63
Denmark,DNK,2018,24945.83,111865.07,106401.74,104918.67,223444.5,44577.71,60996.95,192909.33,360617.73,63070.95,115124.55,68743.81
Denmark,DNK,2019,25022.17,112662.48,107983.68,106110.41,228013.11,44849.59,61117.89,197202.48,364440.33,63681.62,115783.53,70188.49
Djibouti,DJI,1990,2560.88,6263.3,3757.33,3594.42,11219.39,2583.52,839.38,3137.13,7077.71,5279.96,16408.47,3112.86
Djibouti,DJI,1991,2575.69,6188.34,3762.16,3555.53,11476.97,2546.12,825.38,3154.32,7212.52,5289.54,16617.19,3181.55
Djibouti,DJI,1992,2680.78,6248.07,3842.88,3607.07,11973.67,2559.21,836.24,3222.38,7505.22,5473.81,16720.26,3343.46
Djibouti,DJI,1993,2915.36,6527.26,4043.11,3811.69,12885.38,2665.73,886.08,3375.52,8112.71,5927.16,17253.88,3658.65
Djibouti,DJI,1994,2922.54,6792.78,4064.37,3929.26,13128.75,2752.33,921.07,3524.59,8224.76,5968.16,17718.78,3766.35
Djibouti,DJI,1995,3172.24,7010.98,4226.32,4104.34,14036.93,2827.14,962.4,3660.81,8859.66,6420.69,18236.38,4084.07
Djibouti,DJI,1996,3329.34,7315.98,4305.91,4269.55,14606.92,2925.08,1012.69,3833.55,9262.73,6701.46,18655.3,4315.96
Djibouti,DJI,1997,3431.21,7719.8,4362.39,4449.27,14990.64,3056.71,1075.42,4045.24,9572.53,6895.58,19252.43,4506.07
Djibouti,DJI,1998,3696.95,8124.48,4524.75,4677.53,15853.66,3188.29,1146.97,4266.37,10269.1,7382.94,20023.47,4871.49
Djibouti,DJI,1999,3844.7,8518.09,4614.08,4870.2,16345.01,3313.65,1211.03,4486.81,10731.66,7666.84,20697.34,5143.11
Djibouti,DJI,2000,3968.01,8908.27,4676.78,5060.64,16808.05,3433.76,1273.74,4712.23,11095.71,7905.45,21235.14,5388.37
Djibouti,DJI,2001,4097.06,9326.82,4755.09,5276.94,17355.89,3562.73,1340.93,4959.91,11496.34,8151.13,21982.84,5648.05
Djibouti,DJI,2002,4275.48,9774.23,4861.33,5531.63,18113.22,3699.81,1415.83,5241.67,12090.26,8468.95,22957.51,5971.89
Djibouti,DJI,2003,4338.04,10178.44,4925.87,5737.62,18530.81,3819.37,1473.18,5520.52,12484.05,8599.62,24039.18,6186.09
Djibouti,DJI,2004,4724.28,10534.88,5187.14,6030.23,19996.96,3933.98,1542.13,5794,13751.26,9289.07,25571.58,6748.38
Djibouti,DJI,2005,4887.21,10894.3,5260.92,6228.5,20780.13,4031.08,1600.29,6063.36,14365.22,9537.19,26130.87,7059.25
Djibouti,DJI,2006,4973.96,11302.21,5366.34,6436.24,21400.15,4150.93,1660.43,6354.33,14869.71,9706.08,27009.65,7338.3
Djibouti,DJI,2007,5206.38,11761.88,5550.77,6708.87,22564.62,4288.58,1737.28,6690.32,15698.05,10150.75,27671.89,7791.95
Djibouti,DJI,2008,5388.6,12257.92,5690.2,6953.05,23560.33,4432.11,1816.53,7053.09,16365.81,10474.77,28238.48,8174.13
Djibouti,DJI,2009,5478.9,12777.7,5798.48,7184.16,24283.86,4586.59,1894.1,7428.14,16836.99,10646.47,28807.75,8492.37
Djibouti,DJI,2010,5755.55,13310.39,6003.96,7479.11,25530.8,4752.99,1981.97,7814.45,17796.94,11129.41,29554.59,8996.07
Djibouti,DJI,2011,5994.13,13828.45,6165.17,7726.85,26610.4,4901.35,2065.1,8203.75,18527,11512.18,29774.31,9412.62
Djibouti,DJI,2012,6192.47,14352.5,6353.16,7971.47,27715.9,5055.58,2140.63,8607.24,19362.34,11856.2,30286.16,9851.78
Djibouti,DJI,2013,6377.14,14868.78,6525.03,8195.54,28717.6,5206.79,2214.49,9018.47,20119.13,12158.1,30604.4,10270.16
Djibouti,DJI,2014,6356.91,15383.33,6570.31,8343.17,29080.15,5336.12,2272.88,9432.33,20196.93,12084.26,30263.1,10453.37
Djibouti,DJI,2015,6615.38,15934.34,6765.26,8623,30404.71,5488.94,2359.98,9857.03,21110.9,12480.39,30343.62,10947.35
Djibouti,DJI,2016,6854.6,16500.51,6979.02,8952.45,31366.47,5653.4,2437.1,10288.1,21923.23,12871.65,30502.6,11379.75
Djibouti,DJI,2017,7208.55,17067.46,7244.11,9329.49,32834.77,5809.77,2526.55,10729.11,23095.19,13426.54,30464.72,11947.87
Djibouti,DJI,2018,7528.97,17640.68,7505.27,9669.04,34471.1,5962.24,2629.68,11184.81,24390.21,13919.98,30364.65,12599.33
Djibouti,DJI,2019,7748.84,18228.74,7748.08,9984.93,35834.95,6107.59,2740.71,11646.87,25421.09,14262.38,30380.82,13169.79
Dominica,DMA,1990,313.07,1142.78,588.69,1073.84,4732.32,517.68,276.39,997.86,3258.29,820.56,1567.77,2089.88
Dominica,DMA,1991,315.48,1136.5,597.1,1084.88,4761.69,520.06,283.04,1011.03,3294.46,827.95,1573.3,2170.26
Dominica,DMA,1992,309.59,1130.14,596.29,1087.2,4610.6,516.19,288.47,1021.43,3253.7,815.86,1557.91,2175.36
Dominica,DMA,1993,308.84,1125.28,599.27,1095.4,4552.5,516.48,293.58,1031.52,3256.96,812.85,1552.84,2211.83
Dominica,DMA,1994,308.2,1121.19,603.72,1104.93,4522.25,516.38,301.08,1040.66,3271.16,809.22,1549.59,2259.99
Dominica,DMA,1995,306.91,1119.29,607.57,1111.9,4466.66,515.59,308.43,1048.84,3276.87,804.58,1543.62,2304.34
Dominica,DMA,1996,305.57,1118.72,613.12,1118.79,4420.56,514.67,316.25,1056.04,3279.35,800.6,1533.17,2336.06
Dominica,DMA,1997,301.35,1119.58,617.62,1123.69,4324.18,514.16,325.95,1063.4,3251.7,793.67,1518.24,2349.07
Dominica,DMA,1998,299.4,1120.97,623.83,1133,4246.62,513.44,336.87,1071.15,3238.27,791.84,1505.38,2372.74
Dominica,DMA,1999,298.34,1123.45,635.1,1148.84,4286.21,513.28,347.07,1080.6,3289.3,792.38,1507.99,2449.9
Dominica,DMA,2000,294.35,1125.79,637.88,1155.25,4240.08,510.78,351.03,1089.1,3306.05,786.68,1504.51,2492.61
Dominica,DMA,2001,287.81,1128.21,636.27,1153.15,4164.81,508.66,353.04,1095.71,3309.53,776.19,1494.63,2513.05
Dominica,DMA,2002,287.51,1130.92,639.99,1154.35,4154.14,508.67,355.5,1103.75,3354.63,776.32,1485.67,2552.96
Dominica,DMA,2003,286.16,1134.2,644.93,1155.35,4149.87,508.96,356.81,1111.19,3386.29,774.46,1482.63,2596.26
Dominica,DMA,2004,282.86,1137.2,643.81,1151.22,4070.78,505.7,357.47,1118.45,3374.94,768.71,1479.02,2605.11
Dominica,DMA,2005,277.58,1140.51,639.34,1149.72,3994.27,503.43,353.89,1126.38,3371.58,759.23,1484.49,2600.56
Dominica,DMA,2006,276.93,1142.92,639.71,1148.19,4007.48,502.33,355.69,1134.56,3406.24,759.74,1479.74,2618.29
Dominica,DMA,2007,276.42,1144.78,641.29,1144.07,4031.11,502.41,359,1142.19,3428.63,760.96,1472.34,2628.44
Dominica,DMA,2008,272.75,1146.33,636.63,1139.95,4017.46,500.84,362.69,1150.61,3454.72,755.24,1466.72,2645.6
Dominica,DMA,2009,271.32,1149.19,634.41,1141.21,4023.5,500.52,366.16,1159.59,3497.87,755.37,1475.24,2671.85
Dominica,DMA,2010,272.02,1152.79,635.54,1145.37,4059.86,500.99,369.44,1168.87,3562.14,757.79,1487.57,2717.2
Dominica,DMA,2011,273.5,1158.18,635.3,1147.14,4119.03,502.21,372.76,1179.23,3631.45,761.15,1500.28,2769.57
Dominica,DMA,2012,276.77,1165.22,636.47,1144.78,4200.74,502.58,377.1,1189.86,3698.73,765.79,1496.78,2826.84
Dominica,DMA,2013,279.42,1172.77,637.45,1150.02,4259.06,504.54,381.84,1200.62,3755.03,770.75,1506.93,2875.65
Dominica,DMA,2014,281.65,1179.81,639.71,1153.4,4308.14,507.07,384.54,1211.01,3800.48,774.71,1510.83,2920.15
Dominica,DMA,2015,283.32,1184.96,642.2,1153.48,4336.07,508.04,387.07,1220.65,3838.14,777.02,1509.93,2958.43
Dominica,DMA,2016,283.56,1187.64,639.43,1150.46,4338.88,507.11,384.34,1228.95,3860.65,778.99,1505.73,2979.82
Dominica,DMA,2017,286.38,1190.71,641.19,1149.94,4371.11,506.38,381.83,1236.57,3903.95,785.99,1506.88,3016.96
Dominica,DMA,2018,289.32,1197.18,643.93,1151.53,4410.87,505.73,383.66,1245.69,3943.88,792.16,1509.95,3061.04
Dominica,DMA,2019,291.48,1208.09,645.55,1155.31,4446.88,505.25,385.72,1256.09,3986.02,796.36,1512.83,3110.55
Dominican Republic,DOM,1990,53226.49,116397,49586.58,68187.45,221949.23,37718.27,16867.36,71025.33,106980.29,114589.27,214456.65,59386.43
Dominican Republic,DOM,1991,53023.19,119205.67,47907.83,69267.04,222015.31,38349.6,17129.95,73407.61,108581.92,112522.2,214590.62,60417.31
Dominican Republic,DOM,1992,52587.54,122065.58,46213.64,70343.43,221902.92,39000.14,17384.12,75774.79,110017.78,109459.15,211217.79,61425.68
Dominican Republic,DOM,1993,53432.93,124894.33,45708.86,71931.23,228807.68,39683.45,17789.97,78213.96,114557.4,108573.31,210406.81,64049.63
Dominican Republic,DOM,1994,53579.95,127743.13,45040.52,73476.87,230749.87,40383.35,18202.51,80685.62,117185,107003.09,208114.97,65593.78
Dominican Republic,DOM,1995,53999.81,130672.87,44948.08,75198.56,237767.5,41064.79,18643.81,83204.55,121594.86,105729.07,206586.92,68295.63
Dominican Republic,DOM,1996,54634.53,133748.98,45274.04,77138.19,250917.03,41790.37,19132.85,85778.01,128295.42,104695.5,203986.24,72504.52
Dominican Republic,DOM,1997,55237.02,137057.46,45761.13,79159.86,265322.87,42475.99,19677.85,88327.1,134783.87,104162.27,203719.86,77167.96
Dominican Republic,DOM,1998,54987.22,140583.88,45598.21,81112.96,275798.55,43111.71,20182.2,90805.21,139798.55,102599.15,203138.85,81169.33
Dominican Republic,DOM,1999,54169.32,144039.07,45452.42,82942.35,282826,43772.9,20579.18,93301.99,144258.3,100620.14,204081.44,84256.75
Dominican Republic,DOM,2000,52917.04,147273.33,45273.96,84577.81,284393,44420.85,20888.04,95885.94,147254.75,98406.09,205941.62,86495.49
Dominican Republic,DOM,2001,52370.72,150466.19,45803.21,86513.43,291593.74,45055.61,21207.11,98752.04,153098.22,97498.79,207660.5,90504.09
Dominican Republic,DOM,2002,52439.28,153700.8,46541.34,88584.55,304001.94,45676.68,21646.82,101794.33,160499.05,97236.95,205742.21,95976.6
Dominican Republic,DOM,2003,52846.68,156857.6,48574.6,91310.31,327775.23,46264.81,22086.21,104948.99,170082.72,98194.29,207939.45,103885.27
Dominican Republic,DOM,2004,53732.03,159992.07,50962,94185.65,356945.89,46804.68,22618.11,108068.41,181017.85,100050.8,213541.81,112854.06
Dominican Republic,DOM,2005,54057.71,162946.7,52257.61,96414.4,377235.14,47309.53,23078.18,111070.51,190440.88,100657.97,215323.86,120002.43
Dominican Republic,DOM,2006,53419.83,165614.41,53192.45,98626.97,393899.95,47793.2,23623.76,114054.16,198165.47,99854.38,215629.27,125876.82
Dominican Republic,DOM,2007,51861.93,168179.52,53523.44,100606.56,404202.04,48247.03,24134.4,117053.74,201309.71,97998.8,214558.04,129446.2
Dominican Republic,DOM,2008,50566.43,170803.49,53540.81,102266.37,412736.49,48703.73,24669.2,120053.62,203191.42,96470.55,208872.14,131810.2
Dominican Republic,DOM,2009,50300.28,173442.34,53948.1,104004.46,422266.45,49161.18,25229,123026.11,206153.36,96570.95,210536.83,134412.35
Dominican Republic,DOM,2010,50663.32,176028.84,54283.77,105696.27,430448.66,49623.93,25786.24,125877.97,209238.36,97429.92,210579.7,137054.09
Dominican Republic,DOM,2011,52789,178565.03,55213.18,107623.98,443656.72,50147.89,26474.79,128733.77,215690.47,100884.03,214102.46,141449.13
Dominican Republic,DOM,2012,56791.08,180952.99,57452.15,110231.92,477393.4,50723.1,27419.44,131632.48,229419.29,107005.32,217798.11,151087.88
Dominican Republic,DOM,2013,61860.55,183240.2,60240.97,113221.79,519372.2,51320.9,28467.11,134638.61,246044.54,114398.79,220594.87,162793.93
Dominican Republic,DOM,2014,66427.69,185597.01,61985.28,115513.49,552791.05,51838.68,29324.86,137513.43,257918.6,120392.63,214798.6,171953.81
Dominican Republic,DOM,2015,71255.38,188073.09,63823.17,117870.09,582694.11,52383.82,30221.09,140357.63,269601.24,126905.14,213918.03,180395.37
Dominican Republic,DOM,2016,75347.14,190598.23,65585.53,120371.37,598690.26,52941.1,30697.73,143141.31,276955.99,132395.34,212975.11,186383.17
Dominican Republic,DOM,2017,77905.96,193207.53,66546.09,122345.77,599415.32,53500.85,30926.77,145996.2,278710.43,135760.76,211604.68,188478.73
Dominican Republic,DOM,2018,80446.16,196164.45,66912.39,123832.46,600241.36,54038.61,31518.46,149793.87,280988.38,138810.31,210797.62,190430.2
Dominican Republic,DOM,2019,83024.44,199501.55,67305.61,125539.57,603526.87,54559.41,32332.47,154725.6,283941.86,141907.07,210487.03,192863.02
East Asia & Pacific (WB),NA,1990,11597391.57,24620565.01,37646116.3,17110058.51,89361839.86,11567264.71,7161167.47,29710389.7,64360717.65,23151336.91,45103596.12,16731123.78
East Asia & Pacific (WB),NA,1991,11712425.2,25148316.2,38126481.93,17511811.76,90058721.63,11695445.37,7552486.66,29876389.53,65724415.34,23277153.63,44707704.97,17020160.87
East Asia & Pacific (WB),NA,1992,11764404.38,25646215.37,38571219.8,17934611.32,90804469.49,11810488.21,7862632,30061226.46,66885759.38,23251415.53,44111832.51,17379965.87
East Asia & Pacific (WB),NA,1993,11802469.55,26113045.15,38857013.89,18322462.78,91473604.38,11922414.36,8098236.87,30337387.45,68191947.29,23149367.51,43437294.02,17736934.87
East Asia & Pacific (WB),NA,1994,11807425.79,26546862.43,38925518.89,18727685.43,91868055.51,12039485.74,8366098.02,30775740.56,69545429.34,23032792.66,42789380.19,18177178.9
East Asia & Pacific (WB),NA,1995,11842678.95,26950121.78,38812291.67,19103606.9,92728477.3,12153921.19,8553506.31,31408207.58,71103195.22,22931914.78,42280170.59,18617549.6
East Asia & Pacific (WB),NA,1996,11820183.93,27312262.35,38667141.03,19436434.39,93710233.5,12271983.5,8607328.74,32176862.06,72440166.89,22715803.73,41723638.89,19025433.58
East Asia & Pacific (WB),NA,1997,11718704.81,27639768.92,38234893.39,19759057.96,94295331.66,12393771.39,8524621.3,32967802.45,73370595.2,22421897.36,41220347.82,19347926.14
East Asia & Pacific (WB),NA,1998,11724347.32,27951926.03,38004765.49,20104558.5,95830281.67,12515087.21,8492501.22,33794212.88,74919028.69,22285086.53,40689413.1,19840395.74
East Asia & Pacific (WB),NA,1999,11782077.97,28261354.21,38099791.6,20463622.91,98514736.36,12631744.52,8372758.79,34640822.89,76708733.26,22260178.2,40221553.32,20408340.71
East Asia & Pacific (WB),NA,2000,11841687.12,28580850.83,38214550.02,20858118.88,101732406.49,12745681.23,8315998.3,35501072.41,78391600.22,22237179.05,39661216.39,20927677.33
East Asia & Pacific (WB),NA,2001,11883427.09,28886548.47,37846344.62,21284554.52,103967360.51,12851748.23,8180656.29,36407829.45,79128220.66,22180275.29,39079344.82,21471511.62
East Asia & Pacific (WB),NA,2002,11952153.87,29150261.24,37666188.33,21737808.87,106762575.74,12947238.74,8090649.4,37334970.25,79769378.1,22196646.73,38460519.55,22232795.07
East Asia & Pacific (WB),NA,2003,12024994.31,29384114.99,37444274.51,22223812.04,109254090.21,13035655.18,8029120.57,38280064.21,80824166.34,22231981.77,37849840.48,23017842.19
East Asia & Pacific (WB),NA,2004,12114970.38,29610953.69,37316916.48,22736663.72,112062765.6,13121843.22,8056958.27,39240324.93,82632220.16,22332052.97,37464671.12,23864279.95
East Asia & Pacific (WB),NA,2005,12064096.22,29847336.14,36642494.25,23176081.97,113297627.15,13199771.91,8073826.02,40142522.65,83426736.16,22197672.09,37059887.91,24482462.43
East Asia & Pacific (WB),NA,2006,11925810.06,30087223.83,35380524.64,23577984.96,112861092.07,13278681.76,7987708.16,41043229.11,83312851.8,21931966.07,36454008.69,24722657.75
East Asia & Pacific (WB),NA,2007,11779741.68,30301836.83,34533112.59,24052059.56,113673366.07,13359526.38,7840948.4,41967392.62,83975913.9,21684436.42,35716476.09,25062871.03
East Asia & Pacific (WB),NA,2008,11705268.84,30484632.14,34170142.29,24566598.37,116044905.46,13428891.34,7679040.44,42878345.69,85156869.73,21572010.59,35072593.07,25584740.64
East Asia & Pacific (WB),NA,2009,11597839.25,30655058.75,33933178.91,25067283.18,118792293.55,13483036.95,7532349.24,43773754.61,86225968.02,21439464.32,34484407.08,26141677.78
East Asia & Pacific (WB),NA,2010,11511420.47,30874586.45,33717442.23,25558086.57,121844755.07,13539657.01,7501067.21,44661009.43,87517088.93,21348066.55,33978883.64,26753631.98
East Asia & Pacific (WB),NA,2011,11431468.27,31135984.56,33393227.29,25990276.78,124249117.49,13601417.41,7524860.2,45558405.7,88458764.21,21278372,33808578.31,27397091.03
East Asia & Pacific (WB),NA,2012,11276650.42,31398315.71,32944900.55,26410346.39,125646357.99,13666003.85,7543917.37,46458350.22,89100476.58,21147206.59,33790085,28036920.82
East Asia & Pacific (WB),NA,2013,11165143.32,31669605.79,32547989.44,26834478.77,127424801.89,13733987.23,7582238.22,47357850.47,89605698.09,21040876.77,33669001.93,28770957.33
East Asia & Pacific (WB),NA,2014,11110936.83,31944842.18,32340499.95,27319136.74,129191490.67,13807490.37,7645840.59,48247854.12,90712620.9,21011842.77,33515174.78,29568666.83
East Asia & Pacific (WB),NA,2015,11039627.57,32229015.44,32259799.57,27779782.81,130958637.54,13880737.28,7698168.95,49099093.37,91715368.41,20979695.42,33624756.61,30302834.3
East Asia & Pacific (WB),NA,2016,11101421.81,32615738.65,32476027.8,28313093.57,133404214.76,13960062.29,7863518.26,49697801.96,93466436.44,21170786.36,33803551.01,31143960.12
East Asia & Pacific (WB),NA,2017,11233541.49,32991119.55,32607906.25,28827812.05,135446644.62,14044007.17,8052394.69,50258207.22,95264328.63,21418125.42,33647375.95,31823336.37
East Asia & Pacific (WB),NA,2018,11303381.42,33215772.51,33015254.92,29392575.29,137405387.74,14125615.74,8165388.32,51013816.63,97507472.26,21513429.74,33505016.41,32488308.98
East Asia & Pacific (WB),NA,2019,11403827.4,33356119.07,33685201.35,30024090.03,140073697.63,14204954.68,8226422.32,51767907.15,100061027.16,21685970.55,33632307.3,33144151.54
East Timor,TLS,1990,4116.53,9389.09,10784.17,6443.06,18999.02,4875.21,1335.14,8135.02,11481.21,9439.14,32664.79,7074.74
East Timor,TLS,1991,4110.92,9590.2,10782,6552.74,19321.72,4990.12,1352.91,8326.07,11560,9453.61,32834.47,7130.71
East Timor,TLS,1992,4228.69,9758.94,10977.63,6672.59,20028.43,5094.94,1378.59,8506.76,11954.56,9693.95,33145.55,7359.61
East Timor,TLS,1993,4320.79,9914.15,11070.43,6781.4,20674.51,5188.9,1398.07,8663.65,12253.84,9862.21,33247.1,7530.37
East Timor,TLS,1994,4313.75,10045.72,10958.83,6865.18,21060.43,5271.53,1406.68,8806.03,12278.64,9836.47,32931.16,7584.36
East Timor,TLS,1995,4332.31,10165.31,10835.44,6934.28,21683.92,5346.86,1411.74,8981.84,12379.14,9861.75,32383.8,7697.13
East Timor,TLS,1996,4297.67,10253.09,10659.62,6987.73,22124.81,5417.3,1413.6,9103.99,12331.82,9800.11,31736.83,7745.93
East Timor,TLS,1997,4194.01,10307.59,10375.16,7027.18,22333.99,5474.78,1403.41,9177.17,12105.15,9570.49,30932.39,7677.29
East Timor,TLS,1998,4320.18,10339.46,10422.49,7117.46,23358.64,5535.09,1408.34,9241.4,12444.4,9746.33,30785.86,7836.23
East Timor,TLS,1999,4341.86,10366.68,10464.86,7181.49,24370.26,5594.23,1407.26,9299.81,12516.57,9794.39,30363.93,7946.48
East Timor,TLS,2000,4414.06,10423.22,10592.77,7253.64,26010.34,5668.32,1402.99,9436.21,12796.96,9987.78,29630.9,8240.22
East Timor,TLS,2001,4433.59,10559.84,10556.54,7372.63,27285.71,5801.74,1398.75,9632.53,12880.6,10010.78,29223.5,8350.04
East Timor,TLS,2002,4433.3,10738.27,10526.43,7514.97,28491.03,6013.72,1402.98,9872.84,12925.86,9974.4,28696.94,8435.92
East Timor,TLS,2003,4566.82,10942.96,10770.26,7706.45,30368.24,6272.89,1426.31,10153.37,13380.76,10237.27,28536.39,8773.68
East Timor,TLS,2004,4438.05,11173.39,10545.2,7853.66,30802.1,6505.94,1429.56,10430.22,13141.42,9911.86,27943.39,8656.43
East Timor,TLS,2005,4551.83,11405.65,10710.03,8072.74,32260.78,6707.72,1458.44,10759.62,13736.2,10077.05,27479.82,8964.42
East Timor,TLS,2006,4511.86,11632.41,10548.42,8273.09,32797.34,6860.28,1483.39,11069.04,13867.18,9910.94,26380.23,9027.61
East Timor,TLS,2007,4624.05,11865.22,10743.37,8539.75,34165.34,7040.05,1527.29,11415.11,14521.8,10104.71,26020.88,9372.06
East Timor,TLS,2008,4571.95,12109.56,10687.59,8790.54,34938.17,7215.71,1566.65,11768.08,14686.81,9989.68,25208.55,9538.81
East Timor,TLS,2009,4814.55,12382.76,11110.3,9110.38,37328.03,7414.3,1629.91,12157.73,15736.43,10454.19,24960.11,10158.49
East Timor,TLS,2010,4952.08,12695.17,11609.37,9431.29,39797.13,7610.3,1681.13,12580.56,16562.19,10770.13,24752.18,10773.18
East Timor,TLS,2011,5345.02,13041.62,12278.15,9803.21,43108.25,7765.65,1747.67,13011.03,18145.36,11472.16,25030.68,11615.51
East Timor,TLS,2012,5617.41,13408.38,12858.44,10165.6,45675.74,7836.75,1802.51,13450.81,19440.58,11983.36,25391.32,12298.1
East Timor,TLS,2013,5758.47,13779.67,13234.95,10494.09,47821.84,7866.4,1850.69,13886.11,20252.06,12226.26,25334.91,12834.42
East Timor,TLS,2014,5914.95,14169.59,13618.79,10814.88,50005.23,7914.1,1907.67,14320.89,20974.84,12501.87,25517.55,13388.97
East Timor,TLS,2015,6018.13,14535.59,14129.81,11160.89,52570.85,8041.89,1962.1,14770.64,21738.07,12724.98,25886.33,14032.31
East Timor,TLS,2016,6162.33,14898.64,14541.39,11494.06,54474.17,8217.04,2038.27,15192.77,22424.77,13008.17,26212.25,14681.31
East Timor,TLS,2017,6316.27,15257.09,14866.31,11804.28,56343.56,8395.71,2110.55,15610.23,22924.54,13300.31,25960.46,15255.43
East Timor,TLS,2018,6467.15,15645.1,15207.25,12085.65,58091.38,8574.01,2179.67,16070.32,23468.81,13575.35,25990.76,15765.48
East Timor,TLS,2019,6606.3,16054.28,15501.26,12354.78,59570.84,8744.96,2247.29,16550.15,23978.36,13825.31,26171.98,16206.63
Eastern Mediterranean Region (WHO),NA,1990,2718670.7,6084581,3929147.8,3692163.8,20666110.45,1658557.6,715126.84,3901175.23,6497799.55,4407334.12,17902862.87,3516023.5
Eastern Mediterranean Region (WHO),NA,1991,2741454.28,6259458.41,3995564.46,3780439.7,21020892.54,1701033.84,740425.57,4027391.15,6673368.37,4445676.36,17854147.87,3633689.63
Eastern Mediterranean Region (WHO),NA,1992,2779621.72,6446345.06,4076569.79,3881023.18,21507355.32,1746125.45,768966.15,4158827.3,6891723.91,4514259.42,17957375.81,3770516.69
Eastern Mediterranean Region (WHO),NA,1993,2832638.72,6633659.49,4176083.01,3985404.32,22108369.72,1790615.15,799954.97,4294918.85,7113697.21,4596235.13,18042466.46,3923878.51
Eastern Mediterranean Region (WHO),NA,1994,2888722.14,6816742.84,4273220,4089868.99,22662790.51,1833060.78,832690.42,4431399.71,7345695.72,4679141.44,18041577.08,4079408.04
Eastern Mediterranean Region (WHO),NA,1995,2933413.13,7003253.32,4363418.39,4197477.08,23142998.33,1875676.07,867794.53,4571461.82,7591190.42,4747224.12,18014764.23,4234407.41
Eastern Mediterranean Region (WHO),NA,1996,2982084.04,7193653.3,4432882.05,4303885.45,23552967.81,1919923.2,906623.9,4720083.55,7809694.13,4813287.15,17947068.57,4395113.12
Eastern Mediterranean Region (WHO),NA,1997,3036792.5,7382653.53,4512343.99,4411089.02,24085545.02,1965596.83,948224.42,4876848.26,8067098.08,4889844.79,17919833.69,4568610.48
Eastern Mediterranean Region (WHO),NA,1998,3069711.48,7569110.91,4558387.68,4510402.25,24429325.25,2010986.23,990483.05,5038110.32,8262262.2,4936567.63,17792920.83,4716000.98
Eastern Mediterranean Region (WHO),NA,1999,3116557.68,7755888.02,4609232.8,4613718.75,24817892.24,2055977.47,1033757.53,5203666.46,8498800.86,5001755.27,17693117.48,4877842.66
Eastern Mediterranean Region (WHO),NA,2000,3155708.32,7953392.92,4639039.92,4726097.59,25016436.93,2101948.93,1080379.44,5372752.38,8760204.6,5060685.02,17640926.17,5037054.62
Eastern Mediterranean Region (WHO),NA,2001,3245060.66,8167912.72,4707518.77,4855409.58,25583607.03,2149546.88,1130562.49,5551473.96,9037473.79,5183393.6,17646399.18,5254591.41
Eastern Mediterranean Region (WHO),NA,2002,3314204.12,8398080.37,4776716.69,4992126.26,26096485.03,2200026.16,1186102.83,5743541.96,9287793.77,5283613.36,17694089.21,5478880.96
Eastern Mediterranean Region (WHO),NA,2003,3381001.36,8634498.16,4849930.48,5139844.72,26626068.08,2251325.58,1246636.16,5943513.52,9550599.14,5388259.79,17873747.86,5735831.17
Eastern Mediterranean Region (WHO),NA,2004,3427064.13,8874194.16,4903729.26,5283350.12,26969530.93,2303730.06,1308186.42,6149367.58,9806961.27,5468803.14,18014992.08,5982750.98
Eastern Mediterranean Region (WHO),NA,2005,3463664.33,9115908.29,4956365.4,5424343.75,27315356.96,2355576.8,1363970.89,6358572.85,10073851.2,5532000.77,18145799.71,6224865.93
Eastern Mediterranean Region (WHO),NA,2006,3504185.24,9370082.89,5019449.8,5567653.3,27747583.94,2409318.8,1422934.38,6577659.49,10358994.3,5607421.47,18227072.51,6454257.19
Eastern Mediterranean Region (WHO),NA,2007,3543700.43,9652767.38,5082876.97,5718719.09,28092277.01,2467958.85,1494577.66,6813763.66,10619165.73,5682791.48,18246743.45,6677277.69
Eastern Mediterranean Region (WHO),NA,2008,3628876,9952979.86,5178249.26,5889713.24,28670432.07,2529530.67,1566581.93,7064887.2,11040229.61,5819407.37,18425734,6970233.42
Eastern Mediterranean Region (WHO),NA,2009,3705458.74,10243241.12,5253544.11,6049822.9,29189328.83,2589004.06,1625369.52,7318109.07,11414351.68,5936209.46,18501857.95,7252788.08
Eastern Mediterranean Region (WHO),NA,2010,3767577.1,10508301.82,5316746.06,6198496.2,29621555.55,2644999.06,1669649.69,7567011.66,11739564.45,6030173.35,18501080.56,7534740.54
Eastern Mediterranean Region (WHO),NA,2011,3823706.29,10777746.72,5388072.53,6347126.74,30056387.95,2701197.82,1697877.34,7820263.78,12068837.45,6124365.96,18518871.91,7782834.74
Eastern Mediterranean Region (WHO),NA,2012,3893372.27,11064652.71,5477910.01,6497692.51,30684401.75,2758316.08,1711268.29,8074012.99,12464722.28,6231538.97,18535626.26,8077304.29
Eastern Mediterranean Region (WHO),NA,2013,3945883.74,11349161.55,5565990.67,6654379.49,31279222.46,2814714.75,1716137.03,8328013.97,12919841.93,6326647.53,18620813.53,8393785.54
Eastern Mediterranean Region (WHO),NA,2014,4024072.42,11622818,5660034.41,6807174.19,31913527.7,2869181.53,1726362.26,8584059.18,13368746.35,6441754.82,18628029.65,8756685.08
Eastern Mediterranean Region (WHO),NA,2015,4112046.89,11889842.52,5755554.72,6961008.45,32882271.4,2924019.67,1742824.44,8848301.56,13794053.37,6566097.65,18604986.41,9137666.18
Eastern Mediterranean Region (WHO),NA,2016,4195869.97,12138668.99,5850971.51,7138825.3,33522555.71,2980514.4,1780338.32,9128216.66,14216056.3,6695529.26,18476463.54,9510020.65
Eastern Mediterranean Region (WHO),NA,2017,4284111.92,12392586.05,5947495.16,7312114.8,34212917.37,3036490.54,1821061.55,9416226.02,14614295.49,6833321.04,18363525.12,9818070.82
Eastern Mediterranean Region (WHO),NA,2018,4351307.87,12684671,6042632.15,7467576.46,34945528.4,3093583.67,1841466.69,9708695.76,15025691.36,6932203.21,18227665.76,10158537.88
Eastern Mediterranean Region (WHO),NA,2019,4429373.87,13008287.38,6141722.78,7625820.17,35716294.52,3153712.74,1836778.16,10011643.2,15445081.74,7046059.73,18244027.91,10521395.28
Ecuador,ECU,1990,50167.61,160343.67,81139.86,108409.99,250944.15,59422.34,36916.52,111296.21,181986.45,154003.87,211863.88,82800.94
Ecuador,ECU,1991,53959.66,164461.99,80918.93,113599.82,271944.53,60697.55,38510.42,115699.75,196519.08,158631.3,215834.91,93391.78
Ecuador,ECU,1992,54587.78,168700.68,78522.68,116982.01,271535.09,61969.41,38228.51,119864.04,200166.74,156624.46,218183.47,99693.66
Ecuador,ECU,1993,55171.73,172979.85,76017.16,120144.49,268844.45,63234.26,38007.62,124060.9,201470.91,154080.98,219468.14,105546.88
Ecuador,ECU,1994,56621.03,177314.18,73493.33,123688.55,270142.92,64532.39,38321.24,128386.94,206504.28,153769.54,222591.92,113872.67
Ecuador,ECU,1995,57395.76,181852.43,70553.36,126850.3,265327.43,65830.28,38487.38,132734.93,209302.91,152083.03,227644.22,121639.93
Ecuador,ECU,1996,59966.53,186488.42,68528.86,130292.4,272744.01,67220.18,39841.64,137012.72,220249.33,153177.81,231625.94,134314.9
Ecuador,ECU,1997,58967.01,191311.23,64919.33,131648.19,261211.43,68511.41,40536.56,140552.85,220171.85,149878.74,237291.32,139909.41
Ecuador,ECU,1998,60893.2,196238.75,63449.91,134526.79,269703.72,69895.81,42268.34,144174.71,230638.24,151829,242136.94,152731.03
Ecuador,ECU,1999,60923.12,201243.48,62042.51,136319.32,272936.35,71279.87,43411.81,147850.76,234672.65,150350.1,246136.93,163227.63
Ecuador,ECU,2000,60393.37,206224.75,60674.73,138375.04,275112.92,72688.41,44124.62,152201.18,239652.34,148079.56,251958.5,174066.96
Ecuador,ECU,2001,61555.72,211199.87,60178.17,140751.36,272206.29,74149.44,44969.5,157408.66,241974.43,149367.92,258135.98,179366.96
Ecuador,ECU,2002,68471.6,216416,62729.51,145968.97,304150.75,75716.45,46930.08,163446.37,275196.66,161197.72,265386.16,205983.15
Ecuador,ECU,2003,73172.1,221615.38,64226.65,149673.5,320496.38,77171.92,48095.07,169206.6,295251.73,168504.42,269907.44,223392.8
Ecuador,ECU,2004,77122.45,226841,65792.96,153277.24,330574.73,78727.94,49131.2,174857.52,308249.66,174092.72,274776.9,233735.85
Ecuador,ECU,2005,81582.79,232166.97,68236.61,157145.34,349058.81,80229.37,50327.19,180579.4,326683.46,180621.6,279070.81,248398.25
Ecuador,ECU,2006,84146.77,237495.39,70443.72,160722.32,358257.39,81739.38,50463.58,186338.59,340026.29,184202.88,286115.77,258413.9
Ecuador,ECU,2007,85943.33,242856.55,72591.21,164316.89,364868.75,83290.75,50728.23,192232.17,351511.67,187078.27,295350.55,267024.88
Ecuador,ECU,2008,87392.71,248423.41,75134.57,168231.98,372328.74,84865.19,51252.02,198424.3,362731.25,189765.09,302090.18,275956.85
Ecuador,ECU,2009,87553.98,253949.54,77277.66,171486.86,375246.74,86496.22,51258.73,204620.24,369059.88,190791.51,306769.91,282621.11
Ecuador,ECU,2010,87976.92,259702.42,79756.51,175097.69,381161.48,88130.79,51316.34,210763.53,376355.09,192209.75,313503.56,289668.09
Ecuador,ECU,2011,87385.25,265634.06,81139.33,178136.58,379499.43,89763.92,51149.15,216735.14,376849.95,191139.77,314465.93,292271.16
Ecuador,ECU,2012,88737.06,271662.87,84014.11,181904.44,393030.04,91487.5,50594.33,223490.44,391996.6,193517.11,320338.92,306033.18
Ecuador,ECU,2013,89071.16,277860.6,86573.45,184877.91,398947.75,93223.15,50096.76,230119.36,396823.74,194689.4,326977.91,311535.09
Ecuador,ECU,2014,89392.8,283934.54,88358.54,187276.84,403097.45,94949.61,49630.53,236708.85,398801.63,195516.04,328518.61,314215.88
Ecuador,ECU,2015,90432.33,290017.64,89233.26,189754.58,406830.75,96650.58,49606.14,243343.91,401635.36,197482.68,332630.94,317191.77
Ecuador,ECU,2016,93354.89,296775.68,92232.25,194772.05,422668.47,98697.39,50218.3,250774.45,414816.56,202614.68,337328.07,327025.15
Ecuador,ECU,2017,96147.07,304510.57,95197.91,199965.6,437429.71,100967.87,51052.3,258680.49,427319.6,208189.33,344282.16,335128.55
Ecuador,ECU,2018,98635.49,311279.6,96748.2,204268.33,447863.61,102611.73,52110.76,266390.41,437811.55,212774.62,341892.11,344665.01
Ecuador,ECU,2019,100815.45,317270.36,97494.01,208414.08,454848.55,103945.53,52949.69,274137.05,448060.75,217093.94,342854.16,354019.74
Egypt,EGY,1990,983919.08,911418.91,594519.72,547167.9,5150263.83,224531.93,61610.3,647866.21,825010.22,1245164.08,2084979.68,582075.81
Egypt,EGY,1991,970524.08,936194.47,587787.07,556271.96,5059427.62,228729.67,62891.48,669160.46,829215.63,1227955.32,2048473.23,589046.15
Egypt,EGY,1992,961664.06,960970.3,578229.39,566306.01,4967738.27,232862.5,64306.95,690961.33,834702.84,1217869.54,2033940.96,595098.27
Egypt,EGY,1993,976379.56,985042.29,587621.06,580377.32,5057441.32,237163.68,65950.28,713629.61,869597.79,1233286.36,2013538.07,621028.17
Egypt,EGY,1994,986121.12,1009110.36,593631.75,593905.33,5089609.08,241506.55,67855.96,736529.48,897901.99,1243005.47,1978922.64,641846.07
Egypt,EGY,1995,973015.87,1033451.09,588031.12,605770.33,4987053.17,246146.02,69556.67,759797.69,905732.71,1227131.3,1958520.29,646131.74
Egypt,EGY,1996,977586.24,1053523.77,588103.29,618876.06,4953794.46,250888.09,71500.06,783916.63,929538.27,1229893.35,1898823.99,666464.26
Egypt,EGY,1997,992853.63,1067402.9,594681.75,633859.15,5004245.34,255753.04,73610.95,808304.89,958343.08,1246651.22,1880942.79,690545.21
Egypt,EGY,1998,998474.59,1079482.3,595918.7,648498.57,4986851.34,261075.21,75578.94,833561.89,971956.35,1252328.47,1874178.4,705492.94
Egypt,EGY,1999,1010730.22,1093862.51,598742.71,665250.88,4999574.6,266350.23,77782.51,859263.47,1000450.26,1266494.38,1898080.85,725351.29
Egypt,EGY,2000,1003751.75,1114998.68,590403.15,679883.46,4879282.86,271928.22,80056.95,885127.56,1014896.15,1258542.46,1912742.75,732213.72
Egypt,EGY,2001,1049519.86,1142080.92,614559.64,702476.34,5116782.55,277082.92,82565.82,911806.55,1082812.18,1310467.88,1921638.54,779603.19
Egypt,EGY,2002,1082138.83,1170194.33,633034.53,727123.32,5277691.59,281489.25,84924.86,939218.93,1129195.87,1347820.45,1917165.61,816185.41
Egypt,EGY,2003,1115932,1198288.07,651632.15,752943,5462166.87,285543.27,87528.92,966591.32,1175682.75,1386653.42,1929674.81,855377.07
Egypt,EGY,2004,1125176.55,1226529.08,655164.92,775413.85,5485755.01,289862.88,90301.35,994475.44,1209122.94,1397737.28,1943211.15,881443.7
Egypt,EGY,2005,1128643.58,1255501.1,658706.72,794797.34,5501248.05,294823.57,93127.02,1022350.05,1238402.31,1402694.53,1957424.51,905033.52
Egypt,EGY,2006,1139293.78,1287399.21,672854.47,813620.03,5614038.42,300380.24,96575.04,1051089.3,1284782.35,1421381.58,1969821.08,942242.55
Egypt,EGY,2007,1144019.82,1324706.49,682284.43,831752.82,5646869.94,306224.82,100351.46,1079851.47,1308665.8,1432943.06,1977678.12,967090.09
Egypt,EGY,2008,1174189.52,1364423.11,701556.1,851651.78,5793106.65,312475.94,104488.69,1109840.29,1357158.89,1471216.84,1969326.12,1016065.53
Egypt,EGY,2009,1212890.02,1403388.3,722394.25,872527.97,5986965.65,319153.96,108499.79,1140643.68,1440708.87,1518373.22,1981196.48,1075199.62
Egypt,EGY,2010,1243774.91,1437716.05,738302.1,892780,6114231.27,326002.23,111659.33,1171657.71,1482459.74,1555053.7,1960401.26,1128957.06
Egypt,EGY,2011,1271305.42,1470129.47,752010.14,913660.16,6178148.41,333308.79,114549.69,1202984.9,1519039.45,1588924.27,1951680.3,1167624.99
Egypt,EGY,2012,1311302.24,1508708.85,774976.57,934114.08,6379080.31,341265.07,116790.95,1235133.64,1561648.84,1636085.42,1917466.63,1226544.18
Egypt,EGY,2013,1309124.96,1548865.54,780942.93,949783.49,6341858.98,349459.46,118432.95,1267574.98,1554911.57,1636763.89,1899024.76,1242241.93
Egypt,EGY,2014,1344982.33,1587899.74,797978.73,970006.29,6460218.86,357352.87,120502.31,1301928.88,1595501.54,1677172.83,1876298.2,1301457.36
Egypt,EGY,2015,1403430.88,1622845.25,826328.56,993832.23,6824258.85,364312.58,122543.66,1336540.7,1672815.44,1744004.77,1931646.81,1391091.85
Egypt,EGY,2016,1438369.73,1653117.79,842476.6,1011325.16,6872564.28,370134.34,127172.14,1373159.92,1713824.73,1781023.53,1887089.12,1445768.83
Egypt,EGY,2017,1457068.75,1683993.91,853832.12,1026615.93,6887296.05,375677.15,131960.31,1411830,1745510.78,1803128.78,1876119.71,1476957.61
Egypt,EGY,2018,1487822.88,1719673.91,868823.27,1040081.61,6967997.86,383854.02,135165.21,1449886.47,1782528.88,1837630.51,1867058.81,1522327.21
Egypt,EGY,2019,1519838.08,1760342.35,884313.49,1050486.56,7054611.78,394591.93,138097.23,1489150.62,1818126.39,1873908.63,1861861.64,1564393.81
El Salvador,SLV,1990,35642.59,80755.03,53701.88,52023.7,157236.09,24087.59,62490,59597.25,83165.93,95144.54,152521.9,49975.28
El Salvador,SLV,1991,35558.4,81989.63,52540.91,53189,156188.74,24366.88,64187.37,60829.52,85074.78,93594.2,151298.7,52858.25
El Salvador,SLV,1992,36389.4,83145.47,51936.43,54362.71,160139.96,24656.15,66465.49,62163.13,89418.71,93302.17,150125.45,57526.45
El Salvador,SLV,1993,37101.74,84192.29,51256.33,55458.98,162417.94,24961.09,68573.82,63501.69,92963.33,92143.87,147471.46,62413.95
El Salvador,SLV,1994,37795.86,85243.92,50349.21,56521.38,162215.4,25255.92,68287.38,64856.88,97018.98,90533.69,144755.45,67758.72
El Salvador,SLV,1995,37113.69,86232.93,48786.58,57123.85,153325.46,25530.16,66114.3,66055,95536.25,86903.55,142139.86,69952.66
El Salvador,SLV,1996,36152.73,87103.57,47021.24,57726.43,146851.63,25779.22,62433.63,67444.44,98266.04,83073.7,138868.48,74638.69
El Salvador,SLV,1997,37428.33,87862.79,45332.48,58484.5,145566.43,26090.75,63425.5,68978.92,104278.82,82466.94,136880.17,82912.8
El Salvador,SLV,1998,39599.49,88573.89,44512.36,59428,151403.84,26229.53,65531.29,70453.07,111688.74,83458.7,135353.32,93908.96
El Salvador,SLV,1999,37001.59,89255.81,41620.75,59520.93,141459.07,26259.78,60599.83,71801.8,109370.97,77772.3,132847.65,96529.99
El Salvador,SLV,2000,36751.44,89991.93,40291.2,60181.85,140009.59,26491.78,60251.65,73268.97,111058.3,75970.92,130636.45,103346.6
El Salvador,SLV,2001,35266.23,90790.68,39379.35,60867.87,137966.95,26587.73,57864.8,74840.86,112574.79,72724.98,127662.14,108824.27
El Salvador,SLV,2002,33712.18,91574.36,38064.83,61404.61,132946.26,26697.56,55572.26,76542.59,111092.82,69607.13,125240.03,112399.37
El Salvador,SLV,2003,34426.63,92422.89,38060.8,62516.07,137418.39,26859.89,56703.26,78391.9,114395.81,69903.18,123572.69,122325.79
El Salvador,SLV,2004,35243.36,93251.19,38346.05,63642.02,143427.49,27014.07,58400.81,80309.72,119129.4,70595.8,122642.01,133699.79
El Salvador,SLV,2005,35551.75,94105.25,38420.46,64504.03,146092.34,27081.46,59288.01,82074.55,121700.43,70536.15,121465.56,141482.88
El Salvador,SLV,2006,35969.08,95001.33,38383.41,65382.99,148556.6,27149.62,60171.59,83809.06,123560.73,70666.83,121175.63,148563.39
El Salvador,SLV,2007,35328.84,95944.76,37924.87,66153.88,147953.86,27187.16,59030.39,85620.51,123233.1,69470.91,119239.89,152633.51
El Salvador,SLV,2008,34482.11,96918.49,37227.11,66815.89,145303.01,27241.93,57389.96,87512.16,120976.99,68117.58,118486.47,155176.05
El Salvador,SLV,2009,36279.83,97925.61,38089.07,68311.31,154324.66,27353.48,58191.93,89569.87,127529.44,70751.98,119011.38,167953.23
El Salvador,SLV,2010,35108.61,98932.61,37223.9,68928.62,147090.58,27426.15,55187.91,91429.9,123023.09,68991.83,116062.14,165801.25
El Salvador,SLV,2011,36942.19,99874.98,37852.39,70194.56,152967.02,27565.14,55873.44,93423.51,127294.67,71434.47,114622.48,175648.82
El Salvador,SLV,2012,35532.05,100737.53,37015.34,70690.98,144807.86,27604.27,53393.45,95212.17,121320.76,69405.7,112945.06,171484.07
El Salvador,SLV,2013,37362.03,101544.22,38113.77,72172.71,152957.71,27715.95,54579.66,97318.7,126615.51,72018.42,112047.97,181181.44
El Salvador,SLV,2014,41170.9,102335.38,39741.44,74028.57,167187.95,27860.09,58880.03,99363.27,135531.5,77257.18,109508.62,196719.79
El Salvador,SLV,2015,42013.98,103110.12,39981.81,74934.25,170405.04,27918.35,60057.45,101269.67,138024.5,78572.37,107608.11,199480.87
El Salvador,SLV,2016,42346.3,104024.18,40083.09,75742.75,171550.25,27987,60080.19,103064.52,139662.32,79209.06,105917.06,199402.77
El Salvador,SLV,2017,42932.3,104987.23,40458.7,76778.49,174003.22,28075.87,60233.86,104844.65,141614.2,80331.5,104515.76,198889.9
El Salvador,SLV,2018,43121.57,105711.03,40828.77,77729.58,176276.79,28145.55,61107.72,106666.38,143951.5,80848.22,103673.68,200724.04
El Salvador,SLV,2019,43530.42,106295.78,41373.16,78599.73,179915.88,28242.39,62306.03,108580.27,146958.34,81699.18,102933.67,205192.25
England,NA,1990,109797.5,1037468.24,995836.14,837099.87,4186302.45,331093.11,253871.82,1415013.78,3045350.75,489084.48,1027303.89,391617.27
England,NA,1991,112475.48,1032360.13,997251.99,839314.25,4097960.36,330942.34,263303.89,1428311.02,3020569.74,504999.58,999155.26,390501.1
England,NA,1992,115588.74,1028286.23,996851.52,841087.22,3999455.87,331102.07,273150.08,1442684.11,2999045.15,520457.28,968446.17,388125.83
England,NA,1993,120850.26,1025919.19,1002625.21,844351.36,3939913.61,331608.4,283511.34,1456625.52,2994082.43,537524.69,948060.74,388674.87
England,NA,1994,125584.21,1025986.43,994287.88,846728.56,3789160.5,332615.77,295686.48,1468973.51,2952811.64,548487.81,935244.06,385961.55
England,NA,1995,134678.45,1028793.7,1001455.25,854738.58,3728044.11,333838.79,308115.81,1479621.64,2948568.32,564675.32,930119.81,387972.81
England,NA,1996,142584.53,1033571.08,994769.45,862006.36,3624984.98,335485.19,322952.99,1490912.92,2915797.08,575776.1,931080.1,393500.57
England,NA,1997,150898.04,1038933.29,983077.76,868324.24,3511025.43,337490.41,340424.61,1506661.13,2885643.06,587124.57,933494.64,408760.68
England,NA,1998,161051.56,1044713.72,971768.53,876223.87,3435446.89,339809.1,359261.67,1524559.2,2882453.66,601710.25,935693.13,430217.85
England,NA,1999,170204.73,1050775.17,965185.15,884926.77,3347568,342347.06,375903.22,1542269.12,2873314.78,615535.18,940293.23,450071.16
England,NA,2000,177192.14,1056743.25,951993.57,892130.34,3204205.15,344717.38,385961.13,1557462.32,2829745.46,623561.45,943952.59,459462.32
England,NA,2001,184371.32,1060643.43,950184.94,904220.16,3095882.43,347156.29,396858.3,1572489.37,2796252.15,630102.85,951388.58,466295.48
England,NA,2002,192247.41,1061332.44,961126.92,919601.74,3032123.24,349869.65,403291.17,1589184.77,2806105.08,639383.01,960927.13,477312.91
England,NA,2003,200039.81,1060692.29,971729.86,935521.45,2947012.77,352482.16,409585.97,1606090.74,2806680.37,647013.44,972954.84,488477.16
England,NA,2004,201825.2,1060834.27,966164.42,946089.31,2791782.73,355057.97,417467.49,1622156.51,2771858.99,643969.95,979265.32,495405.95
England,NA,2005,206036.23,1063881.16,968777.04,959378.66,2680403.53,357747.47,426624.26,1637305.29,2756160.79,647331.97,987755.07,504366.23
England,NA,2006,212482.73,1070227.73,969763.22,972110.91,2586420.7,360653.71,437919.53,1646773.03,2760702.2,654723.99,991036.72,514110.68
England,NA,2007,215391.58,1078245.23,974305.56,983796.04,2504818.63,363833.89,450019.35,1650435,2768241.27,657319.15,983977.67,525038.22
England,NA,2008,219075.2,1087401.52,981583.29,995332.18,2445371.45,367066.96,461698.14,1651981.8,2782534.67,661574.03,970316.9,537673.06
England,NA,2009,217953.87,1097104.96,978588.02,1002343.78,2354028.6,370195.85,467826.98,1655535.2,2763678.83,657050.26,956984.94,547744.76
England,NA,2010,217464.84,1106766.24,984048.06,1012581.81,2298234.14,373184.38,471037.17,1666469.97,2755093.23,657853.35,952009.33,560067.25
England,NA,2011,214899.86,1120170.5,987954.82,1020533.84,2241458.14,375667.25,475314.45,1673597.11,2754068.65,658810.48,955486.76,574119.19
England,NA,2012,212180.91,1138684.79,995194.4,1032264.42,2225986.18,377960.51,484961.8,1669454.48,2773099.66,665019.3,968285.35,593856.35
England,NA,2013,215106.19,1158628.77,1001008.52,1043413.82,2227894.42,380006.52,499758.18,1660493.27,2808307.89,677625.55,982941.95,615122.39
England,NA,2014,216765.34,1176337.48,996076.75,1052062.61,2210679.67,381962.23,512102.23,1654734.16,2828367.35,686373.28,998753.39,633797.21
England,NA,2015,221391.85,1187988.81,1008476.7,1064674.81,2233152.56,384273.3,519224.31,1660169.01,2874472.9,699309.76,1011655.24,651060.23
England,NA,2016,225143.72,1189342.58,1011145.46,1074710.49,2237736.79,386510.37,514035.27,1693693.27,2912369.95,700642.79,1010826.18,663040.64
England,NA,2017,226182.46,1189883.03,1015126.15,1085274.81,2252092.12,389015.23,505778.12,1727481.76,2938635.69,699307.77,1009698.04,674405.89
England,NA,2018,225363.58,1191813.77,1035305.93,1099332.08,2324015.15,392736.9,501753.02,1741688.15,2999849.49,714384.13,1020912.65,689508.75
England,NA,2019,225013.33,1189668.09,1056715.31,1111174.47,2365535.3,398065,501341.89,1755814.5,3043461.29,740606.15,1034905.09,708206.79
Equatorial Guinea,GNQ,1990,3267.74,6702.22,5957.92,4124.2,20088.95,2157.13,866.27,3451.47,8011.05,7479.91,18779.54,5456.91
Equatorial Guinea,GNQ,1991,3314.92,6938.49,6022.01,4279.23,20181.66,2253.15,887.79,3559.16,8132.12,7612.72,19421.7,5539.52
Equatorial Guinea,GNQ,1992,3320.27,7194.56,6025.74,4433.15,20061.27,2352.76,907.35,3672.01,8157.32,7656.17,19983.76,5572.61
Equatorial Guinea,GNQ,1993,3359.23,7470.38,6088.81,4617.35,20205.04,2458.73,933.63,3796.96,8307.08,7763.87,20604.47,5670.13
Equatorial Guinea,GNQ,1994,3364.35,7766.15,6122.55,4798.37,20270.95,2570.26,960.87,3927.66,8403.59,7801.63,21173.14,5742.51
Equatorial Guinea,GNQ,1995,3442.2,8083.3,6206.95,5020.71,20546.28,2688.21,996.59,4068.64,8628.03,7981.35,21773.94,5897.95
Equatorial Guinea,GNQ,1996,3497.89,8414.68,6240.31,5251.69,20766.82,2811.09,1031.76,4226.87,8875.02,8096.92,22486.16,6074.94
Equatorial Guinea,GNQ,1997,3402.18,8760.16,5967.85,5461.47,19761.79,2935.62,1059.19,4394.02,8770.66,7862.54,22587.79,6000.47
Equatorial Guinea,GNQ,1998,3383.17,9127.65,5847.22,5738.47,19249.27,3070.43,1095.75,4582.53,8861.24,7800.99,22949.31,6061.62
Equatorial Guinea,GNQ,1999,3408.46,9525.52,5781.93,6067.83,18919,3213.51,1139.58,4786.75,9081.39,7844.14,23621.84,6206.37
Equatorial Guinea,GNQ,2000,3389.7,9962.37,5663.44,6388.36,18452.54,3362.26,1185.42,5000.83,9230.51,7802.15,24349.32,6333.56
Equatorial Guinea,GNQ,2001,3295.35,10437.87,5444.96,6668.78,17706.27,3508.4,1227.44,5239.32,9261.67,7556.2,24002.9,6397.96
Equatorial Guinea,GNQ,2002,3170.7,10936.35,5272.22,7001.55,16965.79,3661.71,1270.07,5494.76,9267.9,7291.86,23949.71,6459.68
Equatorial Guinea,GNQ,2003,3180.04,11472.74,5262.09,7400.61,16957.57,3823.66,1329.09,5775.48,9627.62,7290.3,24010.11,6765.78
Equatorial Guinea,GNQ,2004,3236.62,12039.62,5304.02,7845.83,17062.89,3995.9,1390.71,6075.08,10181.47,7399.2,24605.74,7145.6
Equatorial Guinea,GNQ,2005,3300.23,12646.11,5358.84,8286.4,17121.57,4178.45,1457.98,6381.73,10721.13,7526.37,25480.43,7517.59
Equatorial Guinea,GNQ,2006,3371.48,13285.47,5449.06,8719.72,17412.34,4368.72,1527.88,6712.54,11298.07,7654.71,25833.55,7917.68
Equatorial Guinea,GNQ,2007,3381.35,13964.03,5474.44,9119.58,17526.18,4558.25,1595.67,7054.23,11673.25,7655.75,25839.02,8226.81
Equatorial Guinea,GNQ,2008,3373.81,14680.78,5496.88,9520.31,17687.9,4747.23,1667.98,7411.03,12050.73,7613.97,25430.62,8562.72
Equatorial Guinea,GNQ,2009,3475.97,15420.21,5591.06,9981.58,18095.11,4951.94,1755.04,7789.07,12675.09,7804.66,25406.29,9026.48
Equatorial Guinea,GNQ,2010,3538.49,16190.19,5680.15,10418.73,18506.86,5150.29,1848.97,8182.26,13191.11,7920.72,25496.09,9434.59
Equatorial Guinea,GNQ,2011,3707.97,16982.16,5863.46,10929.41,19344.96,5351.7,1966.16,8602.01,14045.24,8233.79,26239.2,10033.47
Equatorial Guinea,GNQ,2012,3757.63,17822.82,5954.83,11372.42,19683.67,5545.61,2082.65,9034.86,14454.94,8324.77,26278.94,10416.26
Equatorial Guinea,GNQ,2013,3769.98,18707.33,6018.11,11788.54,19756.02,5743.22,2197.52,9483.69,14642.6,8352.72,25629.81,10663.57
Equatorial Guinea,GNQ,2014,3834.23,19605.92,6136.4,12251.52,20185.55,5947.58,2328.3,9952.15,15101.51,8510.68,25531.4,11048.05
Equatorial Guinea,GNQ,2015,3927.4,20509.2,6298.16,12732.14,21112.87,6146.98,2469.96,10432.09,15743.61,8690.24,25496.6,11558.15
Equatorial Guinea,GNQ,2016,4127.02,21396.58,6575.49,13188.43,22298.09,6343.4,2622.16,10918.81,16680.14,9092.68,25598.8,12211.01
Equatorial Guinea,GNQ,2017,4292.46,22306.45,6806.63,13569.83,23190.47,6536.74,2771.48,11417.59,17347.44,9428.52,25555.99,12690.42
Equatorial Guinea,GNQ,2018,4459.68,23263.22,7011.61,13949.54,24060.19,6719.6,2939.51,11943.67,18048.2,9764.58,25813.14,13259.57
Equatorial Guinea,GNQ,2019,4598.54,24275.65,7194.83,14323.17,24770.86,6889.68,3122.53,12499.66,18561.13,10078.18,26040.98,13734.65
Eritrea,ERI,1990,22770.05,41496.13,37984.72,21522.11,97595.03,16345.82,5802.57,15817.88,52112.87,42779.12,102116.1,25859.81
Eritrea,ERI,1991,22697.65,40814.26,37074.3,21351.01,96109.92,16129.44,5793.45,15609.71,51611.18,42514.75,99226.28,25738.55
Eritrea,ERI,1992,23827.84,42740.59,37541.38,22416.67,98664.76,16930.6,6158.48,16338.29,53653.17,44389.71,101258.02,26812.53
Eritrea,ERI,1993,25210.65,44986.28,38303.97,23699.74,102238.3,17868.24,6573.96,17231.72,56180.98,46685.91,104486.78,28187.79
Eritrea,ERI,1994,27057.76,47128.2,39426.27,25057.62,107569.21,18796.28,7005.59,18106.56,59740.86,49679.45,107791.26,30055.6
Eritrea,ERI,1995,29441.95,48905.62,40911.39,26433.2,114779.49,19572.16,7432.45,18861.79,64138.25,53497.69,110583.65,32479.69
Eritrea,ERI,1996,30211.05,50306.04,40993.15,27405.34,115755.23,20184.49,7725.89,19469.77,66089.32,54780.25,112781.08,33419.01
Eritrea,ERI,1997,31204.74,51685.76,41201.23,28503.14,117155.29,20800.09,8039.18,20109.17,68572.41,56445.35,115232.27,34587.82
Eritrea,ERI,1998,31624.63,52892.53,40837.16,29392.91,116658.58,21343.75,8298.12,20677.92,69880.34,57173.65,117102.3,35224.75
Eritrea,ERI,1999,32927.32,54010.45,41076.54,30464.91,118400.72,21863.23,8568.82,21237.79,72646.11,59343.33,118996.93,36664.7
Eritrea,ERI,2000,34273.45,55670.46,41507.83,31682,120737.44,22574.76,8879.32,21989.15,75696.91,61709.09,122612.87,38230.1
Eritrea,ERI,2001,35205.22,58454.36,42079.32,33121.94,123045.62,23645.92,9287.55,23149.41,78050.55,63552.04,127964.63,39518.53
Eritrea,ERI,2002,38130.94,61794.76,44323.54,35393.47,131507.42,24972.55,9856.82,24608.19,84650.98,69029.97,135578.35,42889.92
Eritrea,ERI,2003,39659.96,64445.33,45337.54,36888.31,136089.16,25947.03,10255.58,25813.2,88022.28,71765.49,139771.9,44755.3
Eritrea,ERI,2004,41376.55,66512.95,46791.74,38215.59,140956.33,26716.5,10568.85,26790.23,92242.18,75076.36,146325.43,46738.18
Eritrea,ERI,2005,42522.3,68568.94,47477.3,39221.98,144466.84,27435.35,10842.1,27744.58,94563.02,77025.89,149141.41,47964.45
Eritrea,ERI,2006,43627.24,70702.55,48059.81,40174.11,148200.26,28152.57,11134.32,28758.53,96623.64,78707.23,150475.94,49166.63
Eritrea,ERI,2007,44600.01,72996.43,48684.15,41083.76,151961.08,28936.23,11434.39,29873.28,98721.62,80375.92,152145.95,50364.54
Eritrea,ERI,2008,45960.54,75287.12,49329.77,41951.12,156451.29,29673.44,11744.67,30961.31,101015.92,82441.6,152847.04,51742.12
Eritrea,ERI,2009,46914.28,77446.39,49428.06,42633.44,159777.14,30328.02,12022.97,32019.99,102089.2,83585.38,150736.55,52762.33
Eritrea,ERI,2010,47716.97,79627.65,49952.11,43459.58,162873.04,30997.54,12307.09,33066.14,103681.88,84814.44,150412.5,53716.29
Eritrea,ERI,2011,48078.08,81793.76,50316.35,44368.97,165524.1,31608.24,12602.52,34132.51,105257,85743.62,149916.26,54889.18
Eritrea,ERI,2012,48706.7,83861.78,50877.5,45375.26,169361.75,32153.21,12926.3,35273.35,107790.18,87181.04,149351.15,56418.53
Eritrea,ERI,2013,49577.83,85779.37,51583.51,46357.52,172799.49,32651.82,13233.77,36375.38,110763.25,89041.26,150498.5,57933.94
Eritrea,ERI,2014,50138.71,87707.47,52070.87,47249.4,175525.95,33135.62,13544.83,37507.03,113263.7,90260.67,150925.73,59265.06
Eritrea,ERI,2015,51203.99,89787.12,52751.92,48375.51,180290.58,33686.9,13889.42,38683.78,116648.76,92334.64,152003,60987.7
Eritrea,ERI,2016,52088.16,92119.69,53423.58,49639.11,183935.35,34295.93,14235.84,39992.77,119821.18,94145.22,152668.46,62592.85
Eritrea,ERI,2017,53469.09,94755.97,54041.73,50941.67,188673.01,34969.58,14649.11,41545.08,122954.43,96375.94,151955.2,64262.11
Eritrea,ERI,2018,54928.5,97681.49,54968.02,52196.25,194278.47,35711.99,15164.26,43310.08,126963.96,98574.04,152478.71,66470.77
Eritrea,ERI,2019,56606.51,100752.45,56263.75,53443.61,200233.95,36482.6,15729,45249.75,131667.07,101331.5,155106.83,68973.1
Estonia,EST,1990,4742.51,30019.46,10554.93,22550.4,209000.26,8398,16563.11,26463.09,92410.17,17204.53,33215.99,9137.56
Estonia,EST,1991,5102.89,29870.82,10529.1,22706.56,214925.25,8367.47,17800.79,26509.39,95635.91,17728.17,32345.42,9550.23
Estonia,EST,1992,5166.81,29564.9,10161.23,22612.21,211362.5,8258.39,18652.34,26424.57,93453.75,17681.05,31507.57,9771.4
Estonia,EST,1993,6272.82,29127.27,10379.22,22771.82,226401.02,8115.2,20050.99,26316.67,99385.15,19344.65,30384.32,10418.61
Estonia,EST,1994,7559.98,28632.45,10712.11,23068.68,241523.05,7935.48,21698.3,26145.72,104236.93,21161.04,29609.88,11335.32
Estonia,EST,1995,7715.05,28203.8,9995,22807.26,226137.65,7755.59,21737.2,25848.18,97739.57,20788.03,28577.45,11269.95
Estonia,EST,1996,6938.38,27927.92,8906.16,22240.26,198542.8,7530.84,20920.42,25588.71,86256.69,19006.14,27243.91,10931.15
Estonia,EST,1997,7655.63,27815.38,8726.21,22387.71,195701.38,7401.76,20940.3,25524.9,86190.25,19742.31,26742.59,11458.49
Estonia,EST,1998,8954.53,27819.61,8921.94,22664.22,203346.28,7310.66,21788.69,25548.66,90132.34,21451.71,26670.13,12329.12
Estonia,EST,1999,9068.83,27892.15,8592.25,22603.32,192303.18,7212.17,22463.49,25566.42,86224.52,21193.01,26259.75,12594.1
Estonia,EST,2000,9925.81,27973.83,8495.99,23020.84,189456.01,7156.28,23544.57,25716.85,86431.04,22069.71,26002.76,13162.37
Estonia,EST,2001,11221.37,27892.7,8642.68,23379.82,193035.51,7092.45,25049.18,25875.59,89516.16,23549,25720.43,13905.6
Estonia,EST,2002,11387.78,27639.55,8528.81,23611.85,185517.34,7020.35,25175.88,26026.92,87742.89,23511.73,25145.82,14005.17
Estonia,EST,2003,11327.06,27293.08,8462.63,23735.31,178756.66,6938.92,25447.29,26142.95,86296.24,23188.15,24850.42,14345.85
Estonia,EST,2004,11553.63,26908.54,8388.99,23961.67,172754.72,6892,26211.85,26265.62,86392.85,23331.83,24448.73,14916.07
Estonia,EST,2005,11659.64,26541.07,8216.52,24110.12,166572.12,6835.6,26081.24,26394.06,86298.34,23280.81,24085.58,15236.63
Estonia,EST,2006,11933.01,26192.24,8256,24242.6,162875.98,6796.09,26077.6,26489.23,87623.33,23421.26,23779.41,15542.59
Estonia,EST,2007,12484.42,25827.08,8305.62,24445.61,161682.11,6765.48,26624.68,26620.4,90463.96,24029.87,23485.65,16094.8
Estonia,EST,2008,11432.31,25486.29,7908.02,24263.5,149654.61,6722.03,25403.61,26741.78,86969.42,22459.94,22865.08,15917.49
Estonia,EST,2009,10525.1,25188.16,7674.04,24259.84,142278.22,6682.42,24875.73,26865.91,86132.54,21243.56,22131.6,15934.54
Estonia,EST,2010,9545.3,24956.22,7353.99,24148.5,131409.82,6675.89,23957.88,26977.97,81811.28,19715.46,21695.6,15688.57
Estonia,EST,2011,9741.41,24721.48,7453.59,24515.5,131273.22,6659.68,24271.8,27173.24,83778.65,19889.75,21440.45,16160.28
Estonia,EST,2012,9738.99,24482.19,7484.66,24908.64,129280.22,6647.21,24497.25,27359.15,83274.95,19799.18,21489.06,16419.75
Estonia,EST,2013,9225.44,24279.43,7353.46,25111.43,123994.3,6631.45,22956.17,27552.14,80763.26,19065.37,21387.82,16475.47
Estonia,EST,2014,9595.98,24109.17,7562.4,25444.83,124505.18,6620.9,22729.28,27738.57,82657.7,19509.31,21533.14,16842.14
Estonia,EST,2015,9361.49,24021.18,7461.21,25659.19,120072.19,6625.34,22073.57,27876.98,80602.48,19118.42,21475.64,16904.05
Estonia,EST,2016,9535.92,23964.86,7612.69,26039.08,122732.36,6620.52,22152.8,27988.31,82426.27,19446.65,21458.94,17623.75
Estonia,EST,2017,9232.55,23919.31,7635.32,26299.38,123351.76,6628.84,22626.59,28097.56,81764.86,19157.89,21471.06,17454.51
Estonia,EST,2018,9066.13,23922.73,7662.87,26553.49,124183.61,6632.65,22664.31,28337.27,81077.21,18993.56,21423.06,17355.66
Estonia,EST,2019,8892.07,23971.83,7682.99,26713.87,124321.73,6636.58,22694.72,28716.48,80542.98,18811.52,21366.55,17221.47
Eswatini,SWZ,1990,4184.3,9970.39,9669.49,6778.75,22718.32,3739.86,2551.05,5777.04,12673.46,8589.94,18950.49,10273
Eswatini,SWZ,1991,4330.89,10325.18,9870.26,7031.06,23234.06,3865.61,2672.41,5984.43,13236.23,8867.36,19355.76,10803.8
Eswatini,SWZ,1992,4415.81,10699.25,9973.19,7267.03,23434.98,3988.62,2792.51,6194.52,13631.24,9054.44,19725.07,11216.86
Eswatini,SWZ,1993,4487.78,11069.47,10046.48,7510.41,23561.97,4107.21,2916.37,6410.94,13982.69,9224.3,20068.28,11598.25
Eswatini,SWZ,1994,4658.95,11431.62,10259.88,7767.37,24252.48,4225.98,3051.77,6637.72,14641.21,9547.65,20445.15,12233.99
Eswatini,SWZ,1995,4925.65,11791.09,10586.24,8047.03,25470.58,4342.53,3195.91,6866.46,15624.33,10021.27,20941.63,13139.16
Eswatini,SWZ,1996,5205.36,12139.21,10943.94,8345.74,26796.75,4453.62,3350.32,7096.94,16688.55,10551.32,21471.32,14162.72
Eswatini,SWZ,1997,5344,12463.52,11106.22,8610.32,27496.71,4556.76,3500.21,7318.42,17482.89,10881.81,21938.09,14991.07
Eswatini,SWZ,1998,5611.88,12779.32,11500.37,8920.05,29136.66,4655.98,3662.59,7536.79,18859.87,11445.26,22431.4,16339.13
Eswatini,SWZ,1999,5892.35,13069.14,11924.2,9251.93,30943.46,4750.94,3809.42,7746.26,20552.86,12038.34,23100.08,17912.51
Eswatini,SWZ,2000,6325.97,13323.58,12543.98,9612.98,33710.06,4837.47,3942.64,7937.41,22905.11,12847.24,23819.65,20149.88
Eswatini,SWZ,2001,6646.04,13547.57,13029.87,9935.09,35843.13,4909.44,4043.38,8099.35,24936.61,13456.33,24560.3,22261.37
Eswatini,SWZ,2002,6900.73,13763.39,13450.23,10224.18,37934.99,4971.46,4128.31,8240.12,26909.49,13960.74,25228.48,24423.24
Eswatini,SWZ,2003,7028.1,13943.06,13721.38,10467.41,39327.2,5020.9,4186.6,8351.72,28292.09,14266.31,25870.21,26174.17
Eswatini,SWZ,2004,7166.43,14098.4,13883.86,10584.38,40534.71,5046.93,4239.78,8444.05,29018.94,14490.5,26079.22,27209.47
Eswatini,SWZ,2005,7241.23,14233.26,13877.19,10638.23,41273.19,5059.16,4281.65,8524.09,29372.21,14581.28,25986.15,27902.2
Eswatini,SWZ,2006,7167.91,14360.67,13684.12,10665.82,41046.93,5066.23,4314.55,8605.3,29149.06,14498.98,26031.95,27808.46
Eswatini,SWZ,2007,7152.15,14487.58,13593.38,10722.39,41144.77,5071.5,4343.85,8694.75,29130.89,14520.23,26075.07,27921.92
Eswatini,SWZ,2008,7119.25,14624.55,13495.8,10763.43,41299.72,5076.07,4373.5,8787.49,29202.81,14519.19,26036.86,28250.1
Eswatini,SWZ,2009,7088.28,14770.12,13366.91,10796.4,41328.99,5083.64,4401.02,8899.32,29256.7,14511.4,25927.61,28546.81
Eswatini,SWZ,2010,6950.59,14918.9,13140.66,10818.34,40692.14,5086.84,4429.87,9014.75,28909.92,14313.23,25514.85,28470.44
Eswatini,SWZ,2011,6817.47,15096.05,12973.69,10850.1,39958.45,5094.81,4452.33,9164.16,28556.38,14110.88,25026.61,28088.97
Eswatini,SWZ,2012,6774.83,15289.43,12904.1,10903.53,39782.3,5108.54,4484.29,9328.73,28601.43,14005.11,24736.27,28122.71
Eswatini,SWZ,2013,6729.67,15515.39,12801.19,10953.83,39481.41,5123.98,4512.11,9511.78,28638.65,13898.12,24471.2,28168.87
Eswatini,SWZ,2014,6702.1,15734.33,12726.12,11045.2,39136.59,5148.65,4545.36,9704.42,28756.58,13844.66,24441.85,28271.84
Eswatini,SWZ,2015,6677.03,15962.58,12647.21,11106.66,38928.71,5171.97,4582.86,9904.91,28863.29,13776.76,24422.95,28323.06
Eswatini,SWZ,2016,6663.72,16190.12,12519.2,11135.28,38841.24,5198.76,4579.31,10111.59,28945.66,13757.76,24307.14,28437.45
Eswatini,SWZ,2017,6740.44,16426.97,12479.27,11228.17,39011.78,5234.79,4585.72,10336.55,29225.28,13901.36,24393.99,28659.11
Eswatini,SWZ,2018,6788.11,16640.29,12543.31,11385.39,39456.96,5270.02,4672.69,10618.1,29646.47,13978.8,24507.69,29163.49
Eswatini,SWZ,2019,6875.57,16841.8,12686.84,11589.83,40152.9,5307.54,4809.11,10975.81,30153.2,14127.24,24669.8,29810.54
Ethiopia,ETH,1990,584042.76,721858.36,594894.5,374900.59,1929815.3,343776.02,122910.2,354805.59,1265758.98,1106638.81,2708589.01,712637.61
Ethiopia,ETH,1991,590301.62,744980.28,599634.73,385213.18,1949132.57,357029.39,125900.09,366128.09,1272254.94,1117517.7,2721085.31,717835.77
Ethiopia,ETH,1992,604552,766500.77,609268.36,397755.64,1989702.72,369646.07,129049.37,376920.36,1299188.44,1142009.31,2759463.65,730328
Ethiopia,ETH,1993,613222.6,791225.28,611715.95,408574.13,2009520.45,382783.64,132429.95,388441.36,1304754.45,1154397.24,2745795,734924.4
Ethiopia,ETH,1994,617614.63,816365.85,612663.05,418058.66,2020327.79,395761.13,135784.11,399798.73,1303740.21,1160305.24,2725994.27,736340.95
Ethiopia,ETH,1995,619990.7,840204.17,611908.76,426623.99,2026480.28,407328.53,138883.51,409917.54,1297720.51,1162578.35,2694662.51,736298.5
Ethiopia,ETH,1996,616987.32,862571.97,606144.54,432760.09,2009374.96,417579.14,141472.79,419523.35,1279911.38,1155535.64,2655773.27,729216.02
Ethiopia,ETH,1997,615609.12,883703.69,602208.15,439115.18,2005059.71,427383.91,144025.44,428247.42,1269955.62,1151164.96,2619333.31,724814.18
Ethiopia,ETH,1998,625644.7,903495.19,601721.37,446267.79,1994532.3,436903.46,146669.93,436561.1,1271874.4,1163761.34,2610015.26,723805.69
Ethiopia,ETH,1999,629840.27,922099.5,598930.33,452175.32,1973804.82,445954.2,148864.11,444597.39,1264758.19,1167029.47,2595043.2,718992.08
Ethiopia,ETH,2000,618754.7,939818.76,589393.82,455164.97,1918238.27,453980.27,150503.55,452235.89,1232409.25,1146306.43,2547543.73,703210.02
Ethiopia,ETH,2001,609946.53,957052.42,581263.95,459408.63,1867776.13,462054.33,152076.65,461366.26,1214557.6,1128987.65,2532614.74,689885.71
Ethiopia,ETH,2002,606037.67,973280.43,577240,465469.04,1835160.43,470323.13,153993.16,471079.75,1212105.86,1120445.63,2546949.83,683796.63
Ethiopia,ETH,2003,604296,989269.67,572361.12,470685.53,1814430.65,478290.55,156081.32,481594.12,1202580.02,1111929.29,2536561.56,678772.42
Ethiopia,ETH,2004,604485.53,1006547.77,566935.54,476889.03,1801367.61,486774.75,158442.43,492631.42,1195018.99,1105906.51,2518736.38,675621.31
Ethiopia,ETH,2005,607186.66,1026468.12,566206.09,487538.38,1792413.46,497577.42,161467.07,504319,1212523.07,1111213.16,2570888.18,675961.25
Ethiopia,ETH,2006,604000.05,1047890.26,559361.05,496913.12,1776895.22,508656.86,167939.11,517444.29,1204568.39,1104311.18,2559576.04,672262.77
Ethiopia,ETH,2007,601490.73,1069417.32,553336.44,508276.63,1761809.43,520919.81,179310.55,531788.35,1208119.53,1104035.96,2578685.66,667731.8
Ethiopia,ETH,2008,600378,1091661.55,545663.76,519761.34,1749841.98,533510.29,193139.25,547776.12,1208858.97,1102398.94,2580579.85,663823.16
Ethiopia,ETH,2009,600698.11,1116796.62,537375.76,531261.77,1737696.18,546171.64,207014.18,565198.97,1203501.46,1100811.88,2543700.4,663432.27
Ethiopia,ETH,2010,603333.61,1145233.71,530883.8,542670.56,1718907.52,559203.12,214917.73,583765.58,1193257.48,1096090.75,2500062.36,658827.85
Ethiopia,ETH,2011,610537.94,1177054.19,532026.87,556608.63,1736161.57,572215.87,221055.13,604561.91,1207934.12,1107277.84,2515086.4,663983.58
Ethiopia,ETH,2012,614544.08,1211354.78,530477.73,568475.16,1752137.18,584673.95,226501.81,627218.03,1204535.65,1108656.56,2480666.75,665888.9
Ethiopia,ETH,2013,628918.12,1248810.39,529432.01,582172.33,1763541.83,597606.96,233025.01,651784.48,1216526.97,1125126.46,2447211.58,671965.21
Ethiopia,ETH,2014,646429.92,1287716.34,538058.26,599677,1797990.19,612897.08,240549.06,676915.6,1261394.14,1158932.34,2494202.61,685404.29
Ethiopia,ETH,2015,658776.86,1326897.03,540216.14,615142.93,1828852.33,626441.33,248059.16,701508.29,1278632.63,1176970.09,2461997.08,692720.05
Ethiopia,ETH,2016,679139.61,1367866.07,547992.62,634893.9,1863999.86,641832.44,257234.57,725812.8,1306611.64,1207079.36,2444930.51,705779.04
Ethiopia,ETH,2017,704078.15,1410024.7,563384.27,658543,1910088.69,658013.88,266757.14,751530.95,1357446.23,1248944.43,2474678.56,724117.01
Ethiopia,ETH,2018,722211.77,1453479.48,574488.41,680867.57,1963667.35,672518.76,276637.64,781221.64,1397085.23,1277673.34,2469940.19,750766.59
Ethiopia,ETH,2019,737046.57,1498723.91,583464.51,703161.77,2012731.74,686820.22,286981.78,814378.84,1423557.95,1298790.39,2448244.18,781880.88
Europe & Central Asia (WB),NA,1990,4829890.2,15503148.77,11125529.67,12666685.77,76914823.83,5085354.92,6486165.68,17903476.99,44473942.92,10557252.13,19478798.51,7923671.19
Europe & Central Asia (WB),NA,1991,4982337.71,15577660.21,11162607.3,12826463.26,77875520.58,5104065.99,6839433.15,18083763.11,44993879.89,10757916.65,19203532.17,8065077.25
Europe & Central Asia (WB),NA,1992,5186335.86,15648208.02,11263103.15,12972913.55,79875303.89,5121395.19,7319108.41,18263557.8,45769476.45,11072775.96,18907831.09,8218615.48
Europe & Central Asia (WB),NA,1993,5535424.57,15712116.51,11545149.04,13144452.58,84808403.53,5136311.5,7923338.89,18434205.64,47333239.08,11621225.79,18707302.14,8469089
Europe & Central Asia (WB),NA,1994,5859879.56,15769608.79,11665800.84,13284135.78,87904459.59,5146254.95,8391885.55,18590152.95,48122209.24,12075314.99,18558433.87,8660534.47
Europe & Central Asia (WB),NA,1995,6014682.07,15826988.98,11593941.57,13391983.36,87376698.8,5149600.03,8534143.28,18734951.42,47863900.08,12217246.48,18320776.82,8740483.57
Europe & Central Asia (WB),NA,1996,5959597.74,15895851.03,11377331.87,13475968.69,85189532.32,5150864.73,8513833.44,18885774,46883926.2,12068365.71,18068423.26,8760173.34
Europe & Central Asia (WB),NA,1997,5884077.29,15976827.3,11111217.64,13566580.42,83221730.94,5153662.31,8460946.49,19049490,46088975.37,11904848.29,17849780.83,8794693.93
Europe & Central Asia (WB),NA,1998,5849256.48,16063414.61,10859205.03,13681062.73,81943486.14,5159945.4,8535098.48,19220459.29,45685770.87,11840924.62,17642983.72,8873891.61
Europe & Central Asia (WB),NA,1999,6015804.09,16146763.35,10810809.06,13840448.16,83706015.31,5171455.31,8797178.42,19401101.73,46292302.22,12098045.87,17526181.52,9043992.98
Europe & Central Asia (WB),NA,2000,6198751.81,16224300.76,10637298.8,13972192.88,84357914.7,5181776.26,9053461.25,19582466.07,46398551.85,12335255.1,17463203.29,9141480.12
Europe & Central Asia (WB),NA,2001,6405286.07,16287627.82,10459803.6,14119956.5,84686086.5,5191655.31,9136776.09,19763017.45,46336241.02,12580470.34,17438017.18,9264037.23
Europe & Central Asia (WB),NA,2002,6692363.22,16341400.64,10430574.68,14283384.15,85995447.62,5205113.93,9175507,19942098.64,46648798.82,12933585.76,17360143,9463294.77
Europe & Central Asia (WB),NA,2003,6987863.2,16386883.09,10382643.72,14460564.68,86549211.95,5219046.52,9212281.97,20114602.22,46867633.69,13301863.61,17396277.16,9669786.22
Europe & Central Asia (WB),NA,2004,7185381.68,16429905.19,10181960.5,14597432.22,85037982.25,5233223.12,9192819.81,20282615.9,46594141.22,13504369.57,17343933.1,9774819.79
Europe & Central Asia (WB),NA,2005,7576115.68,16475399.89,10148358.94,14781519.1,86264126.72,5250592.34,9231687.49,20455833.26,47130749.31,14006829.76,17295019.74,9983619.11
Europe & Central Asia (WB),NA,2006,7451536.8,16535359.46,9936920.38,14918217.74,82648629.38,5262419.9,8990176.38,20619975.22,46492663.59,13808370.44,17204819.09,10066384.34
Europe & Central Asia (WB),NA,2007,7490527.15,16610389.95,9870852.8,15084763.76,80803153.27,5277988.46,8733091.76,20787480.07,46587508.98,13838091.73,17112327.82,10259550.37
Europe & Central Asia (WB),NA,2008,7556227.67,16691144.94,9846083.54,15257523.82,80079243.21,5297216.39,8516928.79,20950898.59,47080117.94,13940665.08,16997798.8,10480382
Europe & Central Asia (WB),NA,2009,7273941.01,16765190.81,9776798.88,15413125.08,77259902.23,5315505.83,8179539.24,21114446.13,46946366.09,13604850.88,16900233.16,10668647.34
Europe & Central Asia (WB),NA,2010,7206737.87,16825812.53,9768149.49,15584792.79,76370894.4,5338570.07,7974825.73,21288370.13,47114279.77,13562958,16842769.56,10839587
Europe & Central Asia (WB),NA,2011,6965549.52,16878974.73,9744670.8,15742268.01,73666384.27,5360204.33,7714884.87,21469560.53,46786924.9,13280267.63,16854574.47,10964698.71
Europe & Central Asia (WB),NA,2012,6881421.22,16935818.52,9772547.27,15935844.59,72495507.24,5388095.21,7553115.99,21662047.35,46916626.36,13227500.14,16991597.61,11139323.87
Europe & Central Asia (WB),NA,2013,6802844.49,16995441.72,9780731.67,16111025.75,71330703.41,5417286.63,7445796.79,21854759.46,46941369.63,13174995.57,17099727.11,11297587.86
Europe & Central Asia (WB),NA,2014,6791821.94,17054811.5,9812367.6,16284370.61,70741203.73,5447909.72,7381165.67,22045024.68,47102427.96,13211681.28,17214199.51,11500888.34
Europe & Central Asia (WB),NA,2015,6973491.46,17109111.23,9987646.44,16510343.92,71965936.73,5477620.71,7324565.51,22227684.7,48077030.57,13499551.01,17286249.84,11816573.57
Europe & Central Asia (WB),NA,2016,6827203.19,17146251.07,10043778.68,16648844.92,71071866.95,5495709.72,7217179.65,22396065.98,47939969.37,13355322.39,17283976.2,12044468.06
Europe & Central Asia (WB),NA,2017,6672882.71,17178901.14,10136811,16782563.88,70251866.66,5507489.32,7118439.52,22562436.99,47859010.01,13178086.22,17178876.74,12264388.53
Europe & Central Asia (WB),NA,2018,6642883.26,17209654.39,10237424.42,16905647.02,71014758.19,5527433.38,7176328.82,22713194.63,48252770.93,13180119.66,17172037.58,12456898.11
Europe & Central Asia (WB),NA,2019,6637154.25,17233316.32,10361515.18,17011851.03,71675902.77,5550705.76,7241771.19,22850809.2,48703412.24,13220694.81,17164260.21,12696854.14
European Region (WHO),NA,1990,4846730.77,15632119.59,11191845.68,12757267.46,77359298.7,5133443.93,6506159.87,18041163.12,44733985,10602348.6,19630363.08,7995516.24
European Region (WHO),NA,1991,4999871.71,15710640.93,11230927.85,12919497.24,78331178.3,5153171.2,6859624.61,18225817.1,45265493.5,10804610.97,19354915.03,8141090.82
European Region (WHO),NA,1992,5204850.9,15785145.46,11333603.76,13068619.77,80351741.24,5171507,7339705.86,18409972.6,46056245.77,11121540.22,19060722.57,8299756.11
European Region (WHO),NA,1993,5554156.31,15852795.28,11615873.61,13242321.31,85286573.93,5187429.47,7944162.42,18584900.27,47628119.87,11670814.67,18858376.88,8552753.56
European Region (WHO),NA,1994,5879224.45,15913961.89,11736622.39,13384355.51,88383774.38,5198395.37,8412924.66,18745095.97,48426601.47,12126405.25,18709721.28,8748191.36
European Region (WHO),NA,1995,6035269.18,15974854.12,11665140.53,13494933.7,87858366.42,5202756.75,8555594.36,18894143.52,48179789.17,12270418.96,18472542.61,8835229.34
European Region (WHO),NA,1996,5980806.2,16046819.4,11448351.01,13580953.98,85667742.41,5205236.7,8536158.34,19049114.17,47209964.6,12122651.15,18220321.66,8861716.26
European Region (WHO),NA,1997,5906064.02,16131360.59,11182278.93,13674613.75,83697796.23,5209488.62,8484297.29,19217593,46424580.99,11960654.53,18004386.85,8904734.84
European Region (WHO),NA,1998,5871819.33,16221361.5,10930397.57,13792333.72,82421511.11,5217515.17,8559955.41,19393542.07,46031978.88,11898057.07,17800583.91,8991342.45
European Region (WHO),NA,1999,6038770.19,16306101.29,10882120.29,13953650.65,84174962.91,5230216.18,8823054.21,19577775.74,46642402.67,12156058.4,17684733.91,9167067.89
European Region (WHO),NA,2000,6222050.33,16385183.72,10708661.4,14087486.55,84820550.68,5241670.08,9080469.66,19762549.47,46753059.24,12393646.41,17622158.08,9270417.36
European Region (WHO),NA,2001,6428740.29,16451777.49,10531316.44,14238046.94,85146425.49,5253066.43,9164903.85,19947437.39,46695931.2,12639464.73,17598935.04,9398017.63
European Region (WHO),NA,2002,6716229.85,16508722.1,10503113.29,14404456.61,86459329.34,5268019.58,9204474.74,20130994.73,47016966.67,12993852.96,17524290.41,9602243.07
European Region (WHO),NA,2003,7011585.98,16557131.37,10455551.03,14584346.33,87007436.94,5283169.92,9241579.1,20307706.46,47239002.09,13362370.26,17563457.02,9812467.56
European Region (WHO),NA,2004,7208740.17,16602935.54,10254934.87,14723486.91,85485645.54,5298557.74,9222188.77,20479887.7,46965072.11,13564906.14,17511833.58,9919813.64
European Region (WHO),NA,2005,7599667.32,16651281.19,10222221.42,14910340.46,86712359.39,5317161.13,9260891.38,20657499.99,47507774.29,14068077.11,17464240.99,10131682.65
European Region (WHO),NA,2006,7475187.7,16714648.49,10011243.5,15049870.35,83097572.61,5330200.97,9019366.02,20825949.71,46877611.46,13870257.32,17376924.49,10216754.98
European Region (WHO),NA,2007,7514206.48,16793763.38,9946037.39,15219535.01,81253937.43,5347009.6,8762611.14,20997671.9,46981335,13900578.55,17286383.55,10413103.13
European Region (WHO),NA,2008,7579424.94,16878867.06,9921018.24,15394819.86,80516335.78,5367458.08,8546580.37,21165107.28,47474127.83,14002761.3,17173809.92,10634021.65
European Region (WHO),NA,2009,7297147.15,16956978.51,9852112.41,15553358.85,77692655.84,5386915.1,8209377.98,21332825.33,47344458.87,13667285.2,17078628.24,10823346.49
European Region (WHO),NA,2010,7229782.21,17020962.31,9844285.37,15727906.02,76800675.03,5411184.32,8004697.22,21511246.66,47517070.17,13625709.35,17022305.24,10996123.92
European Region (WHO),NA,2011,6988919.28,17076598.78,9822079.84,15888602.08,74096269.13,5434146.93,7744779.15,21697282.65,47192833.46,13344116.06,17036744.13,11124027.61
European Region (WHO),NA,2012,6904847.95,17135278.1,9851180.67,16085454.72,72928011.58,5463428.07,7583060.38,21894672.02,47326580.76,13292073.64,17177162.6,11301695.44
European Region (WHO),NA,2013,6826373.42,17196608.27,9860231.33,16263801.36,71759442.94,5493940.05,7476040.02,22092314.41,47354196.52,13240183.95,17287251.16,11461944.92
European Region (WHO),NA,2014,6815387.93,17257742.84,9893210.58,16440326.86,71175172.88,5525821.36,7411603.79,22287548.41,47520493.01,13277505.24,17404777.61,11667964.73
European Region (WHO),NA,2015,6997406.23,17314514.23,10070270.66,16670021.38,72409503.22,5556864.95,7355255.63,22475127.4,48503236.17,13566611.71,17479728.16,11988010.18
European Region (WHO),NA,2016,6851268.84,17354342.05,10127402.84,16812093.16,71518996.02,5576219.46,7248695.99,22647781.21,48371303.4,13423273.67,17481308.5,12216249.75
European Region (WHO),NA,2017,6697312.17,17389898.76,10221843.69,16949191.34,70706017.36,5589424.15,7150911.99,22818461.28,48297383.11,13247211.56,17377593.21,12438189.86
European Region (WHO),NA,2018,6667803.66,17424009.01,10324371.3,17075522.64,71477266.1,5610848.8,7209579.84,22974265.51,48701064.42,13250595.41,17372857.09,12636257.81
European Region (WHO),NA,2019,6662483.87,17451265.45,10450292.54,17184566.28,72146236.98,5635651.16,7275879.48,23117551.32,49160950.02,13292305.93,17366773.68,12882486.11
Fiji,FJI,1990,2461.08,9569.72,12980.59,7231.17,51616.47,5130.09,1215.9,10278.23,14717.98,5264.29,13271.77,22896.5
Fiji,FJI,1991,2462.82,9691.15,13042.29,7333.02,52359.49,5170.33,1226.33,10473.1,14832.72,5264.26,13363.89,24496.66
Fiji,FJI,1992,2456.66,9811.48,13014.8,7413.89,52909.01,5208.92,1236.78,10671.23,14877.57,5242.76,13203.47,26214.03
Fiji,FJI,1993,2471.6,9931.66,13088.06,7514.18,53838.16,5250.36,1249.63,10867.62,15026.09,5269.8,13523.84,28213.89
Fiji,FJI,1994,2484.9,10045.98,13109.38,7602.93,54547.78,5288.38,1260.31,11070.04,15091.07,5297.74,13674.21,30306.03
Fiji,FJI,1995,2511.29,10161.35,13126.16,7688.69,55310.75,5327.71,1274.02,11278.92,15184.44,5332.8,13771.15,32642.04
Fiji,FJI,1996,2559.14,10278.46,13286.07,7791.23,56711.32,5395.92,1290.83,11492.53,15432.2,5412.55,13961.97,34588.91
Fiji,FJI,1997,2580.47,10402.92,13332.53,7871.62,57508.98,5498.31,1306.35,11719.51,15550.64,5450.48,14115.54,36281.72
Fiji,FJI,1998,2553.51,10535.62,13017.23,7925.04,56185.96,5616.49,1317.28,11953.94,15352.46,5394.97,14438.41,36796.89
Fiji,FJI,1999,2661.2,10666.28,13594.89,8085,59929.21,5734.79,1347.21,12202.36,15971.75,5590.41,14576.79,40138.38
Fiji,FJI,2000,2723.3,10791.83,13856.98,8223.32,61923.56,5818.03,1375.45,12453.74,16425.81,5701.91,14695.66,42977.73
Fiji,FJI,2001,2682.3,10922.05,13514.04,8280.59,60541.65,5876.76,1388.77,12704.56,16232.92,5636.99,14838.4,42950.51
Fiji,FJI,2002,2645.59,11054.76,13236.73,8343.01,59557.98,5938.84,1401.86,12968.29,16373.8,5561.19,14841.81,43734.46
Fiji,FJI,2003,2655.62,11189.15,13156.85,8485.76,60385.91,5989.62,1451.01,13232.37,16965.45,5601.11,14926.11,46567.06
Fiji,FJI,2004,2588.93,11310.16,12483.09,8529.94,58774.21,6028.95,1444.54,13494.11,17115.3,5553.77,15248.96,47280.08
Fiji,FJI,2005,2661.96,11431.32,12355.18,8639.89,60881.52,6073.86,1452.44,13757.28,17920.45,5728.94,15399.83,49945.35
Fiji,FJI,2006,2745.42,11549.31,12251.58,8774.29,63086.64,6082.95,1452.94,14015.27,18833.57,5917.46,15675.61,51404.98
Fiji,FJI,2007,2765.42,11650.96,12089.96,8928.37,64750.24,6079.85,1464.66,14259.54,19736.84,6038.73,16047.29,53714.41
Fiji,FJI,2008,2827.81,11744.81,11964.36,9052.45,66359.71,6061.59,1473.59,14490.07,20526.8,6188.44,16382.53,55635.72
Fiji,FJI,2009,2759.37,11826.02,11571.79,9088.92,65628.39,6035.82,1473.52,14698.55,20739.16,6113.72,16358.88,55228.31
Fiji,FJI,2010,2793.62,11892.53,11535.8,9223.35,66495.97,6070.14,1474.47,14894.19,21226.66,6193.5,16635.07,56112.46
Fiji,FJI,2011,2823.48,11959.25,11421.71,9353.51,67073.19,6125.47,1468.97,15081.89,21699.39,6263.71,16914.46,57637.82
Fiji,FJI,2012,2843.99,12021.39,11386.03,9448.9,68140.61,6149.64,1476.44,15264.02,22161.97,6347.71,17158.83,58816.87
Fiji,FJI,2013,2868.73,12082.39,11513.33,9527.51,69071.92,6137.06,1468.23,15435.59,22593.16,6404.28,17028.42,59639.87
Fiji,FJI,2014,2886.03,12135.02,11609.61,9595.93,70117.72,6138.38,1465.21,15602.18,23004.53,6455.35,16941.06,60583.32
Fiji,FJI,2015,2914.73,12189.04,11718.64,9682.12,71153.53,6155.4,1465.24,15758.72,23452.59,6518.93,16933.57,61548.01
Fiji,FJI,2016,2943.27,12237.07,11848.2,9781.73,72058.14,6179.65,1478.66,15899.47,23885.58,6580.09,16886.15,62325.98
Fiji,FJI,2017,2972.51,12279.9,11982.66,9881.07,72943.65,6205.54,1493.87,16048.63,24265.27,6636.87,16701.29,63104.09
Fiji,FJI,2018,2997.64,12356.79,12050.54,9967.88,73641.04,6231.27,1504.27,16204.75,24640.76,6681.86,16639.8,64251.14
Fiji,FJI,2019,3014,12444.39,12115.12,10058.09,74335.94,6260.17,1523.24,16384.15,24972.1,6724.89,16536.06,65540.81
Finland,FIN,1990,20205.64,110935.01,45526.44,81942.18,455920.17,37332.42,34514.21,123491.85,235409.81,52993.8,103302.59,40114.22
Finland,FIN,1991,20908.21,109702.9,45318.1,82864.34,444824.49,37505.57,35309.25,124619.5,235495.53,54412.78,103021.28,40166.81
Finland,FIN,1992,21455.67,108767.85,45538.09,83718.58,438748.79,37697.52,35793.4,125566.97,237115.94,55640.35,101756.77,40394.59
Finland,FIN,1993,21498.99,108119.72,45687.74,84625.23,429566.28,37899.76,36799.18,126408.48,236904.89,56155.94,100240.86,40549.62
Finland,FIN,1994,21431.08,107790.02,45347.45,85085.05,410001.88,38090.58,38424.62,127200.81,233411.92,56023.91,99449.22,40303.26
Finland,FIN,1995,22343.55,107746.58,46308.25,86107.37,407712.97,38269.09,40884.51,128081.2,236233.17,57586.66,98519.08,40798.41
Finland,FIN,1996,22838.3,108206.19,47264.35,86918.86,400464.7,38430.38,45111.86,128931.46,236229.16,58563.56,98036.43,41271.7
Finland,FIN,1997,23657.95,109236.72,48295.72,87900.07,395959.33,38609.48,48061.36,129696.3,237901.98,59895.79,98232.51,41980.09
Finland,FIN,1998,24096.44,110475.58,49093.54,88632.65,389157.57,38765.15,51356.62,130440.09,238412.16,60625.31,97815.92,42812.51
Finland,FIN,1999,24454.09,111591.3,49431.14,89533.11,381954.69,38935.88,54085.78,131058.26,238183.56,61107.55,97441.02,43693.91
Finland,FIN,2000,25517.47,112196.63,49663.21,90345.48,376898.81,39070.25,55629.71,131721.62,238562.53,62448.31,96813.53,44743.45
Finland,FIN,2001,26697.58,111848.51,50037.44,91445.58,369937.71,39191.45,56140.18,132337.26,238779.2,63392.88,95736.79,45677.05
Finland,FIN,2002,28194.24,110740.68,50435.87,92562.97,368301.52,39302.43,56659.27,132819.92,240993.78,65119.23,95008.15,47001
Finland,FIN,2003,30293.7,109388.19,50840.21,93570.95,364859.56,39424.83,57906.24,133277.52,243717.78,67568.7,95001.61,48340.59
Finland,FIN,2004,33908.93,108268.68,51079.13,94616.2,360496.56,39539.33,59442.17,133866.5,247619.36,71708.55,94699.28,49880.93
Finland,FIN,2005,36566.75,107944.44,51808.11,95981.55,356614.48,39740.07,60482.31,134738.18,249490.6,74646.2,94423.98,51146.26
Finland,FIN,2006,37638.15,108509.1,52379.07,97166.47,352121.87,39977.65,61085.49,136085.94,250375.69,75446.02,93415.49,52267.92
Finland,FIN,2007,39745.86,109645.09,53061.4,98716.82,351674.88,40209.35,61415.66,137958.35,253906.47,77546.4,92464.12,53765.39
Finland,FIN,2008,40416.48,111012.33,53373.55,100353.37,349075.27,40431.45,60943.9,140121.33,256371.11,77694.93,91243.93,55113.86
Finland,FIN,2009,40640.17,112254.2,54156.16,102083.31,348196.82,40653.94,60254.25,142350.32,259868.77,77786.86,90447.01,56278.22
Finland,FIN,2010,40315.45,112917.28,54777.99,104155.37,348112.97,40852.75,58846.29,144400.67,262790.94,77106.39,90176.51,57579.06
Finland,FIN,2011,39477.69,112642.05,55508.37,105821.18,344826.27,41049.55,57700.21,146323.05,263844.36,75827.55,91066.38,58675.97
Finland,FIN,2012,38988.86,111642.02,56146.76,107814.22,343461.75,41188.28,56748.15,148307.39,266405.4,74900.01,92718.05,59776.92
Finland,FIN,2013,38318.66,110356.88,56724.31,109542.7,341948.15,41344.13,55537.96,150093.27,268535.46,73995.43,93929.51,60767.64
Finland,FIN,2014,36947.67,109309.67,57174.06,111251.8,339754.09,41472.71,54323.03,151788.58,268747.25,72362.37,95944.75,61613.7
Finland,FIN,2015,35396.42,108949.83,57575.56,112898.61,338035.75,41603.54,53543.54,153151.25,269363.56,70552.2,96128.31,62544.87
Finland,FIN,2016,34942.38,108730.36,58269.96,114942.3,341378.28,41758.94,53509.28,153859,272951.55,70422.98,96709.96,63579.81
Finland,FIN,2017,34269.56,108572.5,58767.86,116100.5,347315.32,41892.2,54531.23,154654.67,275809.18,70132.41,97126.49,64412.23
Finland,FIN,2018,33324.28,109222.3,59282.04,117226.98,351683.04,41984.01,54814.08,156301.42,277042.15,69399.05,97959.01,66357.15
Finland,FIN,2019,32607.1,110421.15,59869.34,118475.22,356732.39,42034.61,54762.12,158498.01,279011.47,68862.54,99480.29,69077.76
France,FRA,1990,377183.41,1331533.5,644104.92,982361.73,2833337.91,507587.56,319310.95,1348176.92,3308444.59,717242.85,1196049.14,338551.43
France,FRA,1991,366951.99,1322217.76,639478.66,994093.8,2777298.8,510095.14,320217.19,1362548.25,3332863.77,704178.75,1181914.78,342074.33
France,FRA,1992,359321.93,1314069.86,637031.1,1004366.75,2723901.96,512838.21,321290.18,1377115.83,3360296.99,694394.05,1154231.53,345851.4
France,FRA,1993,357195.57,1308981.75,637366.52,1016502.5,2698684.3,514944.73,322807.79,1391144.78,3393139.05,690860.28,1129005.32,353563.16
France,FRA,1994,352249.6,1306898.51,633889.85,1026289.83,2647830.19,516901.98,324058.87,1405164.23,3392363.74,683087.23,1106411.81,358072.54
France,FRA,1995,352216.22,1309563.13,635626.94,1037296.35,2639016.64,518967.46,324124.54,1418859.77,3413098.81,682602.63,1090529.09,366052.04
France,FRA,1996,352395.37,1318552.2,633618.72,1049475.41,2634491.06,521183.36,324755.15,1433431.55,3430680.76,681334.15,1089143.77,375560.66
France,FRA,1997,350764.2,1333480.49,621564.86,1064348.5,2597071.35,523659.93,326545.22,1449984.8,3431563.09,675538.23,1096066.97,385054.71
France,FRA,1998,355689.5,1351332.54,613209.91,1084715.43,2608762.57,525825.08,332116.62,1467807.25,3499185.76,679607.03,1109103.96,405971.38
France,FRA,1999,353115.17,1368129.12,596486.16,1102135.08,2591527.33,528263.41,340525.31,1486805.74,3522641.85,673564.54,1123804.06,424095.06
France,FRA,2000,347649.91,1380757.04,569206.16,1117955.57,2550750.98,530298.48,351602.18,1507877.91,3521147.93,663179.87,1140756.39,440669.44
France,FRA,2001,346832.76,1387654.48,556934.85,1135099.41,2533091.01,532761,360821.66,1524924.99,3549891.12,662908.13,1151197.68,456301.59
France,FRA,2002,343955.3,1389467.14,552300.99,1152662.1,2521318.58,535671.1,371185.46,1538549.5,3588327.26,661956.82,1156399.06,471340.3
France,FRA,2003,338900.07,1388808.09,550247.01,1168420.49,2497074.17,538285.84,382036.72,1549668.78,3610932.29,658202.46,1165954.43,482983.74
France,FRA,2004,322083.63,1389668.74,539282.36,1176267.08,2387327.49,540500.22,391525.52,1561112.22,3549357.05,635779.65,1170823.63,480884.63
France,FRA,2005,318525.46,1393457.46,539071.57,1192551.41,2362257.9,543269.96,400336.19,1576233.66,3565605.48,633144.84,1175304.53,487999.17
France,FRA,2006,312549.81,1401194.5,535548.72,1208569.34,2322903.99,546390.05,407342.58,1594302.74,3568586.42,628351.74,1174596.12,491958.89
France,FRA,2007,306012.27,1410451.29,535459.49,1224756.39,2291043.36,549897.83,414475.8,1613223.63,3587672.13,624434.36,1160531.32,497403.35
France,FRA,2008,301869.59,1420605.87,537728.86,1243829.93,2283495.04,553281.57,421886.08,1632267.37,3635781.55,625903.05,1144186.23,505802.06
France,FRA,2009,299336.26,1429277.84,539823.92,1261428.21,2272253.49,556229.7,426065.2,1650291.98,3688578.5,627984.15,1130103.49,512505.74
France,FRA,2010,293246.3,1435934.86,541211.31,1277576.43,2245632.5,558623.86,427662.9,1666610.67,3707176.25,625283.9,1126118.59,515900.86
France,FRA,2011,285986.92,1437258.31,543270.99,1294078.38,2221928.77,560387.95,424250.8,1683551.41,3723508.88,621993.55,1131411.43,519882.58
France,FRA,2012,278189.47,1432138.2,546839.97,1317279.91,2217093.25,562214.28,416362.36,1704510.29,3738959.51,618215.65,1149833.73,529306.41
France,FRA,2013,269690.37,1424893.06,548597.29,1338647.85,2194088.27,563744.79,407274.62,1724995.62,3737408.01,610269.6,1172585.08,535497.46
France,FRA,2014,261336.74,1419923.95,548066.98,1357537.87,2162939.21,565586.85,399656.79,1745398.07,3720787.47,601306.39,1190938.54,540197.6
France,FRA,2015,264084.29,1420749.36,559012.58,1383824.83,2206695.9,567780.34,396347.94,1762919.43,3783335.57,609825.13,1205713.23,555949.77
France,FRA,2016,255926.32,1427045.33,555238.75,1399886.02,2189205.27,569580.11,397557.31,1776585.09,3726475.16,600512.12,1210270.87,556309.32
France,FRA,2017,258428.52,1433661.68,560711.52,1424144.18,2230314.61,571445.92,401141.38,1789733.88,3773517.99,607514.2,1213890.54,565612.96
France,FRA,2018,257624.62,1438619.95,568414.8,1438728.96,2265910.2,574090.81,403087.9,1810693.63,3783286.27,610466.56,1219290.53,576567.93
France,FRA,2019,259455.84,1442993.28,580693.01,1449290.05,2309129.71,576932.45,405490.51,1839005.91,3828797.31,616284.22,1223715.57,591309.79
G20,NA,1990,22288215.45,57008730.63,66467631.35,41207739.11,203973443.19,22041701.9,18134519.08,65851112.91,128069726.33,48221656.16,92505826.51,34219413.86
G20,NA,1991,22529361.29,58284223.97,67338201.61,41997252.9,205435980.56,22312016.79,18924304.82,66577210.93,130033937.12,48641549.83,91663856.11,34948782.4
G20,NA,1992,22763478.63,59515383.84,68158178.32,42764924.91,207881013.51,22565461.68,19757777.48,67333242.53,132162538.91,49006681.25,90626801.41,35778491.02
G20,NA,1993,23263037.08,60678783.56,68896683.4,43542663.15,212856620.26,22812390.19,20657181.89,68182212.37,135428740.57,49627379.86,89756390.92,36646480.14
G20,NA,1994,23682055.53,61761084.28,69245715.28,44289467.49,215738469.46,23050335.22,21462126.09,69190865.19,137916414.41,50084965.62,89023696.03,37565926.74
G20,NA,1995,23848234.52,62742068.77,69156260.84,44989336.28,215169207.17,23276734.93,21844379.78,70404423.62,139291378.02,50100580.37,88412637.92,38344366.57
G20,NA,1996,23933751.39,63681183.35,69515117.63,45624640.65,215212566.15,23498659.64,22000427.97,71678442.52,140356999.48,50025743.57,87748768.8,39307457.47
G20,NA,1997,24231285.4,64640554.05,70224405.68,46339097.41,216830886.23,23729034.78,22083304.73,72867498.16,141905075.69,50432888.05,87393266.76,40678981.96
G20,NA,1998,24459876.08,65612826.69,70427864.96,47048323.45,218094932.65,23949826.74,22338126.49,74035597.59,143859681.34,50646077.51,86916236.28,41956523.76
G20,NA,1999,24803782.15,66582006.46,70514063.97,47780692.32,221347278.89,24173261.17,22701109.96,75271842.04,146404566.52,51086277.22,86468026.9,43145890.09
G20,NA,2000,25166239.9,67533145.44,70903135.4,48555973.6,224728386.63,24403319.48,23125220.43,76695843.76,148617114.25,51485045.08,86022780.23,44385327.45
G20,NA,2001,25578671.21,68462676.22,71036674.85,49380482.44,227474269.54,24636093.67,23342891.45,78287949.11,149928546.6,51887883.56,85579553.44,45699752.55
G20,NA,2002,26015471.24,69378000.8,71268586.64,50198235.4,231160628.12,24861546.41,23594320.1,79907635.32,151266607.48,52274645.3,85026224.74,47274501.02
G20,NA,2003,26380634.99,70269494.44,71127886.9,51056382.33,233199299.36,25083895.66,23869695.55,81550002.19,152618629.72,52549390.18,84603462.48,48790605.99
G20,NA,2004,26561096.81,71142837.23,70350132.15,51969477.92,232164160.26,25312800.75,24151783.8,83215838.79,153952100.51,52586832.43,84499846.52,50024842.15
G20,NA,2005,27156376.18,71980506.32,70424787.43,52983644.64,235195152.24,25546136.07,24521565.56,84881800.89,156012719.76,53312046.65,84386243.31,51655545.84
G20,NA,2006,27108278.94,72627003.67,70029070.82,53818177.97,233643743.79,25706673.81,24441437.12,86525002.56,156114249.21,53186318.04,83940104.99,52711641.08
G20,NA,2007,27152971.99,73019624.57,70137302.5,54736360.99,234541717.11,25865499.95,24205452.52,88168362.8,157522067.82,53227268.98,83302533.25,53951813.38
G20,NA,2008,27462891.27,73304623.02,70848878.84,55774995.3,238340844.89,26027672.36,24013147.22,89829496.09,160037198.45,53701930.75,82758016.59,55486322.92
G20,NA,2009,27200085.38,73644671.57,70635015.84,56725610.08,239590722.5,26165922.8,23737708.99,91505997.22,161676541.5,53352914.15,82161749.17,56616233.85
G20,NA,2010,27229990.13,74223560.16,70929498.9,57697523.8,243452960.8,26328785.6,23715401.27,93232839.06,163806806.72,53508974.23,81815200.79,57893078.51
G20,NA,2011,27139148.89,74948845.42,71466651.36,58613353.53,245546325.42,26516890.23,23781462.11,95008351.6,165223450.53,53480813.11,81914265.84,59456602.31
G20,NA,2012,26851838.26,75623769.04,71681881.71,59537333.82,247513469.15,26725000.93,23916174.42,96798587.11,166536188,53126667.57,82308756.21,61134435.96
G20,NA,2013,26579797.83,76292443.97,72084757.64,60523900.03,249201935.95,26992179.63,24211968.11,98619922.88,167949562.84,52990627.46,82752359.82,62873863.76
G20,NA,2014,26224267.07,76983756.28,72353317.36,61485360.62,250624550.93,27234900.09,24615179.16,100442706.61,169775191.85,52657326.86,82757274.13,64450905.66
G20,NA,2015,26283390.52,77726067.53,73230446.99,62484328.45,254136279.95,27456985.84,25080238.16,102262023.25,172516677.91,52962296.91,83037124.85,66300020.44
G20,NA,2016,26401437.16,78605470.51,74013404.71,63494512.96,257853468.16,27513951.37,25775702.16,103983770.55,175253036.55,53345596.64,82827828.47,68051606.92
G20,NA,2017,26552417.85,79466073.97,74717931.26,64518169.64,260266830.3,27565234.98,26329435.22,105728269.34,177667520.6,53808704.1,82511530.5,69490013.51
G20,NA,2018,26815237.54,80146042.34,76132461.15,65753958.65,264650791.33,27745331.02,26719056.55,107638507.86,181485120.85,54329695.16,82393460.26,71242948.82
G20,NA,2019,27059604.46,80710324.13,77624077.88,67026787.83,269555347.95,27938014.85,26998735.74,109601168.51,185640219.76,54824387.04,82221850.35,73207867.94
Gabon,GAB,1990,9975.01,16368.79,10197.7,11665.9,44837.42,4884.11,2682.76,9305.42,24019.94,16849.19,34043.67,16815.45
Gabon,GAB,1991,10181.01,16803.04,10197.12,11988.32,45126.16,5015.26,2769.81,9577.81,24485.85,17174.99,34351.97,17213.89
Gabon,GAB,1992,10305.43,17246.43,10204.75,12301.81,45557.95,5147.9,2855.12,9853.65,24843.21,17395.26,34691.07,17649.86
Gabon,GAB,1993,10207.52,17701.17,10129.08,12527.69,45763.4,5277.25,2920.69,10123.64,24903.4,17273.57,34859.99,17917.64
Gabon,GAB,1994,10429.08,18166.89,10220,12861.47,46915.06,5416.99,3011.32,10401.28,25688.52,17613.79,35181.23,18595.69
Gabon,GAB,1995,10872.06,18634.53,10375.87,13250.41,48386.77,5552.9,3119.69,10683.36,26735.84,18270.62,35474.27,19501.56
Gabon,GAB,1996,10991.84,19121.67,10404.55,13518.48,49284,5684.74,3193.51,10971.54,27368.39,18439.08,35480.44,20089.49
Gabon,GAB,1997,11066.14,19615.77,10341.87,13796.58,49337.07,5813.12,3254.54,11265.12,27688.82,18571.76,35507.25,20518.14
Gabon,GAB,1998,11094.39,20124.52,10280.81,14038.96,49639.57,5941.69,3306.42,11562.13,27950.92,18636.18,35475.12,21001.91
Gabon,GAB,1999,10949.67,20638.14,10191.32,14219.43,49852.38,6061.95,3349.73,11837.91,27941.82,18446.05,35478.32,21364.09
Gabon,GAB,2000,11165.3,21146.09,10244.65,14547.55,50848.94,6190.23,3413.42,12132.04,28522.84,18803.38,35848.2,22144.87
Gabon,GAB,2001,11427.89,21642.21,10312.15,14877.63,51872.41,6313.99,3467.47,12453.41,29336.1,19219.21,36143.87,22995.52
Gabon,GAB,2002,11410.61,22147.41,10250.42,15192.13,51723.45,6430.9,3482.14,12778.41,29506.93,19256.29,36644.31,23372.12
Gabon,GAB,2003,11605.2,22638.32,10351.59,15533.65,52894.28,6557.73,3514.35,13127.44,30379.41,19606.08,37393.26,24234.43
Gabon,GAB,2004,11598.86,23148.58,10364.93,15827.47,53384.5,6674.55,3532.1,13457.12,30856,19662.61,38168.56,24776.63
Gabon,GAB,2005,11629.61,23662.13,10331.91,16175.21,53057.61,6797.65,3562.06,13802.15,31227.76,19789.89,39542.73,25107.41
Gabon,GAB,2006,11794.5,24185.27,10427.19,16495.79,53895.83,6920.49,3616.13,14191.32,32033.61,20054.04,40278.62,25763.23
Gabon,GAB,2007,12039.94,24662.31,10489.51,16855.08,54417.89,7037.97,3677.18,14581.03,32758.18,20435.43,40839.51,26372.95
Gabon,GAB,2008,12233.23,25128.5,10611.55,17168.43,55530.28,7147.8,3743.27,14999.93,33637.95,20710.5,40882.72,27177.78
Gabon,GAB,2009,12218.32,25622.84,10584.93,17422.17,55454.82,7255.87,3800.97,15408.38,33819.15,20686.78,40584.18,27475.36
Gabon,GAB,2010,12061.18,26176.15,10465.56,17603.32,54733.34,7344.85,3849.46,15817.42,33561.7,20418.17,39849.61,27392.52
Gabon,GAB,2011,12119.49,26771.7,10519.58,17884.65,55316.75,7451.47,3934.49,16275.43,34180.91,20448.7,39305.73,27917.64
Gabon,GAB,2012,12109.35,27373.11,10525.24,18136.49,55276.87,7560.67,4011.13,16745.97,34486.89,20371.79,38308.75,28256.65
Gabon,GAB,2013,12043.96,28017.34,10523.2,18381.92,55228.06,7674.2,4086.01,17232.62,34690.55,20248.07,37646.01,28520.31
Gabon,GAB,2014,12130.35,28662.62,10624.49,18721.42,55864.86,7799,4181.36,17740.38,35566.8,20380.22,37561.38,29141.06
Gabon,GAB,2015,12282.7,29331.41,10771.83,19078.64,56943.48,7918.22,4280.31,18245.9,36653.53,20611.99,37731.26,29902.95
Gabon,GAB,2016,12465.79,30016.85,10977.35,19445.97,58138.51,8025.38,4362.11,18778.38,37796.08,20893.37,37917.24,30655.51
Gabon,GAB,2017,12760.4,30710.35,11195.62,19834.04,59400.22,8134.67,4446.83,19316.05,38998.41,21340.34,38047.52,31447.24
Gabon,GAB,2018,12870.55,31384.97,11387,20246.71,60496.16,8237.39,4571.25,19862.21,40194.34,21518.94,38183.01,32303.49
Gabon,GAB,2019,13010.29,32032.26,11585.59,20708.47,61511.68,8340.72,4719.16,20417.76,41312.16,21752.24,38245.6,33150.41
Gambia,GMB,1990,6278.1,14040.78,8132.13,8741.01,24067.73,4566.27,1244.87,7026.55,11139.34,14031.01,45273.71,7152.76
Gambia,GMB,1991,6584.68,14723.67,8393.52,9139.11,25093.45,4760.93,1304.09,7353.83,11846.7,14702.72,47094.4,7562.47
Gambia,GMB,1992,6958.95,15410.28,8706.31,9575.82,26415.32,4960.82,1365.45,7702.4,12716.37,15512.54,49161.19,8053.78
Gambia,GMB,1993,6952.99,16088.61,8688.3,9882.94,26578.66,5135.24,1411.9,8048.69,12932.82,15562.76,49351.68,8200.83
Gambia,GMB,1994,7037.25,16741.09,8764.97,10218.87,27191.95,5306.36,1462.46,8393.96,13271.46,15792.11,49607.85,8455.65
Gambia,GMB,1995,7812.6,17347.49,9403.91,10793.23,30010.46,5511.16,1540.2,8748.56,14940.58,17467.92,52937.35,9399.97
Gambia,GMB,1996,7432.42,17943.31,9079.65,10971.26,29262.33,5640.55,1572.32,9083.38,14530.65,16729.02,51123.39,9235.26
Gambia,GMB,1997,7622.54,18510.74,9217.26,11368.48,30384,5799.47,1629.64,9434.38,15253.47,17165.72,51867.68,9661.73
Gambia,GMB,1998,8113.01,19074.04,9584.05,11867.71,32571.03,5974.14,1699.74,9795.74,16485.85,18205.44,53524.05,10400.25
Gambia,GMB,1999,8753.78,19633.83,10106.6,12427.63,35459.47,6157.64,1774.47,10159.22,18162.2,19529.21,55686.34,11335.64
Gambia,GMB,2000,8275.47,20201.92,9842.93,12617.72,34754.15,6283.47,1799.82,10500.37,17524.36,18493.61,53835.97,11166.29
Gambia,GMB,2001,8279.47,20781.05,9951.42,12958.17,35327.1,6430.2,1839.81,10852.52,17733.49,18266.09,53483.24,11415.87
Gambia,GMB,2002,8426.66,21359.01,10277.72,13400.92,36892,6599.84,1890.02,11209.72,18353.01,18383.03,54007.7,11941.92
Gambia,GMB,2003,8832.43,21965.71,10766.02,13903.29,39151.94,6790.77,1950.23,11577.07,19540,19008.54,55425.59,12720.61
Gambia,GMB,2004,9802.23,22568.28,11816.12,14795.89,43503.76,7052.87,2029.86,11965.84,22109.32,20970.44,62240.3,14215.15
Gambia,GMB,2005,10029.46,23177.99,12249.96,15317.64,45539.55,7259.61,2092.74,12345.75,23132.42,21334.21,63509.25,14864.62
Gambia,GMB,2006,9861.34,23758.08,12338.9,15658.23,46070.6,7452.62,2141.43,12716.08,23188.36,20879.87,62713.69,15049.75
Gambia,GMB,2007,9898.36,24308.94,12614.74,16076.27,47410.8,7676.08,2206.8,13101.99,23862.89,20845.45,63085.65,15523.26
Gambia,GMB,2008,9532.83,24850.14,12536.44,16343.89,47102.2,7873.63,2259.58,13493.85,23517.58,20088.64,61890.64,15485.36
Gambia,GMB,2009,9731.99,25455.82,12907.04,16824.47,48999.33,8107.27,2345.04,13910.13,24500.32,20349.44,62033.55,16136.53
Gambia,GMB,2010,9625.01,26140.53,13047.16,17261.9,49624.49,8332.25,2415.41,14334.46,24815.02,20155.82,61800.62,16441.41
Gambia,GMB,2011,8898.77,26925.72,12617.66,17365.69,47419.25,8510.47,2451.26,14754.68,23294.52,18719.29,58413.35,15772.54
Gambia,GMB,2012,9119.6,27772.01,12979.75,17912.88,48917.88,8761.45,2533.47,15224.26,24190.62,19078.56,59356.5,16266.11
Gambia,GMB,2013,9504.82,28637.17,13440.68,18500.61,50935.87,9021.2,2630.81,15713.28,25349.04,19706.26,59851.41,16925.58
Gambia,GMB,2014,10474.27,29545.59,14380.4,19304.76,55424.6,9325.08,2756.82,16232.8,28053.2,21399.9,62351.61,18360.59
Gambia,GMB,2015,10212.32,30481.2,14372.19,19699.25,55450.24,9552.58,2829.23,16728.18,27692.94,20976.74,60998.06,18380.85
Gambia,GMB,2016,11055.58,31433.56,15202.23,20557.99,58885.02,9831.56,2963.65,17274.63,30049.45,22383.41,62540.42,19643.83
Gambia,GMB,2017,11963.23,32408.62,16110.07,21501.45,62726.92,10123.06,3097.79,17830.59,32604.08,23966.55,65363.01,20985.77
Gambia,GMB,2018,12026.47,33467.71,16380.02,22056.88,63637.07,10348.8,3211.84,18424.33,33249.34,24008.42,64943.11,21421.52
Gambia,GMB,2019,12242.06,34600.21,16790.53,22685.03,65157.49,10582.09,3348.07,19066.39,34268.37,24363.86,65190.87,22050.13
Georgia,GEO,1990,51931.18,80852.63,36240.84,68423.31,742553.65,29203.92,26231.23,75136.18,246015.7,77789.56,86567.46,48493.28
Georgia,GEO,1991,52814.19,80370.96,33491.87,68249.69,764310.79,28923.76,25864.4,75208.88,244644.35,78200.42,84603.23,49372.79
Georgia,GEO,1992,53266.27,79727.9,31717.23,67612.21,784615.98,28549.42,25601.83,75080.7,238188.44,78574.59,82624.33,50413.81
Georgia,GEO,1993,50902.04,78888.19,30990.2,66440.13,764814.57,28105.35,24489.65,74697.22,220836.33,75072.3,81889.77,50503.07
Georgia,GEO,1994,50973.46,77941.9,30187.51,65644.97,779437.58,27605.75,23903.54,74221.81,211909.04,74661.3,80825.52,51520.66
Georgia,GEO,1995,47428.03,77074.1,27899.91,63495.81,717050.49,27073.37,23064.9,73766.68,191826.71,69766.54,79672.42,50123.71
Georgia,GEO,1996,44548.96,76178.69,27861.21,63047.7,679884.88,26541.88,21593.65,73493.56,179419.8,65835.82,77694.8,49275.62
Georgia,GEO,1997,44608.1,75280.52,28579.58,62985.23,694440.01,25985.4,20668.25,73327.64,178779.23,65447.72,76669.55,50378.18
Georgia,GEO,1998,45132.24,74257.44,30041.17,63010.22,716011,25415.91,19444.06,73085.93,177591.95,65866,74469.04,52897.92
Georgia,GEO,1999,45860.96,73148.79,31099.91,62856.96,729449.68,24838.21,18726.5,72639.32,176870.63,65990.7,72671.38,54390.38
Georgia,GEO,2000,45934.83,72053.11,32335.81,62643.67,735828.73,24248.96,18230.99,72044.45,178450.27,65392.02,71102.53,55598.39
Georgia,GEO,2001,45870.81,70933.64,32887.89,62646.72,727245.62,23634.72,17828.59,71327.86,179374.82,64914.49,69991.27,57505.14
Georgia,GEO,2002,47833.21,69812.52,35072.76,62719.73,743295.01,23033.5,17726.78,70535.09,188122.19,67045.64,69177.09,60962.44
Georgia,GEO,2003,47560.42,68599.46,36468.49,62402.77,736808.95,22446.51,17476.24,69669.96,190922.51,66553.41,67862.89,63583.5
Georgia,GEO,2004,49121.64,67467.73,38506.2,61994.57,723803.75,21907.6,17393.59,68767.56,194703.72,68039.09,66760.24,66239.17
Georgia,GEO,2005,47774.12,66392.71,37383.83,61165.7,697011.51,21408.9,17109.2,67990.47,193316.68,66272.17,65544.84,67622.53
Georgia,GEO,2006,47288.43,65408.94,37275.28,60414.83,670198.18,20976.43,16915.41,67330.96,193189.25,65581.96,65381.66,68768.4
Georgia,GEO,2007,46771.15,64490.27,37085.59,59806.15,638167.12,20596.27,16948.09,66642.83,193476.46,65208.12,65239.15,70412.73
Georgia,GEO,2008,48264.42,63604.69,36851.13,60169.95,624895.42,20267.74,16911.19,65978.69,200985.35,67688.77,65869.53,72926.05
Georgia,GEO,2009,48970.71,62730.47,37222.34,60673.64,622931.88,19980.22,16911.93,65324.28,207789.54,69224.37,66132.14,75841.14
Georgia,GEO,2010,48769.83,61969.85,36688.83,60945.5,610458.58,19730.99,16601.98,64751.04,211724.81,69834.48,66911.12,77769.22
Georgia,GEO,2011,48430.71,61226.76,36107.37,61083.58,588935.64,19530.57,16308.83,64265.84,215596.79,70226.58,67659.99,80197.18
Georgia,GEO,2012,48071.92,60624.73,35263.61,60974.37,554947.46,19392.61,16075.42,63775.98,218518.68,70664.8,68850.58,83090.66
Georgia,GEO,2013,47380.23,60062,34148.76,60711.39,525646.29,19277.49,15596.32,63266.01,215778.82,70536.92,69149.72,83149.63
Georgia,GEO,2014,46336.74,59559.72,33379.22,60548.54,510048.37,19202.22,15386.01,62831.95,214156.45,69542.81,68658.14,82797.84
Georgia,GEO,2015,46515.94,59056.69,33000.03,60387.86,501173.28,19118.51,15130.95,62447.86,217780.18,69690.6,67694.14,82783.82
Georgia,GEO,2016,47474.68,58511.46,33461.53,60568.66,516104.27,18956.27,15268.1,62117.05,218651.07,70286.03,65822.58,83780.85
Georgia,GEO,2017,47316.96,57995.21,33391.71,60416.82,516349.03,18802.24,15393.89,61808.02,217505.35,69785.07,64210.34,83489.2
Georgia,GEO,2018,46951,57528.1,33119.54,60093.85,513190.46,18651.05,15445.92,62025.31,216156.01,69040.85,62766.33,83044.57
Georgia,GEO,2019,46391.1,57179.41,32826.92,59805.3,509099.02,18493.88,15523.05,62906.86,213986.94,68095.62,61324.38,82276.92
Germany,DEU,1990,647780.94,1587501.04,1181831.93,1462255.52,7620457.13,548419.97,590323.92,2240546.46,4601764.84,1175803.89,1705519.29,976805.52
Germany,DEU,1991,682291.82,1597375.92,1157984.95,1485197.38,7429153.66,551364.76,614110.79,2256454.48,4630828.68,1215895.31,1699909.31,992567.29
Germany,DEU,1992,696247.09,1609187.25,1129472.14,1506748.45,7178058.11,554784.59,629509.58,2273901.89,4620575.53,1230381.65,1695255.97,1004484
Germany,DEU,1993,713187.35,1619790.15,1113824.36,1529715.01,7045143.9,557966.54,638534.39,2292315.8,4672418.83,1250787.24,1699889.6,1028971.21
Germany,DEU,1994,722757.83,1628002.67,1096961,1550512.74,6894028.81,560857.84,642968.47,2311740.67,4722066.76,1263276.38,1699877.47,1046179.42
Germany,DEU,1995,725630.6,1633641.61,1084340.19,1568622.74,6749930.91,563364.16,644280.43,2330883.93,4780421.1,1267722.74,1700421.71,1064229.85
Germany,DEU,1996,719759.48,1637561,1066110.06,1579755.13,6579207.95,564970.95,641260.27,2349205.03,4834448.74,1262861.92,1702027.38,1070405.11
Germany,DEU,1997,703190.4,1639933.72,1036847.11,1586556.89,6341836.38,566499.49,633060.65,2365368.59,4864300.1,1245464.45,1702500.62,1061840.62
Germany,DEU,1998,680508.98,1642220.9,1011934.31,1593539.72,6120523.74,568024.55,622608.64,2382374.26,4918566,1224277.53,1694804.68,1053959.8
Germany,DEU,1999,668206.89,1644059.7,997889.59,1607932.89,5937468.92,569871.03,612327.13,2399985.7,5040490.02,1216202.34,1692012.95,1059882.03
Germany,DEU,2000,654644.66,1648137.02,985129.93,1619293.83,5717453.93,571084.76,601800.82,2416326.24,5205302.5,1206307.84,1690715,1070666.01
Germany,DEU,2001,636401.16,1656476.13,980293.97,1631473.93,5552574.14,571674.39,589618.99,2432834.35,5275314.14,1192081.79,1682235,1080593.57
Germany,DEU,2002,626967.81,1670432.19,998747.77,1648047.33,5484148.04,572251.41,580782.83,2447703.33,5365953.79,1192680.52,1665856.87,1097561.26
Germany,DEU,2003,616564.93,1684122.26,1021892.6,1665354.3,5411527.15,572012.56,574731.07,2462272.67,5413698.1,1192712.04,1648361.48,1111765.68
Germany,DEU,2004,588049.36,1693814.75,1028992.53,1679764.72,5222238.38,571839.33,567505.82,2476598.6,5388557.32,1169692.81,1627212.99,1112593.83
Germany,DEU,2005,568796.82,1696951.81,1040712.81,1699281.6,5121360.69,571641.28,563399.19,2489888.65,5387810.12,1157015.16,1614603.91,1122863.43
Germany,DEU,2006,550079.09,1698254.92,1046599.43,1713253.85,5021380.88,571030.22,559844.48,2503366.19,5366224.02,1140088.76,1609405.2,1132450.01
Germany,DEU,2007,536499.43,1703154.85,1060006.42,1729536.15,4953883.16,569690.61,561108.7,2516657.23,5367464.22,1126685.81,1608794.24,1150863.33
Germany,DEU,2008,529571.81,1709441.86,1077818.23,1749798.14,4918242.69,568322.73,563604.9,2527935.48,5380950.82,1120413.63,1605741.75,1174027.5
Germany,DEU,2009,524615.65,1712384.43,1102111.51,1776580.34,4915817.14,567788.69,563879.5,2538272.19,5370596.49,1115151.97,1606337.99,1202768.42
Germany,DEU,2010,517266.39,1712378.7,1118349.2,1804650.31,4895330.08,567938.54,564288.02,2546831.47,5267585.31,1108590.04,1609158.55,1231500.98
Germany,DEU,2011,506202.62,1711132.17,1124569.64,1822278.22,4843475.02,569750.42,561325.55,2554918.19,5182669.6,1098032.45,1619832.13,1259356.75
Germany,DEU,2012,498370.09,1715105.66,1131585.65,1846418.61,4850264.28,574095.07,557360.64,2566854.66,5138514.08,1093264.82,1641318.53,1303724.55
Germany,DEU,2013,500783.88,1722210.76,1144587.2,1873837.2,4904322.41,579492.94,556130.89,2582181.18,5157938.35,1100028.43,1673670.01,1357872.18
Germany,DEU,2014,490218.59,1731621.13,1145075.09,1898824.36,4866267.16,585908.61,555930.39,2598950.79,5110171.5,1087959.82,1700806.49,1396746.89
Germany,DEU,2015,500951.46,1742472.02,1175475.34,1932777.28,5001650.15,591660,562904.65,2616312.77,5183113.01,1108413.12,1724932.14,1453043.82
Germany,DEU,2016,497953.71,1751039.57,1192784.43,1934408.48,5012107.4,592076.37,573080.01,2629562.67,5197330.54,1108614.63,1741284.97,1481629.69
Germany,DEU,2017,497099.62,1760200.2,1201637.55,1930097.35,5028877.15,591756.96,581367.68,2643184.3,5221547.62,1108268.97,1743361.65,1501664.4
Germany,DEU,2018,498035.8,1764031.02,1208370.87,1948669.78,5071824.02,597311.09,587447.7,2660045.24,5265856.89,1108398.08,1750342.42,1533801.8
Germany,DEU,2019,498183.6,1761940.72,1217222.26,1981285.88,5129871.3,604676.83,593222.15,2679267.81,5316908.62,1105172.14,1756644.29,1577276.41
Ghana,GHA,1990,145131.3,192380.28,121680.53,135676.19,454038.86,63056.42,21578.39,111716.69,254626.55,243137.55,538928.93,125585.92
Ghana,GHA,1991,149342.95,197891.08,123185.84,139346.91,462878.67,64364.61,22260.79,115249.54,263921.59,249426.16,543092.92,130754.57
Ghana,GHA,1992,154340.39,203626.94,125018.55,143405.73,474034.07,65727.4,23034.68,119012.35,275632.34,257020.23,551978.87,137024.43
Ghana,GHA,1993,159095.9,209542.86,126197.58,147723.05,481307.66,67150.01,23787.76,122924.28,287074.25,264333.16,562897.18,142665.36
Ghana,GHA,1994,162414.89,215546.23,127923.77,151900.67,491696.12,68668.76,24588.69,127045.54,296112.37,269838.84,571792.92,148611.44
Ghana,GHA,1995,164969.16,221586.68,129902.19,156034.9,504702.59,70261.89,25417.44,131323.42,304796.64,274404.66,581379.88,154787.54
Ghana,GHA,1996,168427.5,227924.98,131916.74,160518.99,524862.17,71835.44,26484.47,135884.64,316413.85,279960.9,593428.62,162036.67
Ghana,GHA,1997,173904.71,234220.22,135411.44,165753.95,552167.1,73529.1,27987.72,140729.61,332537.52,288541.94,610338.14,171550.08
Ghana,GHA,1998,176087.58,240673.88,137124.72,170788,570649.71,75246.83,29620.7,145689.97,344418.83,292393.41,625428.22,178714.8
Ghana,GHA,1999,177783.37,247404.04,140024.04,175765.21,595359.33,77097.57,31330.76,150754.45,356461.64,295598.92,641164.05,186325.66
Ghana,GHA,2000,179120.03,254588.24,143474.66,181183.73,620236.3,79100.11,33102.18,155835.59,369234.28,298408.39,658076.64,194942.84
Ghana,GHA,2001,182245.97,262235.71,148910.36,187811.3,648315.4,81268.74,34721.34,161109.54,371080.45,304897.95,669336.44,208493.26
Ghana,GHA,2002,183643.28,270327.26,154675.83,195329.51,673183.75,83709.57,36310.1,166612.47,370867.32,309454.59,684762.42,221997.71
Ghana,GHA,2003,185366.36,278821.07,161792.75,203539.7,695932.47,86383.22,37943.85,172357.12,372586.59,315978.02,713620.98,236661.98
Ghana,GHA,2004,187269.71,287722.38,168370.47,211356.97,718819.99,88985.05,39730.28,178285.89,373084.38,321317.65,730545.58,250082.6
Ghana,GHA,2005,190162.72,296797.98,174815.36,219125.45,743459.28,91662.49,41405.02,184391.16,376461.5,326951.81,746231.02,264991.96
Ghana,GHA,2006,190163.48,305936.88,181095.02,226495.99,768178.98,94500.42,43115.9,190217.38,378842.79,330906.98,758384.39,279615.47
Ghana,GHA,2007,191347.45,315236.36,186147.95,233941.99,793113.06,97338.16,44875.99,196107.38,383499.2,336008.9,768324.32,296570.74
Ghana,GHA,2008,190595.07,324682.16,189605.21,240262.59,807808.61,100068.48,46733.44,201776.12,392524.76,336146.65,765273,302247.84
Ghana,GHA,2009,191986.55,334202.02,194667.15,247324.2,828691.03,102935.71,48690.46,207683.63,404993.57,340382.16,772133.55,311938.26
Ghana,GHA,2010,194728.41,344391.82,199446.62,254555.62,848773.75,105693.25,50686.61,214111.42,419199.1,346101.1,776404.49,321787.38
Ghana,GHA,2011,197461.01,355181.15,204780.68,263604.07,869568.16,108586.61,52965.56,220941.01,437663.4,355660.01,792214.25,330671.87
Ghana,GHA,2012,198446.83,366569.05,209382.82,272013.57,885902.02,111480.4,55048.26,228004.15,451200.91,362272.86,804391.58,337172.85
Ghana,GHA,2013,199397.43,378326.98,214403.04,280763.99,903966.7,114464.96,57199.17,235467.76,465195.92,369164.16,819474.7,344370.39
Ghana,GHA,2014,202620.11,390261.26,219938.78,290173.8,926194,117631.92,59579.33,243273.49,485117.82,380348.04,848185.63,354509.92
Ghana,GHA,2015,204436.68,402209.47,225385.7,299117.16,958601.91,120670.43,61806.13,251507.64,503627.71,389271.13,877925.24,365348.49
Ghana,GHA,2016,209228.05,414064.21,231337.23,306933.34,986978.49,123630.15,64694.18,260224.97,529260.18,402915.42,902354.6,378778.71
Ghana,GHA,2017,215540.12,426197.47,235937.65,313935.78,1011043.74,126443.97,67307.17,269414.11,551622.83,413978.65,915839.7,388767.07
Ghana,GHA,2018,212746.4,438785.92,236245.41,320391.64,1018057.64,128966.65,69686.46,280466.86,559441.77,407722.6,886152.74,392177.59
Ghana,GHA,2019,213288.04,451745.5,239465.16,329249.07,1036747.23,132087.08,72192.71,294480.89,574756.78,408611.42,881389.05,400189.58
Greece,GRC,1990,38304.66,251391.66,94187.87,157412.96,779708.41,71517.77,32049.62,247009.21,534236.55,79054.5,198470.48,109530.49
Greece,GRC,1991,38208.51,253204.97,94277.4,159662.41,785299.03,71815,34614.86,250152.33,548720.08,79340.08,198031.28,110929.65
Greece,GRC,1992,38480.87,255917.98,94891.22,162414.2,793223.15,72330.67,37272.54,253656.42,564351.17,80237.52,198715.45,112962.16
Greece,GRC,1993,37461.21,258461.23,95134.42,164989.89,786612.64,72781.1,39426.75,256971.69,570181.2,79510.71,198702.88,113802.17
Greece,GRC,1994,36413.86,261028.19,95759.22,167530.45,790148.31,73203.51,42333.87,260300.49,577633.97,78740.36,198114.48,115197.93
Greece,GRC,1995,35312.44,263423.24,96807.39,170190.7,797114.6,73545.69,45008.93,263740.79,585512.41,78370.7,197783.88,116219.38
Greece,GRC,1996,34551.54,268660.1,97698,172331.48,798891.67,73893.08,46820.81,267342.3,591653.83,77978.26,197016.42,118085.05
Greece,GRC,1997,33343.01,278058.49,98499.99,174145.98,794531.28,74317.25,48001.24,270923.35,594620.14,77183.87,196191.37,118166
Greece,GRC,1998,32620.99,288949.88,99634.53,176372.82,802818.92,74709.36,48749.82,274480.68,603321.33,77021.81,196246.8,118444.13
Greece,GRC,1999,32226.97,298118.89,101530.72,178210.66,805717.8,74961.11,49748.98,277744.73,613995.06,77300.07,195379.86,120352.24
Greece,GRC,2000,31672.64,302854.4,103936.86,179878.24,799086.9,75183.93,51581.06,280828.91,618949.68,77536.62,194776.12,121479.08
Greece,GRC,2001,31147.15,303472.8,106313.59,181416.27,791645.88,75358.38,52990.24,284894.03,622699.74,77356.19,195762.81,122708.41
Greece,GRC,2002,30506,301387.6,109632.25,182841.78,784857.11,75401.89,52194.83,289570.51,623030.26,77337.76,197756.28,124870.56
Greece,GRC,2003,30420.19,298182.09,113682.27,184193.7,780854.02,75301.62,52041.48,294220.09,627023.16,77697.02,198386.9,127654.32
Greece,GRC,2004,30275.55,295091.16,118384.11,185969.18,770787.25,75173.53,52872.03,298177.53,631444.09,77972.74,200851.93,130537.96
Greece,GRC,2005,30235.3,293693.87,123291.93,187986.92,758906.86,75121.17,53935.78,300850.08,631230.74,78522.53,201940.41,132727.08
Greece,GRC,2006,30028.93,293557.54,129756.21,190362.13,751540.12,75072.68,54282.3,302443.35,630383.74,78923.31,201289.86,134739.45
Greece,GRC,2007,30640.81,293334.35,139223.46,194080.58,768787.6,75058.47,54641.16,303937.13,642517.97,80824.57,199635.68,135888.94
Greece,GRC,2008,30259.86,293100.85,142516.63,196579.82,749455.44,75020.26,54001.05,305181.83,641510.29,80965.09,195618.16,137114.73
Greece,GRC,2009,30065.01,292686.55,149951.03,199887.75,747254.1,74984.21,53864.59,306361.88,638862.89,81492.95,194974.7,135373.38
Greece,GRC,2010,29489.11,291661.49,154042.2,202807.36,736516.61,74874.49,52011.8,307375.86,633975.77,81670.75,195087.98,136475.73
Greece,GRC,2011,29783.39,287479.9,157815.65,206145.21,742775.96,74570.53,49700.63,307173.95,641073.09,83270.57,194764.98,139734.44
Greece,GRC,2012,29809.21,279307.16,159438.61,208810.72,746438.36,73978.47,47445.13,305176.25,649129.39,84579.64,194340.45,144115.64
Greece,GRC,2013,29206.72,269776.88,156590.12,209880.01,721961.03,73295.47,44928.58,302491.45,642606.75,84347.96,195246.89,148047.68
Greece,GRC,2014,28788.7,261605.47,152625.23,211985.81,704333.06,72706.22,43019.22,300356.14,638588.27,84776.54,195761.2,155587.98
Greece,GRC,2015,28721.09,256845.9,153080.17,214817.73,708359.15,72103.17,42053.85,299154.78,642091.57,85634.1,196027.61,161995.85
Greece,GRC,2016,28564.71,255862.36,153354.78,217756.56,712473.6,71730.75,40327.67,298541.88,644856.59,86345.33,196439.23,165476.68
Greece,GRC,2017,28776.69,256104.78,155683.58,219897.32,731177.83,71447.4,39026.25,298000.8,646501.69,86210.3,193714.95,165421.04
Greece,GRC,2018,29125.87,257300.41,155730.83,222436.36,759533.1,71101.75,39598.37,299675.6,654258.99,87346.39,192347.02,168499.65
Greece,GRC,2019,29349.22,259519.47,151294.28,224050.88,774756.54,70738.78,41298.89,303495.39,659213.02,87725.09,190550.58,170669.29
Greenland,GRL,1990,228.82,1491.18,833.38,743.72,2984.23,326.86,835.26,1301.02,2958.14,717.21,1317.28,294.45
Greenland,GRL,1991,231.18,1486.92,853.79,742.58,2993.29,327.96,827.27,1308.15,3000.27,723.35,1300.44,298.64
Greenland,GRL,1992,233.84,1474.12,867.14,739.36,2990.68,327.97,818.88,1310.43,3027.66,727.6,1254.2,301.34
Greenland,GRL,1993,236.33,1463.86,920.46,743.26,3105.55,328.32,813.4,1313.69,3129.48,744.53,1237.41,313.59
Greenland,GRL,1994,239.19,1460.18,934.04,744.18,3115.49,330.45,809.03,1322.95,3190.93,749.89,1202.46,317.84
Greenland,GRL,1995,243.16,1460.2,942.57,747.66,3128.26,333.12,807.62,1337.74,3264.92,756.85,1161.79,321.21
Greenland,GRL,1996,244.91,1457.78,944.47,742.53,3126.51,334.83,812.78,1354.39,3334.8,758.99,1128.14,327.74
Greenland,GRL,1997,250.01,1453.85,943.35,737.65,3115.9,335.34,817.7,1374.54,3394.28,762.82,1095.39,334.15
Greenland,GRL,1998,250.67,1449.86,926.81,730.52,3093.21,337.1,824.33,1392.06,3441.3,755.78,1055.33,336.22
Greenland,GRL,1999,252.9,1444.48,926.02,724.02,3072.75,338.17,855.52,1412.96,3488.82,747.57,1033.92,342.1
Greenland,GRL,2000,259.81,1442.43,923.68,721.19,3026.92,340,877.8,1433.03,3540.79,746.93,1002.37,350.52
Greenland,GRL,2001,266.83,1445.69,928.71,717.19,3001.95,342.11,899.04,1457.65,3573.89,753.77,980.43,358.74
Greenland,GRL,2002,275.04,1452.49,934.96,722.2,2999.98,343.78,915.12,1483.11,3629,763.76,974.04,370.46
Greenland,GRL,2003,279.9,1458.01,919.25,726.65,2933.49,345,919.57,1505.79,3629.93,758.35,948.09,377.09
Greenland,GRL,2004,287.26,1465.05,867.8,727.41,2813.55,346.47,930.47,1529.08,3605.86,747.2,922.75,377.69
Greenland,GRL,2005,292.19,1469.76,871.22,735.6,2811.31,348.32,936.55,1548.72,3639.08,754.2,912.1,388.02
Greenland,GRL,2006,294.5,1468.3,874.43,745.31,2808.99,348.47,930.24,1564.45,3691.34,760.71,899.4,398.66
Greenland,GRL,2007,298.1,1462.79,877.44,752.76,2797.44,348.81,916.44,1578.3,3742.99,766.52,888.6,406.37
Greenland,GRL,2008,300.16,1459.31,880.08,757.67,2801.37,348.16,903.77,1593.93,3772.32,769.36,873.72,413.65
Greenland,GRL,2009,302.36,1457.07,879.85,767.34,2794.03,347.6,881.57,1611.99,3809.87,772.28,861.84,421.17
Greenland,GRL,2010,301.47,1462.04,878.63,779.72,2803.61,348.65,860.56,1632.08,3842.13,768.47,858.65,431.64
Greenland,GRL,2011,301.39,1464.96,881.84,792.79,2800.87,350.59,843.47,1652.42,3853.65,770.13,852.84,442.25
Greenland,GRL,2012,300.03,1463.12,887.07,802.06,2795.85,351.96,824.84,1671.3,3855.83,773.33,848.36,452.33
Greenland,GRL,2013,298.54,1454.63,893.49,808.46,2780.24,351.13,808.65,1683.82,3870.52,776.01,847.65,463.52
Greenland,GRL,2014,296.37,1443.95,901.16,813.96,2763.7,350.15,795.5,1694.6,3872.02,778.79,846.79,475.02
Greenland,GRL,2015,292.58,1435.79,908.67,817.6,2744.52,349.14,783.29,1702.21,3851.18,778.01,844.56,486.17
Greenland,GRL,2016,289.96,1430.58,918.03,821.29,2783.76,348.31,786.26,1715.23,3901.01,775.91,842.25,504.64
Greenland,GRL,2017,289.02,1427.69,928,824.55,2816.9,348.49,789.64,1727.44,3948.39,777.78,838.35,523.78
Greenland,GRL,2018,287.33,1417.65,940.44,829.55,2845.21,348.99,788.62,1737.82,3999.24,778.9,836.72,538.88
Greenland,GRL,2019,285.87,1397.09,954.86,833.99,2872.42,350.15,783.88,1746.73,4055.38,781.04,835.83,552.57
Grenada,GRD,1990,444.71,1296.73,670.75,1060.58,6301.43,581,257.36,1031.14,3226.04,1063.66,1969.47,2230.14
Grenada,GRD,1991,437.49,1305.63,661.41,1056.16,6086.52,579.77,260.49,1044.09,3165.72,1047.08,1923.37,2208.83
Grenada,GRD,1992,434.91,1324.23,661.08,1062.71,5992.36,583.28,266.61,1062.06,3159.34,1041.41,1903.49,2223.88
Grenada,GRD,1993,437.9,1352.47,662.47,1075.62,5976.45,587.64,273.75,1086.94,3156.39,1042.91,1896.42,2265.67
Grenada,GRD,1994,437.73,1387.65,660.2,1084.05,5767.8,593.75,287.5,1115.03,3118.97,1038.17,1887.43,2266.98
Grenada,GRD,1995,430,1430.88,659.56,1095.96,5516.66,602.55,303.1,1148.15,3094.14,1024.95,1899.2,2288.06
Grenada,GRD,1996,431.21,1479.61,661.56,1116.68,5182.51,613.39,320.16,1187.42,3082.65,1026.13,1910.35,2358.72
Grenada,GRD,1997,429.87,1534.33,666.04,1136.24,5041.95,624.08,336.62,1231.68,3058.47,1030.11,1924.44,2365.78
Grenada,GRD,1998,430.53,1591.48,677.23,1158.09,4923.44,637.1,355.77,1279.87,3092.59,1038.24,1936.18,2424.13
Grenada,GRD,1999,441.18,1647.65,707.44,1187.92,4920.84,653.82,376.67,1329.19,3226.81,1067.39,1953.87,2527.52
Grenada,GRD,2000,440.52,1700.69,722.58,1207.35,4851.26,665.1,392.9,1377.89,3300.43,1074.13,1959.61,2623.14
Grenada,GRD,2001,453.36,1746.81,740.01,1234.64,4843.52,677.92,415.65,1426.8,3427.04,1103.86,1988.96,2768.23
Grenada,GRD,2002,465.69,1785.44,750.49,1255.21,4885.56,688.07,426.15,1470.14,3566.08,1125.35,2011.76,2866.13
Grenada,GRD,2003,474.9,1814.48,760,1272.05,4886.54,695.98,431.17,1506.3,3646.92,1143.54,2027.2,2977.3
Grenada,GRD,2004,480.22,1835.84,773.06,1283.82,4952.55,700.12,438.13,1535.95,3734.51,1158.27,2046.66,3081.81
Grenada,GRD,2005,472.18,1849.48,772.21,1289.47,4922.13,702.77,442.03,1560.66,3772.82,1152.37,2050.89,3142.04
Grenada,GRD,2006,463.45,1856.5,771.47,1295.08,4893.79,705.64,444.89,1582.57,3860.97,1148.69,2060.76,3214.56
Grenada,GRD,2007,467.36,1857.72,774.99,1297.2,4923.33,705.75,450.91,1601.62,3947.48,1159.1,2056.88,3291.33
Grenada,GRD,2008,469.15,1855.85,770.72,1292.92,5039.11,704.15,454.7,1616.06,4022.13,1162.74,2049.35,3378.99
Grenada,GRD,2009,463.9,1852.49,769.56,1294.45,5108.75,703.7,456.22,1629.49,4100.33,1158.67,2042.28,3464.04
Grenada,GRD,2010,465.68,1849.31,768.37,1296.53,5173.07,703.39,454.51,1640.83,4183.47,1165.29,2046.35,3556.72
Grenada,GRD,2011,472.43,1848.94,765.69,1298.1,5250.29,704.43,455.11,1653.07,4270.65,1175.49,2045.58,3622.61
Grenada,GRD,2012,482.84,1850.08,750.54,1292.53,5208.19,701.17,457.96,1666.92,4246.78,1182.99,2030.59,3645.58
Grenada,GRD,2013,492.95,1852.51,755.59,1298.25,5300.81,704.95,463.61,1679.84,4317.01,1203,2027.53,3737.19
Grenada,GRD,2014,510.89,1854.8,762.4,1307.06,5411.29,708.77,469.63,1694.61,4412.14,1234.91,2036.5,3827.78
Grenada,GRD,2015,526.24,1856.01,766.57,1311.47,5449.41,712.05,475.68,1708.93,4483.2,1258.74,2029.9,3903.48
Grenada,GRD,2016,534.15,1856.57,777.54,1321.95,5697.47,717.78,475.35,1719.46,4634.75,1281.58,2022.51,4013.31
Grenada,GRD,2017,533.29,1856.39,757.17,1325.47,5692.95,717.35,479.34,1729.31,4644.74,1296.06,1991.92,4068.96
Grenada,GRD,2018,536.16,1858.88,773.33,1333.79,5732.94,718.52,477.28,1744.46,4720.59,1295.53,1997.79,4144.91
Grenada,GRD,2019,537.36,1863.71,782.2,1343.11,5760.06,718.13,477.5,1760.19,4771.19,1296.1,1990.15,4222.6
Guam,GUM,1990,744.89,1948.51,1104.19,1251.71,6039.08,866.33,346.32,2093.98,2655.44,1045.91,1896.92,1593.05
Guam,GUM,1991,766.11,1989.92,1135.34,1285.13,6309.5,883.55,354.38,2159.98,2748.91,1076.45,1956.28,1677.5
Guam,GUM,1992,780.79,2027.26,1155.85,1314.69,6505.38,900.22,361.7,2225.07,2818.49,1098.11,2005.48,1750.09
Guam,GUM,1993,802.82,2063.15,1179.3,1346.66,6691.73,916.41,368.55,2292.71,2912.81,1127.25,2060.5,1819.46
Guam,GUM,1994,828.9,2096.84,1194.82,1378.44,6826.29,930.83,372.79,2360.24,3018.23,1159.37,2120.49,1881.16
Guam,GUM,1995,826.89,2127.82,1186.39,1403.5,6769.92,954.37,392.05,2423.95,3042.26,1155.16,2114.73,1907.93
Guam,GUM,1996,843.25,2157.03,1199.62,1425.29,6799.93,972.51,404.01,2485.61,3053.7,1174.17,2132.92,1956.66
Guam,GUM,1997,856.59,2181.26,1235.44,1447.95,7053.3,987.97,407.98,2554.72,3081.39,1190.14,2160.3,1989.95
Guam,GUM,1998,880.72,2203.24,1254.99,1463.86,7236.93,1002.39,399.13,2621.2,3152.18,1216.36,2154.67,2054.79
Guam,GUM,1999,904.9,2227.08,1274.77,1490.66,7528.15,1014.5,397.58,2684.45,3216.88,1239.23,2168.2,2107.68
Guam,GUM,2000,906.84,2247.42,1296.57,1522.53,7771.86,1026.94,396.57,2748.41,3361.13,1241.14,2185.45,2209.99
Guam,GUM,2001,888.65,2267.57,1328.94,1546.96,8000.72,1038.04,392,2803.3,3454.44,1221.06,2191.48,2305.64
Guam,GUM,2002,890.49,2286.15,1359.28,1572.21,8170.55,1047.12,401.63,2851.27,3562.62,1225.97,2195.36,2417.49
Guam,GUM,2003,884.48,2304.81,1351.8,1596.42,8177.62,1052.75,409.49,2896.36,3616.64,1221.01,2212.15,2485.14
Guam,GUM,2004,871.96,2321.67,1333.97,1611.89,8149.68,1055.64,406.3,2935.33,3682.1,1210.42,2256.73,2541.41
Guam,GUM,2005,883.8,2336.97,1304.26,1627.87,8070.74,1060.89,407.01,2976.51,3719.36,1223.21,2296.98,2585.83
Guam,GUM,2006,905,2353.16,1306.29,1657.13,8275.32,1068.46,408.09,3021.15,3829.42,1252.6,2346.94,2683.61
Guam,GUM,2007,918.66,2369.73,1299.81,1685.06,8445.54,1076.93,407.89,3064.69,3941.17,1275.53,2391.83,2783.69
Guam,GUM,2008,930.28,2386.04,1314.9,1713.14,8706.13,1084.93,409.88,3103.96,4053.72,1293.53,2402.59,2878.5
Guam,GUM,2009,945.91,2402.17,1331.1,1742.68,9036.87,1094.41,411.33,3143.33,4201.61,1316.75,2418.56,2993.05
Guam,GUM,2010,953.48,2415.06,1331.25,1766.74,9250.33,1103.68,412.18,3181.87,4317.64,1329.49,2439.42,3086.09
Guam,GUM,2011,950.5,2428.11,1319.51,1786.32,9366.75,1113.25,411.47,3221.43,4384.94,1330.8,2459.73,3159.93
Guam,GUM,2012,963.47,2440.45,1333.54,1815.47,9693.64,1125.53,414.24,3262.28,4522.68,1352.82,2484,3275.95
Guam,GUM,2013,980.41,2453.75,1355.85,1847.25,10112.03,1138.02,418.01,3303.26,4707.01,1380.2,2507.06,3417.15
Guam,GUM,2014,993.51,2465.8,1375.35,1874.83,10482.12,1151.32,422.4,3342.22,4882.08,1403.42,2531.88,3550.59
Guam,GUM,2015,999.53,2477.71,1386.97,1898.85,10738.26,1164.3,426.31,3378.03,5029.67,1421.44,2555.79,3669.48
Guam,GUM,2016,991.78,2487.11,1394.46,1929.59,10943.99,1175.39,430.69,3408.17,5113.03,1414.81,2565.2,3746.15
Guam,GUM,2017,999.6,2496.15,1441.85,1965.73,11123.04,1176.83,434.38,3439.69,5185.99,1429.6,2556.61,3854.94
Guam,GUM,2018,1009.62,2508.85,1472.28,1995.58,11338.48,1181.04,438.4,3476.15,5282.72,1445.58,2556.93,3951.59
Guam,GUM,2019,1023.89,2523.33,1509.79,2027.31,11634.99,1188.35,441.22,3515.94,5402.26,1468.71,2562.52,4067.2
Guatemala,GTM,1990,96351.92,110508.22,91696.83,85679.02,206685.77,38121.03,96370.88,84260.37,129109.66,243386.65,195208.05,79874.03
Guatemala,GTM,1991,105242.94,114190.59,93354.28,88800.18,222052.43,39239.09,101426.06,87351.3,139292.72,255527.39,195836.47,88621.44
Guatemala,GTM,1992,110603.09,118051.72,94392.8,91228.66,232850.12,40391.8,105875.03,90470.8,147515.32,260278.21,195152.2,97218.83
Guatemala,GTM,1993,117426.92,122164.67,94732.97,93659.76,243182.55,41706.96,111784.66,93849.38,159160.54,267158.44,195256.79,104675.94
Guatemala,GTM,1994,117599.3,126543.71,90753.59,96327.05,244018.02,43040.48,113773.49,97288.58,168608.23,263997.68,194705.25,110362.79
Guatemala,GTM,1995,107253.16,131348.42,82720.13,97301.66,225309.4,44270.15,110672.78,100801.45,165192.27,244407.26,193075.93,109521.69
Guatemala,GTM,1996,102994.46,136592.41,77530.25,99754.69,220619.21,45736.59,109723.35,104825.28,168648.48,235811.8,191458.44,113157.83
Guatemala,GTM,1997,106968.33,142440.98,74949.74,103051.19,229441.67,47420.67,110127.66,109162.57,182860.93,238450.67,191668.68,124036.06
Guatemala,GTM,1998,113416.28,148596.62,71695.8,106481.79,236357.62,49184.92,111129.74,113693.82,196130.85,242157.46,192227.6,135647.84
Guatemala,GTM,1999,114823.29,155006.21,67294.49,108920.31,230704.32,50882.2,109524.6,118400.62,203433.51,237866.47,192614.54,143962.65
Guatemala,GTM,2000,122515.06,161429.13,62353.04,112994.31,230898.47,52621.26,105010.37,123350.56,218517.39,242171.58,195518.63,156828.07
Guatemala,GTM,2001,127231.75,167834.6,60343.28,117773.97,227829.44,54314.65,105723,128658.87,226788.25,244409.1,198508.76,168782.56
Guatemala,GTM,2002,127392.64,174422.2,57981.26,122322.47,221597.37,56256.04,105469.74,134491.54,234089.95,242185.57,203963.12,180911.47
Guatemala,GTM,2003,131718.02,181229.09,57742.22,127041.84,224537.79,57947.63,107189.06,140679.68,244747.27,247530.32,206647.42,195321.35
Guatemala,GTM,2004,133331.03,188183.4,58104.99,131937.42,230823.01,59525.49,111611.66,147185.17,257004.41,251251.19,212410.56,212632.26
Guatemala,GTM,2005,132394.78,195042.45,58801.84,135117.61,231976.52,60847.3,116574.69,153793.29,262669.03,250635.85,219556.73,228947.09
Guatemala,GTM,2006,133919.43,201713.17,60242.91,139444.72,237937.03,62136.68,120208.15,160640.78,273067.85,253751.83,227577.29,246491.38
Guatemala,GTM,2007,132332.36,208162.77,60471.36,143231.4,240679.95,63353.46,121531.56,167359.6,274282.32,251777.06,235547.9,259935.83
Guatemala,GTM,2008,133037.79,214466.31,61598.23,147530.47,245388.42,64530.62,122506.89,174467.03,277409.31,252998.99,242814.45,276875.54
Guatemala,GTM,2009,138901.7,220663.66,64319.32,152176.68,259232.32,65864.56,124074.11,181810.16,286399.68,262096.46,253972.2,299177.05
Guatemala,GTM,2010,146039.5,227035.03,66393.49,157979.31,275465.37,67207.76,127007.63,189321.17,298038.37,273077.55,266402.59,323989.17
Guatemala,GTM,2011,152483.39,233413.53,68144.37,163915.81,288981.26,68778.84,131430.33,196751.4,305482.37,282064.86,278553.24,344097.32
Guatemala,GTM,2012,155930.08,239535.38,68914.39,168236.35,297844.7,70312.57,133669.62,204322.44,308033.78,286111.99,288294.27,361370.36
Guatemala,GTM,2013,159833.67,245725.48,70184.05,172228.95,306707.85,71718.45,135687.58,211955.82,310220.65,290517.67,294660.75,378848.18
Guatemala,GTM,2014,165632.18,252161.05,71620.44,176913.11,316090.78,73320.2,137377.08,219952.72,315536.7,298822.5,300023.33,397572.49
Guatemala,GTM,2015,172872.6,259090.02,74531.75,181488.64,327291.97,75331.43,140732.99,227934.7,322858.01,308815.71,303689.36,414874.51
Guatemala,GTM,2016,179114.85,267000.84,77047.06,186926.44,337680.39,77088.85,143644.59,235825.02,331215.59,317991.3,308565.57,428889.34
Guatemala,GTM,2017,181600.09,274816.12,79025.07,192142.91,343241.23,78575.27,148565.23,243924.62,336595.61,321964.43,308514.83,435806.09
Guatemala,GTM,2018,185411.03,281786.93,80552.14,197269.04,349971.52,79972.13,153878.85,252588.97,344481.29,328827.45,307603.16,444340.86
Guatemala,GTM,2019,191533.28,288102.4,82743.9,202763.34,360181.38,81429.07,160413.64,262349.77,355261.21,338831.31,308646.23,458482.97
Guinea,GIN,1990,57561.22,78962.99,80069.45,67912.05,229714.12,30371.84,6220.85,51907.54,142303.09,114896.77,466667.89,76075.45
Guinea,GIN,1991,59144.15,82082.29,81474.35,70325.47,234462.91,31644.84,6450.62,54010.97,146630.84,117953.9,473952.25,78458.43
Guinea,GIN,1992,60785.33,84543.04,82801.31,72435,239850.31,32662.55,6632.24,55831.39,151153.65,121010.53,479414.82,80902.81
Guinea,GIN,1993,62423.57,87227.45,83909.18,74566.21,244997.16,33756.08,6831.01,57745.88,155578.88,123936.95,481465.2,83209.36
Guinea,GIN,1994,64385.76,90344.4,85401.67,77202.19,251976.4,35007.2,7095.36,59848.17,161109.25,127539.28,485845.08,86154.25
Guinea,GIN,1995,65638.17,92655.75,85988.57,79050.39,256868.65,35885.31,7257.7,61517.78,165216.74,129767.25,485989.01,88223.56
Guinea,GIN,1996,66874.64,94876.84,86237.96,80792.65,261578.71,36702.08,7429.63,63080.47,169127.35,131847.61,483411.55,90258.44
Guinea,GIN,1997,68264.77,98317.32,86654.56,83171.41,267277.95,37929.36,7710.86,65162.85,173593.76,134411.57,482739.4,92673.07
Guinea,GIN,1998,69959.4,100785.26,87389.03,85247.46,274922.83,38817.42,7924.56,66821.06,178777.57,137308.29,480621.15,95656.29
Guinea,GIN,1999,70778.49,101942.44,87724.08,86396.57,281232.81,39141.42,8015.34,67818.24,182730.89,138507.67,473558.86,97801.86
Guinea,GIN,2000,70293.22,103061.44,87336.08,86982.59,284128.5,39384.14,8045.72,68692.36,183309.09,136639.5,457879.31,98453.67
Guinea,GIN,2001,71701.76,104985.06,88340.61,88610.93,289944.56,39939.75,8217.24,69928.71,186908.24,137396.6,449318.77,100453.13
Guinea,GIN,2002,72963.12,107623.02,89688.53,90921.77,296442.28,40764.53,8452.25,71430.56,190714.27,138337.87,447950.61,102777.72
Guinea,GIN,2003,74255.75,110057.74,91087.88,93376.07,301081.51,41590,8675.59,72843.79,194451.24,139864.68,455393.18,104872.55
Guinea,GIN,2004,76460.38,112341.29,93582.98,96575.69,309591.97,42457.95,8892.61,74203.15,199916.52,143737.72,476671.44,107898.87
Guinea,GIN,2005,77575.06,114804.61,94880.35,98768.55,315966.97,43321.65,9130.87,75606.25,203387.46,144907.06,482159.11,109518.72
Guinea,GIN,2006,78821.4,117450.43,96954.18,101495.25,325321.25,44267.23,9420.51,77071.02,207949.48,147279.94,487570.15,112390.15
Guinea,GIN,2007,79570.15,120198.6,98441.59,103781.5,332046.3,45244.11,9702.69,78604.71,211876.46,148627.61,492312.54,114464.95
Guinea,GIN,2008,79384.76,123216.45,99071.44,105603.47,336120.11,46278.41,9963.2,80242.83,214540.69,147979.8,487750.32,115510.76
Guinea,GIN,2009,79581.11,126362.75,100129.74,107570.79,342725.16,47340.31,10289.74,81962.24,217293.59,148338.26,482326.17,117346.12
Guinea,GIN,2010,80850.08,129640.32,102437.4,110728.27,350200.78,48617.27,10635.28,83797.54,223212.88,150994.58,495329.97,120630.9
Guinea,GIN,2011,80922.28,133024.25,103881.41,113199.86,354900.99,49865.7,10999.71,85637.13,227475.38,151989.93,498391.57,122958.48
Guinea,GIN,2012,81078.79,136529.88,105108.61,115378.67,359980.98,51122.47,11398.66,87600.74,231948.85,152657.91,498760.58,125072
Guinea,GIN,2013,82340.2,140138.4,107661.34,118731.54,366638.37,52621.48,11800.61,89692.22,238331.62,156005.96,516537.28,128662.37
Guinea,GIN,2014,84009.02,143812.26,110224.07,121944.94,374953.72,54091.91,12247.98,91890.57,245488.18,159654.51,527038.62,132791.17
Guinea,GIN,2015,84693.73,147660.82,111945.62,125060.52,381655.98,55566.9,12599.38,94095.09,250303.89,161747.21,539463.28,135799.42
Guinea,GIN,2016,85397,151711.98,113299.26,128588.21,383918.38,57016.87,12914.62,96509.99,254344.08,163823.43,549148.31,138271.42
Guinea,GIN,2017,86567.14,156075.28,114078.59,131888.28,384422.22,58468.5,13250.43,99113.88,257975.14,165270.44,550169.79,139885.62
Guinea,GIN,2018,86656.91,160688.52,115109.5,134888.7,386543.49,59990.1,13682.38,101994.21,262678.17,165129.41,553048.18,141958.77
Guinea,GIN,2019,85732.38,165620.59,115230.55,137420.42,384484.85,61446.86,14138.98,105057.83,263870.29,163199.13,546727.77,142461.34
Guinea-Bissau,GNB,1990,10980.17,12533.44,14436.71,11054.08,43179.41,4975.57,1252.54,7453.09,19665.45,22069.1,68918.17,14335.19
Guinea-Bissau,GNB,1991,11093.72,12812.26,14339.64,11308.82,43398.3,5094.28,1276.55,7630.42,19847.1,22325.77,69394.27,14586
Guinea-Bissau,GNB,1992,11200.46,13094.34,14242.26,11562.09,43724.98,5216.57,1303.4,7812.97,20032.11,22573.76,69716.77,14850.45
Guinea-Bissau,GNB,1993,11300.2,13395.59,14129.09,11823.09,44053.29,5339.02,1329.55,7994.31,20237.54,22809.05,70087.78,15122.34
Guinea-Bissau,GNB,1994,11402.08,13702.45,13995.32,12091.66,44388.65,5461.71,1358.48,8177.81,20456.65,23039.39,70337.5,15391.28
Guinea-Bissau,GNB,1995,11513.7,14024.91,13846.28,12352.47,44791.7,5583.79,1387.19,8359.92,20679.65,23267.27,70445.61,15653.32
Guinea-Bissau,GNB,1996,11591.08,14356.61,13656.63,12589.85,45274.11,5704.81,1415.68,8549.96,20881.08,23434.32,70105.9,15893.72
Guinea-Bissau,GNB,1997,11633.42,14703.44,13415.78,12829.99,45592.22,5821.15,1443.85,8745.71,21028.06,23543.02,69352.97,16109.95
Guinea-Bissau,GNB,1998,11706.63,15067.75,13284.86,13076.48,46330.51,5936.38,1476.35,8940.1,21222.31,23736.21,68798.02,16379.36
Guinea-Bissau,GNB,1999,11770.35,15426.39,13145.87,13320.27,46981.86,6052.91,1508.75,9139.51,21403.67,23892.98,67999.03,16587.22
Guinea-Bissau,GNB,2000,12012.07,15794.68,13282.46,13762.61,47870.98,6201.25,1541.58,9349.54,21897.45,24421.64,70685.21,17003
Guinea-Bissau,GNB,2001,12341.75,16182.61,13459.64,14147.35,48868.1,6336.68,1578.75,9579.04,22424.48,24836.76,71891.02,17391.5
Guinea-Bissau,GNB,2002,12691.79,16594.86,13656.25,14510.99,50041.03,6473.5,1620.84,9826.95,23055.55,25249.38,72467.41,17841.01
Guinea-Bissau,GNB,2003,13048.47,17031.36,13855.1,14852.1,51166.64,6603.08,1667.33,10084.9,23682.55,25676.48,72831.94,18293.07
Guinea-Bissau,GNB,2004,13507.49,17461.36,14139.25,15178.97,52799.87,6735.86,1723.52,10349.66,24474.15,26253.44,72740.37,18832.04
Guinea-Bissau,GNB,2005,13685.05,17900.08,14153.41,15359.2,53280.54,6847.53,1772.68,10610.87,24696.69,26267.14,70553.83,18938.64
Guinea-Bissau,GNB,2006,13957.07,18345.32,14353.22,15643.96,54365.38,6981.72,1826.62,10885.16,25288.52,26632.92,70335.13,19287.03
Guinea-Bissau,GNB,2007,14554.47,18807.98,14954.3,16333.26,56217.97,7188.04,1882.65,11182.14,26680.92,28103.39,78065.5,20089.34
Guinea-Bissau,GNB,2008,14675.66,19282.37,15139.2,16605.19,57193.79,7328.12,1939.88,11483.3,27216.79,28497.07,77729.15,20412.25
Guinea-Bissau,GNB,2009,14811.83,19776.8,15277.18,16810.98,58130.21,7461.76,2004.55,11791.03,27680.5,28681.99,76034.03,20707.93
Guinea-Bissau,GNB,2010,15008.76,20274.67,15429.24,17096.42,58837.85,7611.41,2064.32,12116.25,28174.72,28972.79,75418.32,20994.54
Guinea-Bissau,GNB,2011,15182.79,20787.98,15528.82,17331.07,59424.68,7758.59,2129.4,12450.44,28540.96,29056.16,73341.56,21221.27
Guinea-Bissau,GNB,2012,15268.06,21322.09,15556.03,17444.67,59926.1,7892.42,2200.78,12797.49,28711.89,28864.16,69344.4,21329.14
Guinea-Bissau,GNB,2013,15621.76,21866.26,15887.11,17908.65,60915.43,8085.67,2276.74,13159.17,29526.29,29548.88,71358.82,21788.1
Guinea-Bissau,GNB,2014,15927.42,22430.82,16149.47,18275.55,62001.17,8260.19,2350.1,13540.74,30219.63,29971.55,71568.73,22231.36
Guinea-Bissau,GNB,2015,16143.07,23022.21,16329.11,18604.76,63166.16,8429.75,2419.26,13939.41,30735.57,30160.52,70572.81,22584.95
Guinea-Bissau,GNB,2016,16505.87,23628.95,16671.14,19153.27,64195.79,8627.98,2484.25,14365.61,31650.26,30747.42,72239.88,23148.1
Guinea-Bissau,GNB,2017,16763.5,24280.78,16848.57,19541.58,64870.33,8788.02,2545.2,14803.61,32153.98,30966.41,70687.11,23453.89
Guinea-Bissau,GNB,2018,16715.94,24946.37,16880.45,19817.4,65028.37,8931.95,2615.95,15247.4,32261.37,30668.9,67033.16,23616.82
Guinea-Bissau,GNB,2019,16889.67,25628.69,17097.06,20242.31,65791.39,9098.21,2702.02,15723.14,32812.12,30843.31,66034.94,24049.13
Guyana,GUY,1990,7791.04,13625.43,5008.39,8434.24,60231.35,3888.82,2434.99,7833.62,15788.51,14588.37,18914.57,15849.56
Guyana,GUY,1991,7325.39,13658.64,4900.79,8268.69,57011.7,3859.53,2432.17,7885.32,15104.7,13824.21,18266.78,15670.55
Guyana,GUY,1992,7053.96,13705.11,4869.7,8245.67,54546.6,3866.19,2451.22,7951.62,14729.21,13262.76,17802.17,15715.96
Guyana,GUY,1993,7239.9,13756.6,4993.15,8357.41,56417.84,3875.7,2485.65,8041.09,15351.55,13514.77,17832.6,16733.75
Guyana,GUY,1994,7161.3,13804.74,4981.29,8317.8,54682.81,3886.25,2517.46,8117.71,15028.91,13220.85,17454.47,16802.86
Guyana,GUY,1995,7340.32,13855.78,5028.35,8290.25,54713.57,3898.17,2551.15,8200.17,15289.1,13344.9,17256.42,17659.43
Guyana,GUY,1996,7721.12,13922.5,5189.61,8485.61,55110.9,3920.38,2634.91,8318.31,16379.34,13874.54,17783.1,19030.02
Guyana,GUY,1997,7669.07,14013.12,5221.73,8524.36,54135.13,3934.12,2709.77,8417.61,16448.14,13808.85,17560.8,19609.09
Guyana,GUY,1998,7490.54,14120.85,5225.57,8592.88,52231.97,3948.48,2775.03,8519.33,16762.98,13525.93,17436.96,20196.92
Guyana,GUY,1999,7276.75,14230.43,5176.51,8689.65,49375.31,3960.59,2857.91,8626.55,17343.4,13227.05,17558.62,21027
Guyana,GUY,2000,6440.28,14329.89,5244.06,8891.14,50332.65,3978.31,2985.72,8752.15,19338.59,12217.11,17471.14,23527.44
Guyana,GUY,2001,7053.67,14417.63,5239.65,8726.42,49921.97,3976.13,2948.25,8813.63,18474.44,13048.07,17207.55,23256.1
Guyana,GUY,2002,7493.89,14519.82,5244.04,8726.1,50728.07,3977.4,2954.7,8891.29,18594.28,13563.68,17133.83,23945.5
Guyana,GUY,2003,7632.89,14620.21,5219.24,8727.01,51008.88,3974.67,2919.04,8974.26,18435.09,13716.82,16985.53,24126.45
Guyana,GUY,2004,7756.33,14705.84,5216.51,8749.7,51559.19,3967.69,2918.57,9064.55,18600,13913.02,16981.4,24696.16
Guyana,GUY,2005,7766.8,14760.66,5171.51,8743.67,51310.26,3957.51,2913.17,9146.03,18666.67,13899.64,16839.55,25138.56
Guyana,GUY,2006,7686.78,14804.46,5138.24,8765.93,51019.3,3947.22,2920.01,9239.94,18715.39,13839.06,16731.52,25241.89
Guyana,GUY,2007,7629.29,14842.83,5145.23,8801.98,52331.8,3935.09,2967.52,9340.1,19161.3,13850.77,16668.1,25641.34
Guyana,GUY,2008,7678.92,14883.62,5105.99,8765.01,53043.25,3921.41,3009.33,9433.02,19322.15,13905.04,16589.78,25928.12
Guyana,GUY,2009,7582.39,14917.97,5094.28,8786.09,52878.78,3906.82,3040.31,9530.06,19284.99,13777.08,16528.45,25831.29
Guyana,GUY,2010,7932.38,14962.3,5147.57,8855.4,54082.33,3893.52,3064.61,9626.42,19834.99,14224.41,16293.62,26738.38
Guyana,GUY,2011,7936.23,14991.43,5109.67,8888.82,54528.47,3879.91,3064.79,9705.03,19966.51,14176.85,16054.89,27129.78
Guyana,GUY,2012,8086.66,15017.35,5185.64,9004.47,55766.98,3868.64,3112.55,9807.89,20491.99,14399.98,16158.09,27823.51
Guyana,GUY,2013,7898.54,15028.15,5200.38,9010.64,55485.85,3855.23,3132.58,9898.88,20489.51,14147.6,16031.13,28015.26
Guyana,GUY,2014,8302.15,15042.78,5285.37,9141.36,56983.21,3848.8,3175.2,10010.6,21209.52,14733.6,16424.37,28907.02
Guyana,GUY,2015,8221.83,15065.07,5248.8,9147.28,57245.3,3836.47,3209.4,10116.28,21377.74,14589.02,16147.2,29185.73
Guyana,GUY,2016,8221.8,15270.44,5306.93,9294.17,57778.67,3869.8,3239.23,10307.46,21646.47,14608.48,16142.14,29607.15
Guyana,GUY,2017,8279.83,15658.87,5414.95,9530.06,58582.21,3948.73,3302.56,10576.44,22007.42,14732.18,16326.06,30253.58
Guyana,GUY,2018,8380.3,15832.14,5501.57,9686.41,59523.89,3990.02,3366.54,10790.57,22520.09,14921.42,16574.52,31056.27
Guyana,GUY,2019,8418.77,15776.09,5538.41,9729.5,60054.17,3984.73,3387.67,10923.97,22833.43,14983.95,16534.01,31701.77
Haiti,HTI,1990,53902.73,96493.18,126401.31,81163.41,488799.37,39539.19,20824.95,61118.16,209374.03,155201.13,428861.43,145798.13
Haiti,HTI,1991,52907.38,99018.63,124385,81301.67,481317.3,40332.02,20862.68,62683.79,206814.33,152081.71,419184.11,144892.64
Haiti,HTI,1992,53347.55,101702.11,125028.75,82630.87,484507.9,41330.91,21283.32,64491.04,209805.19,152149.19,415298.52,147152.84
Haiti,HTI,1993,53280.82,104478.39,124661.87,83538.96,486017.44,42276.18,21674.21,66341.26,211030.47,151042.35,409837.17,148890.05
Haiti,HTI,1994,52880.59,107364.64,123742.62,84234.65,484321.91,43201.06,22040.42,68241.09,211181.42,149232.01,403067.76,150208.72
Haiti,HTI,1995,52778.99,110488.02,123310.31,85327.44,483410.36,44194.29,22592.3,70260.76,211808.44,148297.89,399102.09,151421.8
Haiti,HTI,1996,51940.1,113736.31,122044.54,86105.9,477785.69,45208.24,23043.2,72404.54,210310.63,146306.97,398207.87,151695.92
Haiti,HTI,1997,52314.58,117090.22,122670.06,87703.39,481148.67,46364.54,23860.82,74897.07,213345.78,147047.44,401436.16,154538.19
Haiti,HTI,1998,50659.47,120637.71,119663.97,87572.85,471524.37,47236.86,24257.89,77263.04,208646.41,142869.94,396418.43,153832.19
Haiti,HTI,1999,51138.23,124247.14,120935.82,89407.45,478594.31,48386.55,25197.34,80038.9,213642.8,143713.3,401011.78,158399.32
Haiti,HTI,2000,51351.62,127991.02,121326.3,90983.75,484485.71,49539.85,26028.44,82736.65,217318.52,143751.36,402154.5,162355.36
Haiti,HTI,2001,52420.21,131827.57,123223.37,93384.78,495447.3,50856.54,26852.13,85649.44,224214.31,146140.46,408592.6,168122.44
Haiti,HTI,2002,53025.63,135724.88,124383.23,95583.65,503013.74,52110.32,27535.3,88647.78,229041.09,147564.04,414179.42,172854.88
Haiti,HTI,2003,54300.28,139646.36,126511.54,98191.72,515679.18,53468.51,28389.49,91763.92,236232.2,150410.14,421605.48,179192.69
Haiti,HTI,2004,55800.76,143598.88,129142.38,101001.32,529870.97,54824.5,29307.04,94897.4,244287.2,153907,431042.86,186038.94
Haiti,HTI,2005,56771.11,147537.77,131156.58,103400.11,542043.4,56139.18,30134.34,97836.82,250618.62,156232.92,439137.78,192078.64
Haiti,HTI,2006,57646.96,151513.22,133053.95,105790,552947.06,57465.17,31098.89,100614.45,256095.86,158502.33,446482.63,196932.17
Haiti,HTI,2007,58823.24,155544.18,135486.38,108467.37,565648.33,58845.57,32227.47,103377.63,262787.99,161267.68,453544.81,202403.82
Haiti,HTI,2008,59524.46,159638.44,137605.08,110911.94,576266.05,60221.05,33306.84,105847.41,267749.64,163157.06,460516.33,207198.99
Haiti,HTI,2009,60114.73,163864.61,139303.2,113286.02,586917.71,61563.26,34384.06,108367.77,272927.01,164730.37,467267.47,212236.84
Haiti,HTI,2010,60272.56,165980.43,139962.36,114411.62,593098.78,62246.95,34984.43,109438.08,276088.59,165103.34,471074.68,215457.84
Haiti,HTI,2011,61232.33,168019.35,141922.96,116412.37,605016.7,62829.58,35696.53,110461.79,282918.69,167057.42,479445.92,221246.85
Haiti,HTI,2012,62465.08,172482.81,145138.72,119425.05,619714.73,64261.56,36792.79,112750.88,290913.53,170655.4,489207.67,228510.51
Haiti,HTI,2013,64272.83,177060.12,148360,122724.81,634778.07,65687.25,37962.82,115039.57,300245.94,174710.77,498340.81,236118.35
Haiti,HTI,2014,66015.49,181847.26,150226.05,125387.88,649665.69,67062.41,39049.23,117592.67,308207.5,177851.41,503126.36,243334.72
Haiti,HTI,2015,67739.02,186498.27,152517.95,128497.19,666526.93,68518.84,40161.53,120667.81,317110.91,181824.93,512647.51,250837.95
Haiti,HTI,2016,69331.57,191306.95,153994.14,131063.44,679669.09,69912.84,40780.94,124347.07,324228.45,184694.98,515109.53,257343.29
Haiti,HTI,2017,70754.53,196066.38,154469.93,133386.1,690868.43,71280.67,41338.72,128230.02,330481.58,186899.98,511975,263522.19
Haiti,HTI,2018,72031.02,200942.04,155419.58,136471.87,704503.34,72658.83,42319.91,132176.35,337899.88,189030.1,514541.78,270696.49
Haiti,HTI,2019,73339.95,205824.41,156415.09,140310.43,718048.12,74066.36,43389.84,136285.94,345422.62,191268.05,518585.74,277963.94
Honduras,HND,1990,45816.95,59266.95,63037.09,53022.35,121569.64,22221.27,17831.77,52624.12,80383.6,154783.55,91179.74,42730.61
Honduras,HND,1991,46281.21,61283.81,63490.16,54347.8,122396.06,22868.26,18423.29,54529.14,81441.13,155359.28,92862.2,43922.71
Honduras,HND,1992,47969.46,63335.85,64692.41,56087.38,130328.27,23534.73,19080.99,56661.49,86221.25,157336.53,94255.45,46927.47
Honduras,HND,1993,48527.86,65444.11,64951.76,57542.29,131451.96,24171.16,19689.8,58670.27,87645.69,157264.06,95656.88,48299.63
Honduras,HND,1994,49209.54,67628.23,65151.25,59064.34,133395.28,24820.53,20343.37,60767.34,89246.22,157005.18,96811.81,49919.04
Honduras,HND,1995,51662.42,69898.11,67522.57,61167.65,146139.23,25507.94,21079.3,63105.46,96186.88,160101.52,98236.91,54286.93
Honduras,HND,1996,52472.7,72176.79,68490.85,62517.97,153032.84,26203.83,21763.29,65248.7,99256.44,159541.46,99653.16,57201.05
Honduras,HND,1997,53097.43,74580.95,68565.26,63958.39,156676.81,26882.11,22497.34,67547.98,102119.87,158844.29,100907.09,60170.44
Honduras,HND,1998,53689.69,76941.22,68646.79,65411.14,160347.31,27514.71,23224.24,69828.01,105177.62,158116.18,103128.46,63347.34
Honduras,HND,1999,54489.95,79346.67,69040.97,66898.88,164297.67,28157.79,23941.82,72260.49,108413.62,157429.68,108624.93,66681.25
Honduras,HND,2000,54522.7,81996.21,69420.76,68552.27,168498.36,28857.11,24694.37,74929.05,111153.48,156302.56,117394.35,70096.91
Honduras,HND,2001,55476.5,84774.61,69966.7,70493.92,173812.59,29613.11,25546.67,77890.93,114845.17,156722.05,121762.58,73937.77
Honduras,HND,2002,56402.71,87756.07,70555.44,72507.49,179368.9,30410.26,26443.33,81078.5,118935.65,156991.58,125360.12,78834.5
Honduras,HND,2003,57635.79,90852.86,71515.78,74734.26,185346.41,31259.74,27393.84,84527.19,123733.45,158369.26,129397.84,84156.54
Honduras,HND,2004,58585.39,94100.22,72383.51,76572.53,191688.5,32044.17,28272.29,87959.08,127762.57,158629.64,131948.94,88435.7
Honduras,HND,2005,59513.74,97295.83,73337.52,78772.94,196994.44,32874.42,29169.4,91562.27,131664.15,160654,134810.42,92402.14
Honduras,HND,2006,60824.92,100503.69,74382.76,81230.42,202623.67,33691.5,30121.6,95244.78,135848.2,162780.24,137554.4,96509.64
Honduras,HND,2007,62084.86,103971.05,75400.01,83630.5,208542.02,34541.19,31190.64,99052.26,140037.85,164611.13,139842.12,100755.04
Honduras,HND,2008,63356.33,107418.42,76587.56,85953.34,216057.29,35408.87,32264.64,102957.76,144472.9,165675.92,140774.24,105455.22
Honduras,HND,2009,64988.64,110973.14,78431.84,88309.01,225625.33,36304.29,33389.92,106959.98,149787.44,167941.93,142659.04,110635.65
Honduras,HND,2010,67045.13,114560.89,80982.8,90679.32,237852.9,37219.67,34528.53,110968.24,155975.79,171290.32,144535.95,116627.16
Honduras,HND,2011,69700.76,118197.91,84814.88,93164.84,255635.25,38156.09,35682.57,115056.68,164445.7,175549.76,146164.22,124215.96
Honduras,HND,2012,72686.75,121773.68,89011.5,94814.39,275883.1,39106.02,36840.66,119072.24,173857.67,178084.31,144565.77,132846.37
Honduras,HND,2013,74476.89,125277.64,90481.32,97014.98,283170.87,39970.78,38116.83,123390.55,179320.72,181212.3,146673.22,138221.23
Honduras,HND,2014,76103.51,128794.74,91813.73,99318.83,289278.39,40817.78,39429.93,127727.97,184733.65,183693.81,147905.2,143725.29
Honduras,HND,2015,77546.05,132433.52,93030.14,101787.61,295788.94,41659.69,40676.94,132098.86,190033.16,186098.55,149383.15,149036.21
Honduras,HND,2016,79449.32,136166.39,94598.76,104743.79,302815.01,42534.12,41240.06,136493.28,195732.63,189092.19,150915.42,154393.42
Honduras,HND,2017,81618.84,139944.19,96192.16,107889.89,310527.54,43408.31,41812.13,140952.98,201557.59,192523.01,152217.78,159599.96
Honduras,HND,2018,83368.69,143558.53,97814.23,110887.67,318711.83,44271.95,43208.86,145709.54,207734.43,195585.66,154038.28,165731.53
Honduras,HND,2019,84990.77,147136.9,99588.33,113970.85,327143.94,45103.95,45023.13,150715.86,213545.42,198610.25,156046.02,172507.95
Hungary,HUN,1990,203835.19,172783.22,148034.86,156774.78,1463570.16,48212.52,76562.39,189172.9,787450.35,315344.84,203158.71,115934.94
Hungary,HUN,1991,218245.31,172631.99,146835.75,157250.58,1448652.83,48145.03,80359.69,190877.22,792234.81,329084.87,202929.43,114885.22
Hungary,HUN,1992,251027.34,172374.85,150742.26,158003.25,1490835.28,48119.58,85527.35,192527.57,833906.81,364957.73,196901.84,117005.48
Hungary,HUN,1993,272400.39,171980.09,150734.79,157995.44,1491497.64,48060.09,89743.62,193905.44,849416.88,386384,191798.68,117648.42
Hungary,HUN,1994,278149.9,171522.62,147769.96,157473.8,1447666.33,47917.42,91798.13,194914.44,846916.93,389900.42,187238.4,117017.13
Hungary,HUN,1995,274377.27,171132.57,144612.21,157807.83,1420604.9,47719.09,91770.44,195940.98,848970.08,383769.09,182766.65,117661.94
Hungary,HUN,1996,250238.92,170636.57,137745.47,156727.3,1350092.2,47516.75,88727.39,196482.84,822434.98,355245.1,178999.73,116829.81
Hungary,HUN,1997,244721.65,169744.21,134554.71,156968.09,1333735.82,47296.65,86672.73,197384.78,832923.09,348700.57,173926.03,119668.5
Hungary,HUN,1998,249272.55,168680.88,133798.57,157720.96,1342343.28,47074.86,83156.85,198147.8,862070.19,354123.22,170502.07,124448.02
Hungary,HUN,1999,244852.46,167569.25,133661.01,158264.03,1331635.65,46780.65,79506.76,198915.59,880513.43,349128.83,165962.68,128961.29
Hungary,HUN,2000,223281.31,166817.3,127755.57,158367.96,1250964.33,46538.64,73586.38,199814.69,860463.44,324936.94,164787.39,130150.75
Hungary,HUN,2001,206895.81,166218.88,125100.42,159061.96,1203673.18,46385.8,69517.91,200863.86,861340.1,306458.5,161925.92,132287.17
Hungary,HUN,2002,199566.63,165680.18,127596.25,159939.92,1196626.79,46278.9,67482.64,201965.43,875251.54,298996.55,160301.16,139313.79
Hungary,HUN,2003,194468.34,165003.77,131908.48,161086.85,1195023.65,46248.36,66598.43,203133.71,890307.58,294133.34,160220.9,146613.71
Hungary,HUN,2004,184788.06,164358.89,134368.64,161601.48,1171942.53,46171.36,65688.57,204279.28,882817.22,283256.76,159305.44,151180.3
Hungary,HUN,2005,181310.65,163734.91,141684.82,163426.24,1181244.75,46266.15,65353.99,205617.41,895691.75,280389.8,160869.05,159175.8
Hungary,HUN,2006,172573.26,163118.73,144059.09,164390.68,1143042.45,46324.84,64424.63,206736.9,882547.83,271159.75,160829.36,161375.25
Hungary,HUN,2007,168479.22,162421.11,148323.41,166071.64,1140863.56,46374.12,63373.01,207957.96,891776.43,267984.91,161251.13,165067.32
Hungary,HUN,2008,155242.67,161718.91,147247.24,166630.32,1097920.59,46363.16,61742.25,208960.64,868452.51,253072.9,159969.01,164860.28
Hungary,HUN,2009,148158.22,161070.07,149804.15,167968.94,1096908.73,46343.35,60408.2,210203.24,866906.61,246003.1,158843.3,167331.18
Hungary,HUN,2010,136270.49,160495.74,150206.86,168857.13,1077821.66,46258.56,59021.83,211246.61,848710.6,233038.72,157582.52,167746.5
Hungary,HUN,2011,126059.73,160097.81,151649.76,170141.24,1064594.71,46129.67,57509.56,212317.75,835331.85,222062.45,156838.37,168056.39
Hungary,HUN,2012,118304.44,159711.99,153607.25,171383.95,1055459.7,46007.41,56423.04,213275.68,817061.43,213652.89,156515.56,168566.94
Hungary,HUN,2013,108572.67,159371.98,153639.25,172017.31,1029505.15,45797.87,55437.86,214148.06,788627.96,202343.19,156395.87,167479.45
Hungary,HUN,2014,105866.79,159123.03,156720.32,173214.56,1032702.11,45758.89,55212.15,215059.56,788379.42,199690.97,156822.36,168838.58
Hungary,HUN,2015,105039.06,158805.58,161213.79,175308.77,1055443.1,45637.18,54343.94,215834.65,796313.65,199727.5,157166.1,172002.65
Hungary,HUN,2016,100318.9,158475.41,160942.34,176444.68,1025211.14,45621.75,55292.92,215858.77,777857.08,193622.71,155633.29,170669.56
Hungary,HUN,2017,100083.83,158128.82,163532.19,178490.2,1037325.05,45480.23,55655.28,216096.76,780589.56,193670.74,154544.52,172345.67
Hungary,HUN,2018,102189.07,157491.81,162810.92,179481.39,1048406.36,45276.47,55821.28,217840.43,789067.27,196270.09,153648.99,175290.75
Hungary,HUN,2019,101513,156538.86,159071.02,179573.55,1027532.28,45048.98,55937.61,221091.88,774690.02,194782.5,152298.75,179198.94
Iceland,ISL,1990,363.94,4702.41,2686.37,3810.67,12966.35,1916.86,1407.9,6140.58,10008.18,1296.07,4501.31,1080.56
Iceland,ISL,1991,370.49,4749.87,2714.01,3866.05,12928.44,1936.51,1433.36,6241.44,10177.21,1322.9,4508.15,1111.67
Iceland,ISL,1992,373.99,4792.95,2744.45,3920.67,12853.05,1957.96,1449.67,6341.46,10300.3,1343.48,4500.67,1139.65
Iceland,ISL,1993,375.05,4835.37,2768.32,3978.24,12716.39,1975.72,1468.16,6438.93,10417.55,1357.25,4496.81,1172.7
Iceland,ISL,1994,380.05,4874.81,2815.11,4036.7,12748.01,1992.34,1487.22,6535.68,10588.39,1376.65,4481.76,1206.04
Iceland,ISL,1995,387.51,4906.51,2869.07,4088.44,12734.25,2007.38,1497.55,6624.63,10858.32,1399.6,4477.72,1246.1
Iceland,ISL,1996,390.6,4937.26,2935,4135.53,12551.75,2021.39,1513.03,6750.05,11020.51,1409.71,4460.02,1282.63
Iceland,ISL,1997,391.86,4973,2998.32,4187.02,12336.15,2038.74,1531.59,6937.62,11112.19,1418.24,4443.63,1313.7
Iceland,ISL,1998,392.48,5022.71,3074.9,4242.17,12100.09,2061.47,1557.46,7161.78,11173.42,1424.21,4425.49,1347.01
Iceland,ISL,1999,390.54,5084.16,3116.66,4302.35,11729.74,2085.96,1595.36,7383.77,11128.58,1415.71,4421.91,1375.29
Iceland,ISL,2000,389.09,5148.15,3125.36,4369.8,11296.4,2110.87,1637.83,7563.33,11129.08,1414.4,4437.38,1409.84
Iceland,ISL,2001,393.33,5216.55,3152.13,4456.79,11228.26,2134.01,1661.4,7705.35,11234.72,1436.05,4457.3,1462.85
Iceland,ISL,2002,395.44,5270.02,3201.76,4543.14,11174.03,2155.45,1673.23,7835.59,11403.31,1454.14,4476.05,1515.63
Iceland,ISL,2003,392.18,5317.15,3219.56,4618.03,10907.75,2174.55,1692.95,7966.32,11439.19,1462.17,4496.01,1558.86
Iceland,ISL,2004,392.28,5374.42,3232.74,4705.58,10704.63,2196.47,1721.4,8104.21,11537.28,1471.89,4532.65,1608.79
Iceland,ISL,2005,399.06,5449.63,3278.15,4805.73,10575.91,2224.17,1758.18,8269.04,11755.28,1493.48,4590.43,1668.03
Iceland,ISL,2006,406.04,5548.85,3316.99,4927.81,10596.97,2263.57,1808.85,8458.31,12029.35,1516.73,4675.91,1738.47
Iceland,ISL,2007,410.28,5657.03,3346.62,5061.24,10506.71,2309.19,1868.53,8644.78,12227.1,1532.1,4770.43,1804
Iceland,ISL,2008,409,5750.99,3344.6,5175.11,10290.5,2351.51,1929.76,8802.38,12299.35,1536.86,4859.49,1867.25
Iceland,ISL,2009,410.7,5810.08,3357.89,5280.31,10189.85,2378.83,1969.1,8913.95,12457.05,1547.2,4925.88,1927.64
Iceland,ISL,2010,408.16,5829.82,3362.62,5350.31,10061.55,2393.15,1981.5,8977.89,12545.3,1546.18,4964.87,1983.49
Iceland,ISL,2011,407.42,5847.66,3379.49,5426.44,10025.1,2401.21,2000.59,9001.06,12605.56,1552.19,4985.46,2040.27
Iceland,ISL,2012,412.16,5877.88,3401.69,5519.05,10102.27,2411.55,2024.69,8985.36,12755.47,1565.59,5015.32,2108.05
Iceland,ISL,2013,415.96,5925.48,3414.19,5600.11,10026.25,2426.47,2061.33,8976.99,12803.07,1574.85,5062.52,2170.34
Iceland,ISL,2014,415.29,5996.62,3390.99,5665.13,9772.76,2447.81,2096.1,9009.9,12576.6,1569.37,5109.78,2218.89
Iceland,ISL,2015,424.43,6078.53,3442.04,5784.65,9960.45,2473.73,2160.86,9116.6,12759.72,1598.41,5182.71,2309.33
Iceland,ISL,2016,430.29,6164.18,3480.31,5913.12,10029.18,2503.39,2225.62,9263.17,12977.42,1619.75,5261.75,2417.19
Iceland,ISL,2017,439.55,6246.91,3543.22,6039.84,10193.42,2534.5,2305.6,9414.87,13128.83,1641.14,5336.8,2535.91
Iceland,ISL,2018,451.61,6326.88,3626.01,6129.99,10350.73,2559.54,2417.56,9580.69,13294.43,1674.19,5407.29,2651.65
Iceland,ISL,2019,453.5,6410.12,3672.25,6222.93,10583.61,2580.69,2427.26,9753.62,13592.11,1681.5,5524.23,2741.69
India,IND,1990,5851340.75,12428512.58,17098713.25,8591782.68,35174046.97,4598300.82,2414248.55,10877948.62,13094379.75,13738700.57,24370056.78,7467772.66
India,IND,1991,5925522.53,12941701.43,17506840.41,8782216.54,36170882.84,4720574.37,2471934.92,11223232.84,13394874.26,13965666.15,24322270.41,7829617.74
India,IND,1992,5963442.38,13435106.19,17797010.46,8935115.9,36895929.95,4835610.76,2522165.48,11548500.5,13643707.53,14121962.96,24305655.04,8152808.61
India,IND,1993,6129885.44,13897045.35,17948523.22,9097385.23,37222473.11,4946197.27,2584927.27,11860773.87,13926518.74,14358944.43,24390835.41,8388669.89
India,IND,1994,6324265.41,14316089.39,18108062.78,9248465.09,37754454.92,5045830.76,2657178.42,12165297.28,14267783.36,14598070.68,24528480.87,8643306.31
India,IND,1995,6415504.71,14671766.14,18160020.41,9400635.05,37882798.46,5139235.1,2714188.52,12460763.83,14412988.22,14687042.28,24693429.35,8821312.24
India,IND,1996,6633567.55,14949497.74,18715933.91,9560328.51,39349547.17,5218283.58,2788671.31,12649573.71,14952746.45,14993801.26,24829027.74,9231275.74
India,IND,1997,7026697.67,15168092.5,19839957.69,9789785.66,42131066.38,5292694.51,2895777.97,12673981.34,15845650.04,15691033.7,25112566.43,9905006.93
India,IND,1998,7220944.64,15368104.98,20242428.31,9973257.56,42873182.28,5350448.34,2980625.51,12622570.96,16193353.76,15957278.03,25282680.85,10313553.39
India,IND,1999,7401884.73,15595885.85,20122857.07,10134650.4,42693835.91,5411933.97,3073490.81,12622013.07,16312925.39,16169859.54,25390951.8,10569376.52
India,IND,2000,7576357.64,15898545.29,20407269.74,10306450.07,43156326.13,5487067.18,3145956.23,12816290.78,16561671.29,16328243.23,25501745.03,10961273.42
India,IND,2001,7772547.81,16288273.56,20896564.19,10473390.59,43973870.27,5579581.93,3217065.65,13185685.06,16876232.19,16483246.49,25619913.68,11350288.07
India,IND,2002,7922807.05,16732178.97,21199553.59,10590686.64,44525133.28,5678630.51,3291991.34,13592673.12,17072483.37,16495998.74,25716791.55,11686512.33
India,IND,2003,7982354.83,17205229.96,21173912.99,10705025.38,44171122.97,5782815.03,3355099.84,14026224.53,17036839.94,16355661.1,25814527.05,11921269.08
India,IND,2004,8048427.67,17679200.19,20659027.24,10914646.16,42988953.28,5899613.59,3427789.31,14482191.43,16963769.32,16229195.11,26115845.74,12051600.98
India,IND,2005,8406375,18115760.07,21342618.03,11228578.9,44532782.96,6025311.61,3535870.85,14961017.13,17670652.12,16645589.91,26438404.06,12629713.17
India,IND,2006,8619009.55,18369795.1,22269771.47,11451798.36,46858755.53,6091968.05,3577432.28,15449283.26,18273102.68,16916807.46,26654411.96,13146000.44
India,IND,2007,8855586.1,18407112.94,23125593.64,11674185.42,49138408.59,6160571.82,3587964.11,15945995.94,18927380.92,17219619.79,26856580.38,13640436.82
India,IND,2008,9121094.47,18351210.98,24002415.77,11938046.44,51239510.53,6231666.9,3580542.21,16455348.27,19602856.9,17597331.96,27137184.7,14100144.18
India,IND,2009,9038679.7,18349673.92,23867751.24,12118589.22,51696984.42,6281622.04,3545495.46,16958383.96,19879860.16,17423896.03,27232969.24,14183515.11
India,IND,2010,9209317.98,18559988.03,24229151.42,12338401.43,53337104.35,6350628.15,3551631.1,17487188.8,20622107.65,17657213.43,27396656.18,14549009.35
India,IND,2011,9419591.22,18948063.81,24998341.07,12576366.07,55531423.13,6444268.51,3584586.61,18025492.88,21349111.14,17914410.46,27580206.49,15261406.26
India,IND,2012,9358566.29,19362468.86,25518523.39,12793945.29,57202077.26,6546851.9,3582403.16,18545520.88,21831091.8,17676454.22,27765614.22,16008665.88
India,IND,2013,9212271.35,19790308.88,26126860.15,13070769.15,57958876.52,6702851.71,3615269.43,19075580.03,22505131.94,17554874.91,28071890.76,16621614.4
India,IND,2014,8883633.64,20213895.05,26446953.66,13281370.98,57772435.26,6828150.59,3623757,19609979.7,22895243.84,17115499.06,28009390.42,17055421.39
India,IND,2015,9023625.19,20614363.68,27128896.56,13523211.13,59460781.47,6932678.21,3698162.03,20174820.34,24030363.8,17355307.76,28067584.42,17740910.96
India,IND,2016,9137293.45,21003923.79,27523879.81,13768996.52,60927878.89,6883936.35,3822389.81,20765863.38,24821626.4,17539069.91,27635148.68,18188990.18
India,IND,2017,9313813.49,21381039.01,27965717.19,14068417.82,61992846.21,6835795.39,3942826.47,21357151.95,25414970.59,17893714.45,27530819.81,18569368.69
India,IND,2018,9507770.03,21679634.59,28690965.72,14551205.81,63633536.35,6904006.66,4015097.93,21940079.06,26367897.65,18239692.18,27479649.1,19373769.39
India,IND,2019,9635297.41,21894642.72,29220636.47,15048914.28,64946470.44,6980130.61,4030643.93,22509248.8,27237858.67,18467788.93,27072147.01,20305322.84
Indonesia,IDN,1990,2209728.32,2154341.87,2335847.94,1634260.05,8032275.28,1203469.3,234993.37,2679447.76,3408233.5,3542926.73,4956172.92,2325005.36
Indonesia,IDN,1991,2237986.21,2195859.04,2353708.86,1669547.02,8201463.88,1223162.26,240973.21,2759419.91,3491894.84,3567019.56,4906792.51,2370118.4
Indonesia,IDN,1992,2271266.87,2237398.9,2376460.86,1706449.99,8395689.74,1242776.72,247244.38,2840372.81,3585097.63,3599415.04,4857719.83,2426510.7
Indonesia,IDN,1993,2303625.81,2278653.93,2395231.07,1744257.08,8606612.6,1262062.74,253430.15,2922460.78,3682109.55,3633112.04,4827427.59,2492600.86
Indonesia,IDN,1994,2330422.47,2320606.83,2407737.95,1782195.97,8796894.29,1281125.26,259580.87,3005286.59,3772714.12,3660649.51,4803384.84,2556170.29
Indonesia,IDN,1995,2358900.36,2363014.52,2422610.75,1819737.16,8994323.72,1299494.29,265737.69,3088444.16,3871298.72,3687121.67,4778278.27,2622856.67
Indonesia,IDN,1996,2387830.64,2405167.11,2444100.53,1857976.26,9213980.39,1317243.81,271935.56,3173781.84,3989181.04,3710178.13,4742129.26,2700857.61
Indonesia,IDN,1997,2413175.61,2447243.41,2473305.61,1897383.21,9470062.93,1335079.19,278487.1,3259907.06,4109956.2,3733055.81,4705444.34,2796010.94
Indonesia,IDN,1998,2444939.15,2488784.07,2512876.97,1936949.93,9751933.4,1353121.32,285056.62,3347759.02,4226569.22,3765843.64,4696312.63,2898755.68
Indonesia,IDN,1999,2474884.13,2530621.48,2549611.78,1975740.94,10035014.18,1370499.39,291354.85,3435773.8,4335666.01,3792239.22,4664523.08,2994642.74
Indonesia,IDN,2000,2512826.7,2572199.23,2588644.82,2013393.57,10388675.77,1388064.27,297541.58,3524884.44,4452901.6,3829496.91,4643619.88,3095312.7
Indonesia,IDN,2001,2546504.6,2615578.65,2628779.45,2050591.92,10757513.49,1405424.63,303046.98,3617377.94,4557612.58,3868400.49,4672353.47,3171498.46
Indonesia,IDN,2002,2579051.88,2659639.76,2674919.99,2088859.7,11121112.65,1423667.66,308720.27,3712369.86,4657022.03,3905796.36,4681800.25,3243326.64
Indonesia,IDN,2003,2610015.9,2704582.2,2725132.18,2126173.15,11467087.49,1441917.32,313973.56,3808913.08,4758939.44,3937035.29,4676127,3307911.59
Indonesia,IDN,2004,2640892.48,2747642.43,2773507.06,2162235.13,11810806.17,1459337.74,318984.86,3904745.95,4866751.23,3967448.6,4649698.44,3371253.68
Indonesia,IDN,2005,2669111,2788649.85,2821816.92,2197515.92,12146629.7,1476060.42,323238.62,3999136.76,4984388.69,3993680.29,4619204.53,3444995.15
Indonesia,IDN,2006,2683557.4,2827968.26,2870502.43,2234482.64,12452349.92,1494046,327509.85,4097086.01,5100156.86,4004236.9,4585059.71,3545290.54
Indonesia,IDN,2007,2680957.17,2864985.12,2917925.22,2273274.03,12769203.81,1512010.85,331867.29,4198051.78,5217531.23,3998852.85,4532263.17,3649866.79
Indonesia,IDN,2008,2699815.57,2901902.99,2949252.77,2310448.57,13156326.66,1531873.15,337027.93,4300443.91,5331826.47,4007733,4477335.95,3801467.81
Indonesia,IDN,2009,2713311.78,2938699.18,2980745.28,2348071.17,13498852.61,1550848.59,341818.38,4403135.27,5446826.69,4013388.62,4422941.52,3946693.91
Indonesia,IDN,2010,2711525.71,2977818.04,2999902.75,2383903.33,13769503.44,1568520.33,345516.07,4503892.08,5538865.13,3998418.31,4345628.3,4079590.42
Indonesia,IDN,2011,2724571.02,3020233.31,3034285.01,2421918.85,14055346.79,1585712.9,348374.87,4588193.97,5669772.86,4002414.77,4282208.53,4240155.86
Indonesia,IDN,2012,2688399,3065756.46,3035823.52,2459997.11,14480958.51,1605812.76,350159.93,4651713.7,5788215.26,3983643.13,4247460.69,4416364.63
Indonesia,IDN,2013,2672230.98,3112771.19,3034810.78,2497464.46,14838889.83,1624095.77,350925.5,4705425.63,5917711.14,3978173.88,4213294.36,4628431.11
Indonesia,IDN,2014,2647249.91,3158714.68,3027021.41,2535303.87,15161618.44,1642281.68,351969.58,4762954.28,6024952.49,3961098.09,4171834.48,4826524.58
Indonesia,IDN,2015,2607125.85,3202177.97,3072283.43,2574499.73,15535892.95,1659975.65,354457.01,4838350.34,6135872.13,3920089.47,4146347.46,5010238.9
Indonesia,IDN,2016,2622427.51,3241120.66,3088594.29,2624462.46,15746689.38,1673295.59,362874.1,4928819.06,6275661.54,3929547.41,4069096.93,5159943.62
Indonesia,IDN,2017,2660483.33,3278828.4,3115577.99,2674580.79,16002903.7,1686577.44,372241.06,5023532.76,6434441.83,3981054.23,4039539.97,5272992.02
Indonesia,IDN,2018,2683175.08,3326218.72,3147187.6,2718820.85,16259661.14,1698694.75,377418.24,5123956.94,6603204.67,4009634.22,4009935.59,5398113
Indonesia,IDN,2019,2704508.62,3384703.01,3181366.02,2760154.16,16511184.2,1710258.9,382851.19,5229658.95,6761222.37,4036404.09,3990178.25,5519096.2
Iran,IRN,1990,148681.58,1159409.5,365428.54,611639.87,2419826.1,249791.21,164053,726734.77,930393.29,334644.4,3080702.92,381117.86
Iran,IRN,1991,145463.59,1174343.98,369607.86,617017.07,2440616.45,251974.6,169235.6,745541.02,936646.62,326151.78,2891059.7,386490.73
Iran,IRN,1992,142395.74,1179477.22,373725.62,618883.61,2471156.71,251659.76,173276.28,760552.83,942313.68,318072.42,2701545.11,391264.52
Iran,IRN,1993,139960.58,1201861.22,377912.16,629295.43,2503748.99,254416.85,181369.18,782998.96,951096.87,313162.27,2593661.4,398865.05
Iran,IRN,1994,138493.6,1234430.6,385036.58,644481.41,2553514.17,259017.13,191204.09,810103.09,960519.61,311231.06,2525628.57,408660.3
Iran,IRN,1995,138345.82,1268575.48,391222.65,661387.15,2602237.95,263609.3,202334.76,838231.72,971071.88,311172.21,2474484.43,419905.26
Iran,IRN,1996,138550.91,1305043.68,396089.77,678106.06,2652337,268517.48,216010.89,868404.31,982829.16,311453.89,2429702.01,432672.37
Iran,IRN,1997,139132.15,1344263.63,403022.95,693387.38,2716507.1,273796.27,231182.32,901601.48,993426.21,313667.59,2381267.29,447768.74
Iran,IRN,1998,140732.99,1386611.07,410350.95,708662.34,2778908.97,279389.19,248612.48,937869.28,1003146.54,318333.68,2329267.18,464067.41
Iran,IRN,1999,141968.47,1428994.14,418194.76,724055.26,2847394.74,284651.81,265921.07,975615.83,1009371.73,322602.08,2264604.87,479946.62
Iran,IRN,2000,145602.84,1468756.4,424056.79,743125.98,2908360.18,288970.14,285845.54,1013002.66,1027540.34,328295.54,2202340.9,496365.85
Iran,IRN,2001,149179.9,1505705.12,429344.26,763712.53,2962856.36,292468.47,306449.04,1050612.29,1051284.36,333888.15,2139327.78,512037.63
Iran,IRN,2002,152205.89,1545710.92,438803.17,785229.95,3018016.84,296156.37,327036.09,1091601.77,1067543.16,340010.39,2084999.98,531863.47
Iran,IRN,2003,155812.19,1589089.81,449763.61,808488.57,3059592.93,300147.33,350048.37,1135936.71,1087420.18,347860.53,2057514.66,555474.66
Iran,IRN,2004,166229.54,1628833.7,461044.35,831512.28,3077495.13,303126.27,374094.07,1180087.5,1115468.88,366165.77,2057333.36,588383.95
Iran,IRN,2005,170280.67,1665532.88,468350.11,852748.48,3085726.23,305410.35,392640.17,1223376.04,1150091.72,374252.68,2061461.36,616715.02
Iran,IRN,2006,172708.16,1705216.98,476604.44,873183.18,3094507.46,307660.95,409674.4,1266413.32,1186936.04,380688.02,2068079.75,646922.28
Iran,IRN,2007,173826.15,1750824.86,483150.95,893242.81,3087150.08,310044.93,428487.23,1310680.17,1219490.58,385590.13,2059074.25,677049.17
Iran,IRN,2008,174666.33,1798909.66,488969.08,913208.91,3086674.79,312499.16,440182.65,1355869.52,1261503.62,392400.98,2056252.22,708530.87
Iran,IRN,2009,174397.48,1842125.24,495467.19,932113.12,3103342.39,314478.37,443404.5,1400379.72,1305267.23,397073.29,2052933.91,739809.22
Iran,IRN,2010,174219.85,1875248.22,503229.08,949519.95,3111521.7,316265.25,445893.36,1443586.18,1352303.75,401564.86,2053736.73,772463.86
Iran,IRN,2011,175095.15,1903664.18,511516.54,966114.26,3117408.64,318317.31,440082.13,1481055.9,1407088.48,407353.92,2056637.45,799532.39
Iran,IRN,2012,175061.04,1934356.21,521232.42,983397.29,3145657.01,321028.65,431400.69,1510996.76,1463253.62,412642.67,2058137.51,828409.39
Iran,IRN,2013,173842.86,1965521.78,533469.92,1002481.89,3202987.8,324242.94,418519.66,1538072.93,1524832.97,417709.56,2045949.51,869041.01
Iran,IRN,2014,173617.96,1993291.13,543908.22,1018374.02,3265638.87,327518.04,410301.88,1566403.36,1582152.77,421166.93,2002396.1,911730.63
Iran,IRN,2015,173308.24,2016795.58,552203.58,1033363.04,3342436.88,330751.68,400006.93,1601799.68,1633848.15,422700.58,1919242.27,958950.07
Iran,IRN,2016,173773.66,2026025.44,558282.3,1049214.34,3392014.07,333921.64,388251.88,1644047.83,1667426.15,424971.43,1800698.66,1007372.25
Iran,IRN,2017,176955.77,2033177.58,568117.53,1066195.59,3465197.95,337046.57,380317.61,1686962.26,1707911.97,431044.97,1745632.35,1048508.88
Iran,IRN,2018,180277.8,2045987.04,576799.79,1083701.32,3522000.7,340300,380312.52,1729056.49,1753241.14,435532.65,1709833.98,1085570.32
Iran,IRN,2019,184174.44,2053871.38,587911.35,1103459.21,3603911.62,343631.88,381900.91,1771348.36,1801835.27,438713.96,1683521.68,1124709.95
Iraq,IRQ,1990,54583.31,272814.01,106189.57,172979.2,943759.58,72208.03,27446.63,156135.25,281480.87,110878.62,850442.08,251695.49
Iraq,IRQ,1991,57137.73,291827.93,111593.34,182392.9,987498.33,76635.22,30540.17,165069.83,295360.97,115874.21,892628.39,262881.79
Iraq,IRQ,1992,59972.31,314802.22,117878.59,193852.97,1042721.14,82091.56,34311.82,175585.17,311030.7,121869.67,943815.43,275630.61
Iraq,IRQ,1993,61816.8,330934.99,122616,201758.41,1088336.17,85856.36,37135.61,183789.39,322303.24,125497.29,969063.94,286228.48
Iraq,IRQ,1994,63248.36,344233.53,126413.27,208357,1121955.82,88958.23,39731.68,191367.74,331630.08,127853.17,974783.95,294851.17
Iraq,IRQ,1995,65202.55,357302.99,130681.3,215481.05,1167326.01,92048.84,42304.61,199136.85,343047.55,130870.59,981632.18,305367.58
Iraq,IRQ,1996,67758.34,369376.01,135174.38,223731.08,1211253.77,95309.9,44953.03,207458.22,356903.51,134957.19,1003473.88,318194.61
Iraq,IRQ,1997,69316.1,380268.66,138928.69,232049.99,1249546.84,98676.91,47660.97,216494.29,368501.49,137619.91,1009472.85,329620.3
Iraq,IRQ,1998,69950.14,390664.96,141505.37,240218.88,1274640.53,102065.64,50404.52,225822.12,378166.68,138799.51,1006640.64,339873.43
Iraq,IRQ,1999,70220.45,401775.65,143544.3,248534.92,1294398.34,105456.93,53049.19,235615.59,388402.27,139450.54,998860.61,350515.98
Iraq,IRQ,2000,70294.66,415310.35,145036.36,257149.21,1313434.82,109054.62,55604.65,245828.01,399810.85,139740.53,991728.91,360722.01
Iraq,IRQ,2001,70326.98,431224.24,146083.14,265921.25,1330760.4,112644.79,57689.78,256501.39,412359.31,140032.53,989142.93,371163.5
Iraq,IRQ,2002,70800.24,446209.62,147774.86,274404.18,1355245.94,116009.48,59354.38,267116.6,425668.06,141179.77,986967.18,384043.93
Iraq,IRQ,2003,72668.64,461917.45,151333.65,283769.66,1399395.49,119719.45,61114.18,278348.69,441506.71,144761.39,998705.23,401099.02
Iraq,IRQ,2004,73539.72,475282.93,152657.45,291154.7,1419316.7,122637.01,61983.6,288516.23,452822.13,146541.04,989204.95,414963.82
Iraq,IRQ,2005,74428.65,479626.94,152479.55,293816.46,1433842.5,123106.34,61380.41,294781.95,461404.49,147488.73,967474.93,425785.84
Iraq,IRQ,2006,75417.67,486075.63,152104.17,297068.79,1446275.12,124012.34,61315.68,301510.62,471194.27,148455.43,944974.3,435325.23
Iraq,IRQ,2007,77405.67,502902.37,154093.5,305709.6,1482329.93,127320.61,62890.53,312749.55,484944.32,151720,932542.1,448240.55
Iraq,IRQ,2008,79612.75,521690.8,156506.72,315446.82,1519124.89,131169.07,64666.54,325233.64,510141.01,155612.65,918759.75,462045.97
Iraq,IRQ,2009,81193.42,539399.02,156297.47,325238.44,1551148.4,134768.66,66446,338019.51,520486.51,158277.72,913397.8,471697.49
Iraq,IRQ,2010,82769.25,560794.21,156626.55,336530.39,1578131.79,139156.61,69145.94,352791.42,546754.52,161167.31,907742.58,482542.55
Iraq,IRQ,2011,84307.3,590142.09,157997.45,350529.49,1604285.6,144693.03,72489.28,370443.57,576043.59,164299.66,906842.71,496326.05
Iraq,IRQ,2012,84406.59,623476.19,158782.77,364169.39,1625562.99,150134.77,75553.25,389100.18,612236.09,165606.52,906713.99,509668.04
Iraq,IRQ,2013,84194.99,654250.67,159192.26,375224.96,1644042.13,154164.44,77633.73,406373.42,650490.59,166196.33,901783.06,525200.53
Iraq,IRQ,2014,83191.53,680301.15,160555.21,385055.03,1668242.61,157272.92,79172.87,422818.26,677519.69,165542.09,887537.1,546399.62
Iraq,IRQ,2015,82925.94,700354.67,162159.31,393970.78,1714663.34,160146.98,80176.47,438633.67,693391.85,166099.6,877687.4,566701.1
Iraq,IRQ,2016,83361.59,715968.23,164096.85,405059.82,1752773.83,163052.05,80599.21,455855.14,713639.35,167706.33,867754.34,589212.72
Iraq,IRQ,2017,85288.49,732051.25,166768.16,416501.04,1802252.41,166068.42,81554.43,474206.77,734962.45,171628.21,860639.63,611345.72
Iraq,IRQ,2018,86725.09,749830.75,171258.35,427367.35,1878435.51,168873.17,83860.26,492382.4,760262.91,174700.94,855189.12,640464.29
Iraq,IRQ,2019,87671.27,767744.69,176571.95,437762.76,1961791.26,171926.84,85721.66,511146.72,781218.35,177244.95,850906.86,670801.29
Ireland,IRL,1990,5287,77078.1,64325.01,52746.31,256615.34,27064.57,16877.7,83130.12,167428.8,22015.91,75433.37,22161.72
Ireland,IRL,1991,5342.82,77651.61,64352.92,53151.04,251446.79,27057.31,17817.12,84330.66,167780.35,22045.5,73965.53,22342.46
Ireland,IRL,1992,5470.26,78409.96,64588.66,53775.1,248054.89,27072.62,18918.53,85609.81,168755.45,22297.78,71820.69,22545.89
Ireland,IRL,1993,5687.25,79244.45,65214.25,54410.84,247136.05,27133.37,20079.2,86916.29,169719.74,22771.06,70750.34,22830.05
Ireland,IRL,1994,5839.01,80128.52,64871.22,54980.87,241686.88,27245.36,21420.07,88314.39,168408.15,22994,70124.35,22635.87
Ireland,IRL,1995,6158.17,81150,65692.52,55946.56,241555.17,27387.55,23021.05,89695.49,170657.32,23693.41,71022.13,23095.22
Ireland,IRL,1996,6459.58,82189.68,65127.58,56821.15,235488.38,27555.18,24729.55,91112.25,169926.26,24191.73,71569.62,23384.94
Ireland,IRL,1997,6930.18,83271.26,64716.35,57739.8,230821.29,27769.48,26558.35,92629.01,171595.77,25082.79,72536.14,23687.89
Ireland,IRL,1998,7369.76,84406.18,63883.34,58696.23,225831.17,28079.76,28092.66,94236.62,173294.19,25714.7,73457.67,24264.25
Ireland,IRL,1999,7879.39,85647.59,63168.46,59777.04,222375.85,28400.48,29557.7,95911.14,176319.65,26630.89,74505.35,24972.82
Ireland,IRL,2000,8396.91,87065.52,61137.95,60880.81,214077.87,28697.58,30846.98,97772.7,177660.33,27288.88,75414.07,25323.4
Ireland,IRL,2001,8845.97,88640.17,59156.76,61940.27,201995.86,29018.91,32110.87,99756.32,176468.82,27499.59,76848.35,25312.21
Ireland,IRL,2002,9007.02,90383.14,58137.7,63140.77,193636.7,29382.94,33646.39,101889.27,176771.97,27645.28,77788.19,25681.08
Ireland,IRL,2003,9148.17,92176.77,57412.14,64339.55,184687.61,29794.95,35168.5,104182.39,177852.52,27646.07,79552.57,26030.07
Ireland,IRL,2004,9606.21,94067.83,56943.68,65735.5,178157.92,30252.9,37155.38,106606.22,180835.5,28078.92,80470.64,26693.65
Ireland,IRL,2005,9960.12,96015.76,56554.33,67130.23,170914.4,30738.27,39275.8,109137.54,181022.77,28492.36,81319.41,27268.88
Ireland,IRL,2006,10552.91,98205.57,56684.73,68439.74,166735.64,31215.36,40635.42,111705.41,183957.73,29131.22,82458.58,28320.54
Ireland,IRL,2007,10978.57,100681.74,56782.31,69736.84,162147.74,31713.69,41395.58,114387.02,185802.42,29715.66,83211.86,28772.05
Ireland,IRL,2008,11470.49,103142.1,57037.67,71196.59,159173.04,32234.7,42008.98,116989.52,189988.36,30292,84179.15,29473.21
Ireland,IRL,2009,11852.56,105342.56,57759.02,72617.98,157299.67,32765.76,42345.72,119409.81,193664.74,30779.56,84224.67,30378.43
Ireland,IRL,2010,11335.14,106933.5,57293.41,73461.81,149842.2,33241.19,41747.94,121772.22,190611.82,29918.26,84814.06,30685.21
Ireland,IRL,2011,11710.57,107961.88,58919.36,75051.16,152828.97,33644.25,41827.04,123954.89,196690.23,30566.91,85249.56,31975.68
Ireland,IRL,2012,11703.01,108591.34,59509.85,76389.91,152968.52,34031.9,41253.52,126021.56,197954.73,30683.81,85594.88,32969.47
Ireland,IRL,2013,11317.59,109039.85,60040.98,77456.3,152577.69,34383.77,40815.74,127969.79,199407.42,30295.69,86335.28,33825.41
Ireland,IRL,2014,10888.28,109498.55,60424.2,78547.69,151382.71,34679.4,40431.76,129750,200304.97,29954.26,86405.43,34545.55
Ireland,IRL,2015,10832.59,110074.77,61486.04,79846.75,152965.55,34936.63,40210.63,131562.52,202249.36,29956.39,86640.16,35868.55
Ireland,IRL,2016,10604.06,111798.98,62095.72,80711.34,153907.95,35170.39,40220.62,132996.3,203366.46,29996.1,86392.16,37734.49
Ireland,IRL,2017,10597.06,113563.68,63207.37,81929.06,156532.65,35400.46,40507.44,134469.31,207250.51,30307.7,86933.42,39953.45
Ireland,IRL,2018,10580.01,113860.82,64464.1,83044.55,159838.5,35622.52,40881.34,136386.66,211698.33,30657.67,87292.24,41957.46
Ireland,IRL,2019,10587.31,113478.36,65744.94,84027.85,163334.07,35852.65,40957.21,138428.78,216053.56,31003.46,87482.4,44122.49
Israel,ISR,1990,9718.68,94493.4,43068.15,62698.6,232393.86,36726.72,13682.72,101721.06,165175.6,25913.2,105131.2,45413.9
Israel,ISR,1991,10354.01,98294.7,44647.99,65003.46,242205.36,37719.21,13785.04,105609.97,175674.01,27438.7,107001.17,48966.83
Israel,ISR,1992,10985.84,102075.15,45952.74,67334.23,249621.69,38712.4,14045.94,109486.69,185781.28,28888.22,108931.13,52544.31
Israel,ISR,1993,10997.24,105738.37,46110.4,69388.22,245565.06,39736.71,14167.82,113360.17,191014.57,29550.09,109435.99,53937.46
Israel,ISR,1994,11506.78,109322.19,46374.55,71678.95,244292.17,40775.63,14357.78,117163.96,198857.61,30971.93,110135.33,56931.77
Israel,ISR,1995,12566.29,112641.17,46760.96,74229.32,241461.19,41773.71,14646.29,120906.14,207539.61,32855.31,111704.6,62837.69
Israel,ISR,1996,13068.77,115432.35,46736.66,76055.99,232785.99,42946.44,15359.21,124490.7,214483.66,33854.81,113386.59,68248.09
Israel,ISR,1997,13674.41,117806.95,46900.71,78302.42,225507.87,44070.23,15975.32,128047.38,220519.51,35001.61,116141.55,75234.22
Israel,ISR,1998,14000.92,119923.09,47153.1,80508.57,221377.78,45449.73,16879.93,131701.63,226591.63,35705.39,117535.65,80984.14
Israel,ISR,1999,14433.93,122136.92,47772.19,82833.96,212138.95,46952.5,17952.83,135358.35,229503.72,36730.45,120268.8,85583.39
Israel,ISR,2000,14856.05,124608.56,48292.11,85330.91,205671.58,48443.24,19252.73,138938.91,233483.51,37336.48,122048.72,90262.67
Israel,ISR,2001,14783.33,127371.86,48411.14,87567.79,198563.75,49870.02,20119.25,142521.57,235597,37501.03,124027.44,93599.87
Israel,ISR,2002,14935.68,129871.73,49082.65,89826.88,195112.73,51224.93,20584.09,146139.36,239860.33,38255.36,127173.52,96473
Israel,ISR,2003,14885.48,132438.45,49500.48,92150.59,190621.23,52390.79,20815.53,149693.72,241616.54,38535.93,129270.34,98495.79
Israel,ISR,2004,14647.16,134974.63,49762.16,94225.32,185551.11,53591.88,20891.34,153261.55,241424.04,38791.9,130555.78,99517.95
Israel,ISR,2005,14814.37,137588.28,50670.52,96700.18,184271.3,54832.67,20730.39,157055.69,245077,39539.71,132670.8,101011.93
Israel,ISR,2006,14621.33,140762.06,51191.31,99017.61,180437.79,56026.35,20602.76,160778.48,248574.41,39827.84,135058.17,101477.11
Israel,ISR,2007,14495.12,144651.48,52041.58,101603.18,179179.73,57247.8,20770.12,164389.38,254286.95,40255.8,137249.86,102895.05
Israel,ISR,2008,14094.12,148833.12,52204.29,103844.92,173255.38,58450.77,20866.83,167822.59,255471.31,40051.72,139282.94,102526.12
Israel,ISR,2009,13948.71,152751.99,52588.05,106327.55,168955.5,59597.73,20982.67,171425.16,257017.17,40221.73,141399.37,102632.45
Israel,ISR,2010,13828.98,155963.25,53422.85,108858.24,167678.77,60789.86,21002.75,175367.44,260869.99,40614.84,143267.36,103664.32
Israel,ISR,2011,14254.12,158243.29,54806.93,111739.57,170507.95,62097.15,21092.19,179653.03,264845.13,41860,145828.87,106105
Israel,ISR,2012,14214.48,159855.19,55743.85,114458.45,170241.44,63461.06,21200.67,183961.53,266579.78,42347.59,148573.67,107715.41
Israel,ISR,2013,14343.62,161385.25,56644.34,117331.44,171105.05,64751.86,21493.21,188334.2,269942.49,42960.98,150222.85,109358.76
Israel,ISR,2014,14277.81,163009.71,57630.6,120037.5,171312.72,65984.39,21716.35,192768.69,272554.87,43336.97,153054.76,110896.03
Israel,ISR,2015,14587.61,165302.76,59120.63,123279.23,175655.4,67285.55,21978.81,197158.81,278612.05,44383.73,155803.21,114053.83
Israel,ISR,2016,14601.22,167852.95,59996.84,126354.29,176752.16,68505.57,22764.77,200994.38,281718.31,44876.3,158692.06,114062.02
Israel,ISR,2017,14913.7,170654.53,61350.23,129345.24,181452.76,69889.55,23722.69,204908.82,287567.88,45844.73,160705.09,115808.7
Israel,ISR,2018,15376.27,173840.65,63148.26,132223.18,188248.35,71345.44,24457.34,209454.12,296421.59,47126.32,162968.69,120441.58
Israel,ISR,2019,15750.31,177218.66,64746.76,134694.1,193568.92,72851.71,25197.01,214575.26,304295.9,48177.67,164870.52,125158.33
Italy,ITA,1990,450644.32,1262556.87,676663.82,946528.5,3826791.45,410590.94,262079.58,1562441.21,3476839.85,877050.39,1169277.28,736011.94
Italy,ITA,1991,442715.44,1260325.75,683423.15,959860.85,3826239.11,409237.88,281099.99,1577620.83,3524220.12,864654.55,1174485.67,738713.76
Italy,ITA,1992,428123.19,1257380.21,682066.63,970471.13,3757120.36,408079.83,293509.99,1591584.61,3527513,843590.83,1176548.94,733684.52
Italy,ITA,1993,415809.21,1253574.29,680921.72,980880.54,3712071.43,407156.83,299637.61,1604670.33,3542043.96,826940.17,1172517.63,729347.15
Italy,ITA,1994,407038.79,1249294.7,681980.36,991867.56,3679507.84,406419.62,304633.64,1616860.69,3566446.62,814475.16,1165678.75,730200.26
Italy,ITA,1995,394190.62,1244283.83,681066.67,1004467.52,3630013.53,406091.14,306920.93,1627987.75,3566683.24,797559.98,1164708.57,733646.92
Italy,ITA,1996,381304.13,1238695.56,677287.45,1020361.8,3591306.39,406475.58,303927.54,1637820.41,3567369.97,782315.67,1157080.73,742297.35
Italy,ITA,1997,374115.96,1233188.59,672975.06,1038777.96,3564779.41,407846.05,297668.43,1646841.09,3574034.58,774127.51,1134156.4,752940.36
Italy,ITA,1998,369277.39,1228428.75,667754.57,1059236.69,3572603.54,409850.14,290649.23,1656490.51,3612804.25,770956.18,1107442.44,771478.06
Italy,ITA,1999,358156.63,1225651.71,658159.72,1076208.75,3499045.49,411845.09,281672.96,1668000.17,3604967.86,757548.01,1085909.07,782006.57
Italy,ITA,2000,347178.26,1225726.65,645602.34,1091540.06,3408485.37,413799.64,274377.83,1682757.55,3585577.56,743337.58,1075026.56,791439.79
Italy,ITA,2001,338374.35,1227086.22,637254.94,1113503.14,3340096.07,415600.86,267823.55,1703058.09,3584639,732420.78,1075319.87,811963.72
Italy,ITA,2002,329122.49,1228707.04,637168.51,1143120.7,3304922.15,417630.95,262764,1729234.23,3582958.18,722157.83,1077267.35,850158.65
Italy,ITA,2003,321738.55,1231281.18,643843.39,1177114.2,3292181.55,420172.13,260319.84,1758473.78,3607085.91,714214.13,1083183.49,898417.47
Italy,ITA,2004,305356.02,1235793.62,631125.41,1202772.43,3142281.98,423146.4,259422.94,1787235.25,3548885.34,694235.75,1089455,926230.7
Italy,ITA,2005,297910.81,1241572.94,632035.63,1230245.1,3102783.61,426541.61,257677.87,1811862.39,3537782.99,688140.4,1094809.24,952117.79
Italy,ITA,2006,290195.17,1248633.88,628747.54,1254457.91,3059896.18,430071.36,255429.23,1830696.94,3530282.48,683178.62,1094470.49,966909.51
Italy,ITA,2007,285223.75,1257686.68,630846.36,1278108.45,3042798.5,433677.37,253155.99,1849255.67,3544319.55,682204.51,1086413.43,987135.06
Italy,ITA,2008,280464.29,1267978.37,632971.51,1299682.22,3031110.71,437314.98,250404.02,1867373.3,3563214.04,682782.94,1076407.75,1006252.49
Italy,ITA,2009,275338.12,1278032.5,634738.66,1319492.64,3014401.97,440663.2,247386.44,1883942.75,3577867.29,682498.67,1067755.16,1022629.93
Italy,ITA,2010,266254.26,1286373.53,631073.3,1336968.46,2965965.13,443693.48,243614.77,1898833.33,3557376.5,676978.5,1065009.96,1029658.22
Italy,ITA,2011,261133.41,1292537.76,631561.53,1362600.65,2974172.88,445947.83,237063.04,1911426.22,3572693.6,677222.4,1073231.88,1033776.88
Italy,ITA,2012,256325.62,1296850.61,630731.21,1387477.72,2974562.28,447374.97,226881.64,1922072.74,3584134.64,678288.87,1087103.02,1021254.61
Italy,ITA,2013,249024.01,1299554.73,623923.88,1406124,2939362.15,447926.21,215281.66,1931103.45,3558100.69,673449.25,1102142.43,994358.99
Italy,ITA,2014,243648.26,1300647.42,621842.18,1425121.83,2927691.4,448189.59,204935.64,1939481.02,3542519.77,670979.51,1115199.16,974338.04
Italy,ITA,2015,246926.13,1300548.89,634197.81,1449282.22,3014978.63,448076.49,199204.39,1948323.61,3594565.78,680996.9,1123182.22,987179.91
Italy,ITA,2016,240116.94,1298520.87,640394.39,1462271.84,2968503.68,445780.06,197594.02,1957463.47,3539025,672304.47,1121044.28,995714.43
Italy,ITA,2017,242293.82,1296343.28,651976.87,1475579.81,3011648.69,443189.93,198501.21,1966006.25,3555017.42,677430.36,1118870.88,1022976.35
Italy,ITA,2018,245642.31,1295949.01,661631.27,1484701.24,3079337.68,442441.47,198724.32,1963650.7,3592254.76,688643.21,1118950.05,1050177.18
Italy,ITA,2019,247093.49,1297478.39,668768.38,1486509.52,3125042.63,442064,197813.52,1949120.58,3618813.11,700554.54,1119364.44,1072754.2
Jamaica,JAM,1990,4874.36,35492.36,16691.12,25562.19,93071.65,13574.75,5241.2,29473.71,50935.01,17086.89,44290.99,43989.57
Jamaica,JAM,1991,4464.52,35715.87,16405.93,25700.77,84895.22,13633.75,5309.21,29995.06,49497.98,16269.45,44243.27,43147.46
Jamaica,JAM,1992,4674.28,36054.35,16940,26228.96,88134.47,13805.4,5408.19,30701.69,51459.24,16741.28,44773.07,45666.47
Jamaica,JAM,1993,4837.82,36447.45,17602.35,26773.42,91532.25,14006.11,5509.78,31434.82,53865.95,17092.52,45028.48,49139.25
Jamaica,JAM,1994,4933.61,36919.71,18200.37,27273.09,92726.81,14199.59,5617.72,32206.77,55465.57,17318.78,45141.95,52225.6
Jamaica,JAM,1995,5058.43,37471.97,18905.56,27819.76,92478.78,14420.89,5738.13,33127.87,56091.73,17611.58,45244.95,55549.31
Jamaica,JAM,1996,5044.98,38081.68,19400.41,28246.14,89895.6,14596.55,5866.41,34032.66,60861.28,17644.67,45321.96,58130.74
Jamaica,JAM,1997,5068.63,38722.78,20090.52,28710.88,89098.3,14765.55,6002.55,34926.8,65706.23,17781.16,45364.94,61768.41
Jamaica,JAM,1998,5141.78,39376.66,20795.79,29147.09,87657.49,14945.03,6156.03,35905.35,71384.62,18026.15,45431.46,65075.64
Jamaica,JAM,1999,5278.55,40028.31,21534.62,29722.07,89011.97,15101.54,6293.3,36816.83,77059.26,18456.22,45549.97,69310.99
Jamaica,JAM,2000,5184.03,40635.67,21625.84,30261.68,88203.01,15220.09,6443.04,37813.79,80471.34,18536.53,45784.78,72766.74
Jamaica,JAM,2001,5268.51,41198.74,21772.76,30602.54,89458.69,15334.24,6464.88,38421.85,82205.54,18537.95,45625.7,72130.43
Jamaica,JAM,2002,5034.41,41784.38,21526.09,30841.46,87039.45,15394.47,6516.25,38978.91,79998.02,17786.97,45304.03,68414.89
Jamaica,JAM,2003,4698.29,42335.77,20940.85,31201.25,84679.49,15519.58,6511.92,39581.01,77789.78,17213.84,45189.38,67065.63
Jamaica,JAM,2004,4152.56,42839.6,20369.2,31325.12,81993.55,15478.95,6568.06,39882.46,74755.66,16380.99,44324.42,66632.34
Jamaica,JAM,2005,3798.85,43295.66,19792.33,31230.39,77550.37,15487.63,6585.86,40210.97,70853.86,15697.62,44091.82,65454.8
Jamaica,JAM,2006,3790.1,43695.99,19839.58,31876.67,78233.9,15629.37,6692.64,40930.95,73210.68,16066.02,45048.57,67977.36
Jamaica,JAM,2007,4253.95,44051.32,20811.77,32689.44,88624.2,15783.91,6803.73,41572.9,80970.19,17140.52,45822.46,73285.69
Jamaica,JAM,2008,4929.31,44330.38,22107.69,33649.3,99996.1,16005.26,6961.48,42415.17,92742.87,18786.63,47492.76,79289.45
Jamaica,JAM,2009,5002.69,44596.03,22294.07,34108.99,106108.72,16063.75,7049.92,42923.26,97298.63,19147.8,48048.46,81968.53
Jamaica,JAM,2010,4258.15,44922.04,19882.1,33950.79,95800.74,15869,7065.35,43335.74,87971.4,17696.67,47795.75,76040.29
Jamaica,JAM,2011,4557.29,45295.29,20449.39,34697.37,103452.23,16020.71,7101.84,43875.35,94220.69,18590.52,48395.03,80445.74
Jamaica,JAM,2012,4125.64,45755.85,19178.95,34898.12,98374.37,16042.67,7107.08,44538.4,90325.56,17763.39,48535.75,77157.44
Jamaica,JAM,2013,4059.79,46272.67,18915.86,35242.22,100880.04,16115.72,7051.39,45037.46,90421.32,17848.2,48361.66,77868.68
Jamaica,JAM,2014,4530.83,46731.84,19772.57,36171.92,112207.71,16330.18,7064.72,45879.63,97808.09,19129.91,49277.31,84136.84
Jamaica,JAM,2015,4682.99,47088.07,19961.28,36327.49,114096.35,16306.41,7091.99,46442.35,99677.39,19356.35,48801.7,87406.55
Jamaica,JAM,2016,4777.67,47360.18,20249.83,36630.69,114973.5,16327.07,7117.28,46929.09,101128.8,19619.86,48755.31,89845.28
Jamaica,JAM,2017,4866.58,47603.35,20585.23,36991.18,116402.75,16354.67,7131.83,47438.32,102339.35,19876.93,48738.66,92204.02
Jamaica,JAM,2018,4957.24,48085.16,20807.58,37212.24,117709.08,16396.29,7203.6,48036.57,103781.37,20113.38,48924.42,94439.46
Jamaica,JAM,2019,5080.81,48804.74,21039.02,37408.97,119938.3,16497.2,7299.41,48720.22,106097.45,20472.82,49295.37,97215.19
Japan,JPN,1990,663242.82,1823512.02,1203935.13,1390812.33,5301898.95,757547.6,233798.1,3725704.97,5735453.46,1272592.08,1869018.38,1075125.01
Japan,JPN,1991,665494.29,1820272.16,1224850.67,1426704.87,5299872.85,757493.11,235823.23,3790328.32,5878824.73,1283970.49,1855995.1,1099352.1
Japan,JPN,1992,670842.24,1819986.93,1245324.9,1466717.68,5322023.68,757244.85,237591.11,3858544.87,6054287.81,1300180.35,1848146.23,1127874.32
Japan,JPN,1993,668037.48,1822801.17,1260388.85,1506128.01,5319256.34,756764.19,238962.1,3924174.59,6186383.01,1306545.03,1839868.11,1151587.15
Japan,JPN,1994,650568.48,1827603.07,1262503.8,1542897.38,5256016.88,756334.51,240066.9,3986099.93,6256183.78,1295259.98,1834334.04,1163635.88
Japan,JPN,1995,638544.22,1833214.63,1277391.53,1585185.33,5304623.5,756425.69,241470.74,4042078.86,6453787.37,1292570.5,1831256,1189448.71
Japan,JPN,1996,614133.02,1844594.84,1265160.31,1624183.31,5212128.12,757009.79,242469.08,4092319.38,6512307.52,1268620.33,1824533.9,1202741.85
Japan,JPN,1997,600330.79,1863962.12,1255398.41,1672188.05,5170857.25,758690.91,243407.71,4147000.43,6596150.76,1257785.67,1828031.89,1233153.32
Japan,JPN,1998,601815.2,1886922.96,1253751.56,1727644.45,5237055.56,760608.55,244210.09,4200580.68,6792225.13,1267788.29,1838663.3,1279806.03
Japan,JPN,1999,601485.54,1908106.3,1249302.84,1782215.63,5277573.1,762389.35,245028.23,4250984.73,6917706.08,1275055.84,1842978.98,1318772.39
Japan,JPN,2000,584884.2,1921885.2,1227824.82,1832305.24,5193545.99,763736.98,244744.95,4296697.03,6906577.71,1259581.64,1849168.6,1331216.56
Japan,JPN,2001,576660.27,1931387.72,1211289.7,1884419.22,5155821.53,764907.77,244337.35,4340797.74,6902312,1253266.86,1859250.66,1333181.06
Japan,JPN,2002,570476.76,1940383.53,1198414.25,1939978.71,5142152.69,766314.62,243349.13,4392057.4,6925475.29,1250767.83,1882573.52,1334499.26
Japan,JPN,2003,573218.59,1948765.68,1192790.63,2000212.84,5176656.2,767419.18,242532.77,4443571.72,7033459.87,1260854.31,1907847.19,1340560.29
Japan,JPN,2004,569586.18,1954485.12,1183134.82,2060356.84,5177885.66,768312.34,241872.79,4494987.69,7112397.15,1263781.62,1931366.47,1344965.74
Japan,JPN,2005,574443.97,1956452.72,1187463,2134906.95,5254278.26,769283.73,241019.04,4542043.03,7230934.08,1279861.45,1946748.3,1366685.1
Japan,JPN,2006,565020.2,1951611.19,1181867.01,2213659.39,5227020.38,770565.5,240242.72,4592910.22,7225971.41,1277272.46,1932402.74,1385564.39
Japan,JPN,2007,559221.77,1939946.97,1182185.91,2312945.6,5226492.65,772539.04,238993.93,4660402.41,7273879.3,1280249.17,1888064.76,1412035.76
Japan,JPN,2008,553243.02,1925821.55,1183154.02,2418413.54,5232593.7,774822.62,237949.39,4730816.99,7309799.76,1283047.83,1829200.6,1439611.95
Japan,JPN,2009,547109.91,1911987.52,1183336.15,2513150.05,5228646.36,776740.5,236796.74,4794261.59,7331882.1,1285047.1,1776508.48,1464979.77
Japan,JPN,2010,545946.53,1901340.38,1194289.49,2605504.92,5287282.7,778193.66,235429.78,4839159.13,7420227.03,1295342.29,1759245.13,1497445.45
Japan,JPN,2011,543610.84,1891109.45,1207253.31,2689567.99,5359654.22,778493.1,234523.89,4870796.42,7510358.8,1304551.69,1768956.02,1522071.59
Japan,JPN,2012,530072.91,1877289.46,1212460.57,2765978.4,5343891.3,778249.58,232151.42,4908580.62,7490711.55,1297797.95,1781247.12,1542164.74
Japan,JPN,2013,518871.91,1862544.99,1216196.17,2841041.12,5328862.19,777423.7,229976.43,4946646.66,7476473.92,1291741.88,1792957,1560796.5
Japan,JPN,2014,507547.02,1849462.86,1218933.32,2910008.63,5302237.71,776488.56,228353.43,4979772,7447112.46,1284831.72,1803762.49,1577214.1
Japan,JPN,2015,496987.73,1839608.01,1224088.72,2976602.79,5286929.38,775693.39,226597.18,5000830.48,7394970.43,1278269.71,1806835.74,1590747.22
Japan,JPN,2016,492616.2,1830894.87,1235240.25,3028392.77,5315439.23,775066.57,226771.8,4992456.62,7392163.99,1281355.81,1806110.98,1607366.81
Japan,JPN,2017,485223.2,1822222.8,1248821.08,3072897.27,5326753.64,774616.49,226973.49,4978825.78,7321393.16,1279009.12,1800120.39,1630444.05
Japan,JPN,2018,486633.3,1813434.75,1266805.35,3126914.45,5429606.2,773399.35,227094.69,4900339.9,7354164.78,1288601.15,1800567.75,1659596.84
Japan,JPN,2019,489987.64,1803282.99,1291053.01,3175900.61,5536049.76,772557.77,227999.13,4732213.93,7416537.76,1302463.24,1804517.94,1687761.67
Jordan,JOR,1990,7893.29,64485.89,19489.8,34379.73,115399.01,15777.24,4985.49,37253.84,48595.79,18311.9,166455.5,37419.66
Jordan,JOR,1991,8039.59,67426.51,20091.36,35647.24,118917.79,16348.29,5242.6,39176.2,50239.34,18682.33,168072.44,38940.98
Jordan,JOR,1992,8133.1,70218.9,20628.85,36841.22,121691.46,16877.13,5486.43,41077.44,51460.59,18977.11,168156.88,39911.88
Jordan,JOR,1993,8460.65,72782.82,21537.64,38103.31,129730.75,17361.1,5742.52,42972.03,54485.58,19634.33,168237.43,42544.78
Jordan,JOR,1994,8640.29,75148.43,22159.14,39215.32,134286.84,17800.68,5955.07,44802.36,56438.75,20051.96,167435.74,44217.06
Jordan,JOR,1995,8871.89,77191.87,22815.58,40244.23,139486.74,18178.69,6137.44,46483.72,58655.24,20558.66,166671.81,46273.39
Jordan,JOR,1996,9084.02,78941.85,23386.28,41219.63,143857.91,18496.63,6290.26,48117.57,60772.83,21034.13,166696.83,48708.37
Jordan,JOR,1997,9214.6,80489.47,23751.76,42021.81,145181.33,18798,6410.77,49653.96,62016.17,21365.8,166288.26,50241.61
Jordan,JOR,1998,9479.75,81948.76,24177.99,42945.9,146665.36,19092.33,6523.23,51249.15,63931.14,21934.57,168789.36,52196.18
Jordan,JOR,1999,9689.52,83447.52,24519.95,43799.91,147853.85,19386.83,6631.7,52853.27,65349.61,22408.85,167874.41,54168.08
Jordan,JOR,2000,9850.21,84972.51,24735.18,44761.42,147351.96,19699.07,6758.46,54555.1,66904.85,22770.4,167003.36,55693.13
Jordan,JOR,2001,10017.65,86648.89,25100.78,45715.29,150098.61,20057.91,6865.2,56340.8,68354.25,23157.96,165449.92,58137.45
Jordan,JOR,2002,10167.96,88617.18,25441.94,46833.44,151728.64,20498.17,7008.64,58330.08,70252.01,23541.38,164100.4,60550.86
Jordan,JOR,2003,10297.77,90949.26,25702.7,48227.49,150427.93,21025.75,7207.16,60736.41,72736.45,23911.67,163627.58,62231.57
Jordan,JOR,2004,10650.07,95987.37,26570.91,50821.34,154731.56,22178.25,7643.6,64499.73,77197.92,24861.11,167496.06,66256
Jordan,JOR,2005,11108.72,103805.9,27991.82,54675.26,160075.73,23979.89,8433.16,69663.67,81277.56,26050.31,173732.82,70861.63
Jordan,JOR,2006,11304.69,110023.8,29017.69,57837.45,163456.9,25432.28,9042.03,74424.68,84839.73,26764.81,178881.25,74493.48
Jordan,JOR,2007,11096.39,114195.56,29345.81,60169.67,159649.54,26472.75,9543.51,78638.5,86971.04,26695.58,180797.21,74983.87
Jordan,JOR,2008,11014.56,118768.29,29670.68,62763.42,157197,27603.77,10143.92,83343.53,88898.93,26940.75,183476.02,75803.36
Jordan,JOR,2009,11020.58,124184.93,30426.52,65730.51,159278.56,28893.69,10793.03,88656.18,92025.41,27418.02,186902.23,78757.31
Jordan,JOR,2010,11116.46,130166.06,31320.48,69002.72,163667.04,30186.37,11405.48,94319.51,96142.86,28099.04,189548,82810.87
Jordan,JOR,2011,11537.95,137682.82,32657.06,73113.39,171630.99,31787.02,12145.31,100975.1,101940.41,29355.5,195153.97,87201.64
Jordan,JOR,2012,12048.42,148035.66,34420.78,78405.69,180118.78,33988.37,13177.42,109331.1,108697.99,30961.61,203998.03,91964.08
Jordan,JOR,2013,12558.26,158521.97,36152.35,83773.12,189126.47,36177.16,14178.46,118108.35,115494.57,32592.03,213442.81,96919.68
Jordan,JOR,2014,13401.12,168019.44,38163.41,88960.53,202329.17,38122.06,15144.47,126700.06,123569.48,34733.5,224334.62,103264.35
Jordan,JOR,2015,14212.89,177793.61,40239.93,94270.91,215510.24,40115.66,16155.89,135626.42,131296.5,36884.09,234012.92,109615.84
Jordan,JOR,2016,15288.24,187304.96,42882.66,100405.39,232105.88,42166.65,17450.19,144930.64,141050.19,39480.12,245951.07,117819.25
Jordan,JOR,2017,16420.09,196920.8,45614.08,106590.85,249720.5,44179.91,18684.39,154495.22,151097.73,42152.05,256599.8,126829.37
Jordan,JOR,2018,17585.87,207704.21,48485.61,112420.85,269921.81,46180.19,19691.53,164227.19,161669.4,44872.33,261283.03,136959.71
Jordan,JOR,2019,18722.41,219636.93,51394.41,118078.8,290298.68,48131.75,20675.98,174228.61,172079.44,47550.93,267822.85,147534.91
Kazakhstan,KAZ,1990,67654.82,218372.98,190127.49,181835.03,1258052.24,92055.69,131853.97,194856.23,688531.93,176565.92,381856.29,119204.43
Kazakhstan,KAZ,1991,70811.89,217485.7,195476.58,184871.01,1342367,91524.93,133549.68,195474.88,687973.41,182684.57,383278.19,126486.65
Kazakhstan,KAZ,1992,75894.22,216206.15,204215.74,187452.73,1447850.22,90660.57,135556.28,195647.91,696490.87,191996.75,384847.28,136118.8
Kazakhstan,KAZ,1993,84637.15,214670.03,219365.53,189660.8,1616252.9,89577.34,138865.41,195486.61,721528.66,205563.78,384012.11,147235.85
Kazakhstan,KAZ,1994,92919.02,213068.29,230416.54,190630.88,1749143.18,88289.79,143048.11,194811.01,730743.06,217988.95,381108.58,155666.25
Kazakhstan,KAZ,1995,104057.35,211524.71,238614.46,191207.94,1864530.75,86909.8,149554.73,193806.52,737927.63,233555.42,377283.35,163490.89
Kazakhstan,KAZ,1996,111260.6,210401.78,235086.62,190922.11,1888846.84,85542.99,158823.66,193052.9,719683.9,241304.35,369943.47,166301.51
Kazakhstan,KAZ,1997,113574.64,210165.69,222581.78,189679.47,1860390.94,84194.87,170564.72,192674.72,689986.51,241559.31,366124.89,164363.78
Kazakhstan,KAZ,1998,113795.22,210392.18,207955.12,188329.79,1819046.64,82976.01,184960.73,192692.59,659731.02,238268.71,362320.82,161445.68
Kazakhstan,KAZ,1999,117061.31,211128.45,189705.51,187489.87,1798243.2,81940.15,201377.76,193114.05,636621.85,238413.44,363335.95,161369.86
Kazakhstan,KAZ,2000,127929.78,212083.66,191825.19,187346.03,1826433.44,81170.55,216211.2,193942.76,629419.1,251578.4,365553.8,159770.79
Kazakhstan,KAZ,2001,141216.4,213053.75,187119.65,188117.99,1855159.46,80631.27,223782.33,195127.35,624495.94,265766.72,368180.94,159597.6
Kazakhstan,KAZ,2002,155085.52,214341.33,185554.63,188857.8,1898125.12,80307.43,229676.77,196709.63,622035.84,279615.57,370437.44,159024.35
Kazakhstan,KAZ,2003,172895.47,215876.83,183455.52,190751.28,1960923.14,80242.66,236457.17,198553.35,623816.13,298036.41,372224.35,158990.07
Kazakhstan,KAZ,2004,190411.57,217702.53,175107.59,192670.68,1981602.6,80340.27,246393.07,200554.07,621123.03,315212.43,374219.5,159447.69
Kazakhstan,KAZ,2005,208602.78,219679.15,172606.05,195190.79,2022679.75,80695.62,253037.19,202816.54,626995.3,334539.14,379463.43,160679.85
Kazakhstan,KAZ,2006,222774.65,221701.17,170091.59,197224.92,2029330.6,81267.37,256316.55,205448.47,628266.44,349004.62,383264.32,162777.36
Kazakhstan,KAZ,2007,231209.28,223632.4,168403.27,198198.29,1993457.39,81997.22,252129.71,208283.82,623354.09,355841.65,385567.23,164340.51
Kazakhstan,KAZ,2008,227417.71,225569.27,165607.13,197612.27,1888590.34,82916.33,243733.87,211334.62,606931.34,348621.55,385105.14,164192.21
Kazakhstan,KAZ,2009,226747.31,227680,167539.74,197492.97,1790239.51,83981.23,236317.06,214702.38,596132.97,345592.95,387300.13,166150.37
Kazakhstan,KAZ,2010,240303.29,230005.78,175088.02,199043.43,1769268.28,85210.22,231812.3,218228.33,603691.71,359828.13,388903.46,171800.69
Kazakhstan,KAZ,2011,253631.56,232890.29,187443.48,200579.91,1719592.27,86561.06,225576.96,222080.95,604101.46,372740.45,386968.26,177250.44
Kazakhstan,KAZ,2012,260647.09,236066.22,199351.6,202396.24,1664661.25,88049.57,217810.42,226023.77,604064.27,378347.81,384731.53,184604.55
Kazakhstan,KAZ,2013,246640.76,239461,201649.2,204012.22,1588951.42,89543.71,207177.08,230121.8,588283.43,357941.35,379816.36,191967.5
Kazakhstan,KAZ,2014,238087.16,242797.93,208400.37,206395.72,1520373.64,91136.24,199431.75,234520.62,580884.36,346067.7,376508.83,200141.45
Kazakhstan,KAZ,2015,231200.5,246073.56,218730.43,208785.21,1472167.84,92768.46,195328.53,239233.1,576948.29,337239.87,374073.24,209869.33
Kazakhstan,KAZ,2016,224120.52,249159.23,232864.25,211073.59,1431840.78,94367.31,196612.29,244377.51,580236.28,330022.39,370597.42,222826.7
Kazakhstan,KAZ,2017,219548.41,252130.64,258876.82,214752.72,1365268.64,95972.33,194480.49,250264.98,580897.33,325252.14,368282.28,241760.28
Kazakhstan,KAZ,2018,217873.68,255103.03,247687.75,217142.06,1408842.61,97432.81,203883.39,255480.41,593257.28,325102.49,368782.15,237439.19
Kazakhstan,KAZ,2019,217820,258114.41,242742.85,220364.98,1422245.68,98843.88,212840.12,262117.07,600610.47,326980.87,367803.41,233853.45
Kenya,KEN,1990,174630.06,305796.77,153497.17,166989.68,423379.7,122217.65,25347.32,165229.03,236439.29,319398.05,623419.02,130326.44
Kenya,KEN,1991,180654.33,316375.73,156212.19,170784.82,438159.25,126501.49,26337.5,171343.74,243968.77,327946.5,619200.18,135485.74
Kenya,KEN,1992,186752.84,327358.8,159314.31,174870.99,454342.67,130775.43,27377.67,177666.7,251809.53,336854.95,616320.99,141126.67
Kenya,KEN,1993,191397.42,338821.38,161812.85,179219.43,468603.05,134998.4,28436.07,184134.87,258497.46,343661.99,613297.51,146330.56
Kenya,KEN,1994,196390.25,350595.58,164599.04,184078.5,482391.79,139144.85,29506.42,190741.33,265883.69,350947.44,611588.5,151612.2
Kenya,KEN,1995,201854.96,362704.62,167489.74,189452.92,495881.63,143199.74,30644.6,197473.78,273557.97,359068.06,612690.02,157038.36
Kenya,KEN,1996,207876.84,375667.52,170789.28,195545.76,510539.48,147164.64,31859.43,204431.07,281730.68,368227.98,617337.71,163092.65
Kenya,KEN,1997,215066.07,389614.9,175092.59,202220.35,530386.41,151080.29,33156.08,211608.69,292190.47,379274.86,623753.31,170492.44
Kenya,KEN,1998,223160.6,404171.14,179934.17,209352.58,553182.5,154950.71,34535.9,218987.47,303738.68,391990.58,630474.5,179070.28
Kenya,KEN,1999,229863.15,418681.08,184603.3,216486.21,572830.77,158815.42,35933.92,226549.74,314115.74,402260.58,638059.99,186652.73
Kenya,KEN,2000,241372.42,432624.81,191917.98,224529.96,602906.25,162981.41,37507.25,234386.42,331854.89,420572.03,657301.57,197554.72
Kenya,KEN,2001,250883.08,446030.13,198433.66,231887.99,629139.47,166925.63,39107.7,242603.09,343885.7,434801.16,668539.53,207037.52
Kenya,KEN,2002,265460.49,459333.34,207563.65,240198.23,666644.07,171090,40938.62,251303.93,366436.82,456936.94,688132.28,219950.01
Kenya,KEN,2003,281776.2,472639.62,217003.32,249183.67,701007.83,175421.51,42867.52,260388.33,393735.33,482398.65,710687.75,234522.43
Kenya,KEN,2004,295104.53,486090.86,227685.83,256848.67,739599.95,179859.01,44670.53,269670.74,414720.02,502866.38,727614.57,243964.67
Kenya,KEN,2005,309487.88,499912.2,236728.18,264581.02,770617.53,184714.61,46386.59,279154.03,436026.83,525114.63,750404.08,252832.77
Kenya,KEN,2006,322042.02,513805.26,244708.75,272573.23,797159.77,189926.4,48090.09,289079.27,460078.29,545393.68,771667.32,261557.61
Kenya,KEN,2007,334470.93,527672.76,252405.87,280656.9,820455.94,195383.04,49780.88,299561.55,482097.22,565367.54,793039.81,270488.94
Kenya,KEN,2008,346256.77,541753.48,258963.45,288596.44,841953.38,200895.62,51478.09,310478.28,503449.2,583783.62,807391.01,279041.19
Kenya,KEN,2009,357476.82,556512.86,266232.48,297263.73,865313.43,206593.29,53204.85,321975.71,529447.58,601660.31,828563.18,289016.8
Kenya,KEN,2010,369250.49,572349.01,273599.25,306877.27,887341.88,212544.13,54878.97,333930.62,565702.69,620284.46,857977.92,300593.55
Kenya,KEN,2011,377422.42,589060.99,281388.35,317290.76,914722.41,218501.58,56532.02,346651.11,587768.81,640102.35,883737.83,312927.62
Kenya,KEN,2012,381350.33,606089.04,286294.68,326942.02,935734.27,224137.7,58000.17,359940.83,603624.45,651119,891468.82,322704.19
Kenya,KEN,2013,383470.66,623530,290880.28,336721.36,952793.55,229830,59375.81,373832.28,619825.96,659810.32,900672.77,332006.19
Kenya,KEN,2014,385944.17,641612.54,295650.3,346672.94,973483.47,235547.42,60843.94,388118.01,635059.09,668805.34,907498.91,342036.27
Kenya,KEN,2015,388221.37,660764.33,299926.28,356703.61,993679.55,241219.68,62541.61,402785.99,648856.52,676569.72,907253.33,352088.69
Kenya,KEN,2016,392589.88,680988.94,306846.8,368673.2,1016153.33,247479.02,64860.55,417711.88,665653.94,688491.63,906174.8,362637.18
Kenya,KEN,2017,404283.13,701991.94,315748.56,381334.22,1042888.16,254185.68,67444.01,433103.23,688345.8,705964.63,912446.32,374549.98
Kenya,KEN,2018,414296.72,723857.11,322742.95,392454.03,1075990.25,259283.69,70050.54,449304.21,715335.75,720871.27,915959.66,388850.53
Kenya,KEN,2019,424115.64,746593.15,330427.06,403690.45,1110641.01,264554.77,73042.24,466194.43,742113.02,735858.93,920761.44,404224.21
Kiribati,KIR,1990,913.76,929.25,2029.61,834.73,8075.29,512.71,141.63,949.73,2689.71,1753.13,2368.72,2642.17
Kiribati,KIR,1991,928.58,944.98,2060.21,849.12,8250.22,522.57,144.2,969.11,2748.76,1783.31,2393.97,2797.55
Kiribati,KIR,1992,935.07,959.14,2078.12,861.26,8382.39,531.91,145.55,985.04,2794.12,1800.97,2411.3,2952.71
Kiribati,KIR,1993,937.18,971.74,2085.76,870.98,8481.08,540.33,146.76,999.74,2822.57,1811.06,2411.02,3109.18
Kiribati,KIR,1994,925.91,984.22,2063.31,877.99,8434.97,548.64,147.25,1013.45,2818.72,1797.07,2395,3226.88
Kiribati,KIR,1995,917.25,998.1,2046.27,886.51,8416.32,556.94,148.09,1028.98,2833.17,1788.37,2377.26,3360.16
Kiribati,KIR,1996,921.79,1014.16,2051.32,900.03,8512.72,567.28,149.86,1049.38,2879.8,1802.19,2386.77,3518.87
Kiribati,KIR,1997,929.87,1030.84,2071.67,915.68,8668.41,577.9,152.2,1073.54,2943.29,1824.46,2405.38,3702.04
Kiribati,KIR,1998,933.76,1049.76,2082.71,932.09,8797.94,589.12,154.55,1100.28,3006.69,1838.31,2419.67,3888.02
Kiribati,KIR,1999,939.32,1069.79,2111.07,953.25,8967.33,601.74,157.67,1128.26,3091.55,1858.25,2486.12,4100.86
Kiribati,KIR,2000,936.19,1091.93,2114.48,973.03,9036.99,614.78,160.25,1156.26,3152.23,1859.91,2515.88,4314.04
Kiribati,KIR,2001,926.58,1115.31,2116.96,989.56,9105.1,628.18,162.53,1185.64,3200.63,1849.35,2536.27,4488.61
Kiribati,KIR,2002,918.16,1139.47,2116.22,1006.5,9152.65,642.12,165.42,1217.45,3247.08,1837.24,2540.75,4682.92
Kiribati,KIR,2003,911.82,1164.92,2113.95,1024.98,9200.08,656.2,169.1,1250.96,3299.41,1824.22,2551.73,4893.94
Kiribati,KIR,2004,904.47,1191.49,2105.88,1042.6,9237.09,671.08,173.04,1285.72,3341.26,1808.48,2541.73,5117.41
Kiribati,KIR,2005,900.44,1219.14,2106.88,1062.14,9289.61,685.78,177.35,1321.65,3390.06,1800.15,2553.4,5341.88
Kiribati,KIR,2006,913.06,1248.47,2137.52,1083.04,9493.94,696.84,182.76,1360.2,3474.47,1819.46,2552.95,5356.76
Kiribati,KIR,2007,935.02,1277.63,2186.59,1108.33,9728.61,708.82,188.39,1400.46,3584.09,1856.05,2604.78,5396.1
Kiribati,KIR,2008,955.34,1307.27,2233.76,1132,9990.05,719.55,194.1,1441.38,3693.83,1887.57,2614.35,5450.02
Kiribati,KIR,2009,972.64,1335.04,2269.3,1151.69,10209.01,730.05,199.23,1480.37,3781.35,1915.06,2608.4,5483.76
Kiribati,KIR,2010,986.16,1361.04,2296.4,1170.02,10398.23,739.96,204.1,1516.12,3859.52,1936.28,2607.58,5507.47
Kiribati,KIR,2011,993.75,1383.77,2315.23,1186.16,10569.39,749.23,207.57,1549.3,3926.61,1949.16,2602.54,5587.31
Kiribati,KIR,2012,1000.25,1405.17,2329.25,1199.47,10739.96,757.92,211.19,1579.96,3982.89,1958.47,2563.79,5673.23
Kiribati,KIR,2013,1005.23,1425.06,2346.01,1213.81,10903.2,766.94,213.72,1610.01,4040.09,1967.64,2555.06,5759.06
Kiribati,KIR,2014,1005.85,1444.16,2359.37,1227.44,11052.98,775.32,216.34,1637.96,4087.53,1969.63,2540.89,5843.15
Kiribati,KIR,2015,1010.26,1462.63,2366.99,1243.81,11203.4,784.77,219.08,1666.77,4152.89,1975.32,2536.19,5949.46
Kiribati,KIR,2016,1020.26,1480.66,2382.42,1265.33,11363.52,794.79,223.92,1696.69,4239.74,1990.66,2531.18,6083.26
Kiribati,KIR,2017,1034.18,1501.43,2398.85,1287.06,11520.49,804.81,228.79,1727.46,4322.88,2013.18,2521.18,6209.22
Kiribati,KIR,2018,1041.4,1522.53,2415.82,1311.06,11698.83,815,233.22,1759.21,4412.05,2021.94,2524.13,6380.24
Kiribati,KIR,2019,1047.69,1545.79,2428.69,1335.17,11848.53,825.16,237.27,1793.21,4489.11,2030.22,2529.51,6539.28
Kuwait,KWT,1990,2212.23,31813.29,6473.44,17479.06,44366.15,6846.74,3033.71,22578.12,18245.28,6214.73,50334.76,13971.25
Kuwait,KWT,1991,1949.12,31477.86,6149.89,17076.83,40556.33,6708.27,2975.68,22501.7,16345.83,5720.36,42359.86,13321.86
Kuwait,KWT,1992,1776.8,31075.43,5974.51,16853.7,38055.75,6555.04,2913.09,22369.81,15504.31,5453.87,43770.39,13041.51
Kuwait,KWT,1993,1844.97,30639.32,5992.05,16688.58,39933.02,6410.65,2932.98,22325.88,16065.26,5484.81,40389.66,13475.06
Kuwait,KWT,1994,1941.71,30240.06,6045.5,16795.97,43107.64,6288.29,2926.85,22236.5,16773.35,5667.76,43474.57,14475.26
Kuwait,KWT,1995,2157.48,30757.37,6186.8,17179.75,46489.36,6370.71,2975.73,22686.86,17488.92,5971.42,42140.47,15573.19
Kuwait,KWT,1996,2189.93,32287.37,6330.98,17975.73,46057.29,6664.96,3160.14,23861.39,17654.35,6095.03,42267.9,16612.33
Kuwait,KWT,1997,2518.53,33464.64,6643.58,18738.56,51983.21,6885.26,3347.21,24904.97,19345.04,6624.48,46231.07,18451.77
Kuwait,KWT,1998,2587.13,34196.22,6647.74,19030.95,51081.29,7003.53,3381.78,25822.94,19538.52,6689.92,43207.52,19092.37
Kuwait,KWT,1999,3000.75,35110.67,6887.44,19588.64,56725.05,7159.79,3511.79,26765.78,20901.69,7284.67,44290.27,20881.65
Kuwait,KWT,2000,3103.31,36205.6,7115.51,20327.44,56995.14,7345.47,3589.53,27810.76,21555.02,7529.11,44870.94,21741.39
Kuwait,KWT,2001,2945.81,37332.74,7140.53,20857,53284.45,7547.19,3532.17,28938.15,20911.06,7393.56,43350.83,21383.98
Kuwait,KWT,2002,3216.59,38526.34,7492.15,21663.74,58394.39,7758.6,3619.26,30086.79,22163.22,7876.32,46776.33,22804.11
Kuwait,KWT,2003,3285.97,40108.37,7618.6,22316.12,59658.99,8037,3699.47,31531.2,22383.02,8061.9,48435.83,23366.07
Kuwait,KWT,2004,3595.89,42201.63,7925.88,23434.94,63041.82,8403.35,3966.72,33358.53,23456.62,8693.24,49952.9,24264.13
Kuwait,KWT,2005,3980.34,44674.27,8363.48,24682.21,67891.29,8839.27,4222.41,35458.16,24894.52,9423.13,51668.31,25013.87
Kuwait,KWT,2006,4230.16,47473.04,8793.67,26171.96,71957.46,9331.62,4601.8,37926.05,26492.06,9990.95,54206.36,26044.83
Kuwait,KWT,2007,4268.44,50248,9220.48,27553.89,73707.72,9818.57,4957.54,40628.25,27682.02,10322.54,56757.32,27032.3
Kuwait,KWT,2008,4867.31,52954.4,9942.75,29116.75,84549.02,10286.66,5431.8,43445.8,31248.06,11432.34,60869.94,29076.85
Kuwait,KWT,2009,4652.04,55998.41,10276,30552.32,82085.26,10802.39,5797.17,46511.16,31268.27,11496.69,65571.8,29348.88
Kuwait,KWT,2010,4213.39,59469.16,10387.73,31890.15,76184.42,11388.67,6174.66,49797.36,30061.79,11256.15,65964.14,28964.34
Kuwait,KWT,2011,4014.84,63163.92,10726.75,33583,75055.45,12007.32,6585.85,53132.57,30091.39,11393.47,66957.15,29422.44
Kuwait,KWT,2012,4212.42,66956.03,11251.83,35412.62,79463.76,12618.44,7041.89,56439.49,31886.42,12055.65,69299.87,30880.89
Kuwait,KWT,2013,4148.62,70789.15,11725.26,37163.57,81520.46,13240.01,7380.07,59819.48,33084.25,12436.18,72419.9,31982.39
Kuwait,KWT,2014,4172.62,74617.59,12213.26,39034.8,83179.31,13854.69,7732.38,63287.08,34708.8,12912.76,76584.57,33408.55
Kuwait,KWT,2015,4563.98,78384.78,12833.08,40994.3,89141.25,14447.54,8121.87,66974.48,36492.83,13739.85,81265.69,35788.01
Kuwait,KWT,2016,4926.77,81981.32,13560.18,43154.64,94964.11,15037.74,8677.05,71090.31,38864.84,14593.4,82531.82,38194.63
Kuwait,KWT,2017,5301.53,85509.62,14306.57,45209.66,101072.32,15614.74,9184.58,75326.37,41551.07,15482.15,85027.52,40937.55
Kuwait,KWT,2018,5678.5,89227.79,15085.44,47258.88,107273.86,16191.6,9494.44,79564.64,44538.7,16369.65,87759.91,44886.11
Kuwait,KWT,2019,6083.02,93074.6,15859.54,49271.51,113735.23,16751.49,9770.25,83852.22,47674.57,17317.52,90762.37,49967.77
Kyrgyzstan,KGZ,1990,34946.07,57027.18,68012.64,50953.54,287923.97,26822.45,32710.62,46754.06,128703.41,55476.86,105698.7,34081.89
Kyrgyzstan,KGZ,1991,36944.2,57981.82,69704.88,52428.82,299964.46,27212.09,34758.12,47577.85,130142.36,57758.14,103732.21,35910.06
Kyrgyzstan,KGZ,1992,38523.41,58890.44,71233.02,54023.38,312060.99,27597.91,36921.07,48302.09,129237,59565.7,101744.34,37186.06
Kyrgyzstan,KGZ,1993,42826.47,59825.92,75627.78,55624.71,341914.86,27948.37,40822.31,49053.71,131988.56,64782.49,99942.86,39923.73
Kyrgyzstan,KGZ,1994,48841.45,60719.81,80845.35,57233.71,372684.54,28260.21,44395.1,49753.4,135212.32,71600.9,99024.86,43042.92
Kyrgyzstan,KGZ,1995,52573.82,61620.3,81180.08,58413.29,379782.21,28494.45,46401.59,50366.21,132233.06,75490.2,98715.53,44514.89
Kyrgyzstan,KGZ,1996,52878.32,62581.37,78446.25,59346.33,366109.66,28720.71,46717.1,50970.83,124167.07,75509.46,100076.94,43896.31
Kyrgyzstan,KGZ,1997,53950.02,63570.86,76382.47,59574.35,359273.44,28910.97,46578.33,51634.53,117832.16,76299.87,100162.39,42873.32
Kyrgyzstan,KGZ,1998,54455.8,64644.14,74776.57,60634.6,358534.84,29121.34,46715.27,52402.57,113219.76,76450.35,100892.95,42770.78
Kyrgyzstan,KGZ,1999,55041.08,65656.02,72767.28,62031.27,354935.71,29268.65,46507.22,53154.67,107707.87,76803.51,102461.16,42245.92
Kyrgyzstan,KGZ,2000,58656.88,66666.83,74249.97,63874.34,376586.03,29418.49,46287.55,53964.76,104153.05,80676.25,104672.24,43003.84
Kyrgyzstan,KGZ,2001,61143.43,67636,73559.34,64931.1,384458.58,29600.58,45937.95,54929.22,101914.88,82944.4,107247.34,43000.92
Kyrgyzstan,KGZ,2002,65305.39,68568.31,74001.77,65727.95,393659.43,29699.16,45540.54,55950.2,102153.38,86954.82,109153.72,44088.89
Kyrgyzstan,KGZ,2003,69962.36,69521.76,74107.72,66226.3,404409.81,29810.74,45977.29,57003.97,103819.06,91470.57,111920.67,44188.16
Kyrgyzstan,KGZ,2004,72739.92,70459.49,70263.15,66024.5,400042.08,29916.39,46075.01,58019.22,102792.47,94220.08,114256.99,43848.93
Kyrgyzstan,KGZ,2005,77230.68,71425.94,67919.33,66396.69,408492.52,30046.94,46360.59,59040.74,103795.57,98843.64,117173.99,43717.7
Kyrgyzstan,KGZ,2006,83696.18,72302.84,66605.66,66641.7,422936.69,30294.95,47281.27,60197.49,107084.15,105624.42,120220.46,44946.81
Kyrgyzstan,KGZ,2007,86118.72,73086.48,62927.04,66163.71,421518.78,30493.92,46767.35,61189.12,107694.58,107974.43,121537.79,44559.63
Kyrgyzstan,KGZ,2008,85361.33,73858.47,58739.51,66251.76,412106.95,30793.6,46224.71,62184,107375.55,106878.16,120624.28,43758.47
Kyrgyzstan,KGZ,2009,82316.41,74701.76,53855.38,66003.21,394041.04,31144.78,45335.05,63206.51,105764.98,103501.41,120383.61,42782.77
Kyrgyzstan,KGZ,2010,82914.26,75660.55,50590.6,66312.63,388617.33,31564.9,44967.15,64376.13,107551.52,104352.88,120863.21,42587.54
Kyrgyzstan,KGZ,2011,83416.31,76743.46,47782.6,67080.56,387073.56,32078.43,44252.27,65635.72,110714.47,104937.97,120712.38,42593.89
Kyrgyzstan,KGZ,2012,82830.12,77844.02,45563.67,67665.2,382764.03,32672.77,43236.31,66912.91,112460.23,104476.26,121870.23,42814.84
Kyrgyzstan,KGZ,2013,81898.49,79011.62,43572.9,68696.2,375089.65,33328.05,42229.32,68193.17,114457.27,103709.08,124288.59,43435.82
Kyrgyzstan,KGZ,2014,79832.08,80160.38,42805.69,69637.95,371252.08,33985.93,41793.46,69561.44,116528.29,101851.48,124533.2,43929.82
Kyrgyzstan,KGZ,2015,77830.23,81396,42505.46,70406.65,374023.12,34589.89,41531.42,71046.98,119192.23,99994.53,123774.87,44553.31
Kyrgyzstan,KGZ,2016,73441.69,82593.75,41401.77,70986.55,360038.24,35198.59,41667.71,72543.35,117757.91,95471.16,121591.8,44554.35
Kyrgyzstan,KGZ,2017,73936.44,83800.83,41681.29,71784.56,364421.26,35818.04,42684.48,74201.5,120235.95,96402.53,119539.14,45701.19
Kyrgyzstan,KGZ,2018,75867.84,85134.31,43201.08,72957.91,366036.45,36412.09,44515.49,75888.88,122022.64,98865.09,120154.47,47312.76
Kyrgyzstan,KGZ,2019,77751.71,86536.15,44911.31,73990.45,373500.21,36967.94,46147.85,77668.17,125237.66,101282.9,120518.87,48905.32
Laos,LAO,1990,33203.06,51812.78,91297.53,38550.11,214400.33,25969.07,8726.68,49147.06,108563.18,77567.62,227067.35,77609.71
Laos,LAO,1991,33731.23,53415.81,91401.9,39476.36,218536.73,26714.84,8994.55,50554.04,109972.07,78485.71,228546.36,79103.63
Laos,LAO,1992,34328.29,55025.28,91621.22,40459.13,223077.82,27509.78,9280.16,52019.56,111658.95,79570.47,230081.85,81000.18
Laos,LAO,1993,34843.13,56563.08,91795.65,41463.57,227792.03,28267.9,9549.58,53455.55,113147.99,80525.77,231537.39,82784.22
Laos,LAO,1994,35231.5,58050.54,91750.11,42463.6,232406.71,28992.33,9804.22,54902.3,114450.77,81239.73,232635.61,84423.63
Laos,LAO,1995,35627.44,59598.29,91798.12,43483.89,237546.45,29745.19,10075.23,56439.55,115998.04,81971.28,233793.35,86148.71
Laos,LAO,1996,35753.05,61050.32,91248.24,44482.28,241840.78,30507.1,10314.25,57996,116781.36,82112.75,234875.15,87529.62
Laos,LAO,1997,35909.31,62305.69,90773.86,45579.08,246874.24,31275.22,10583.68,59654.98,117785.27,82271.86,235595.44,89090.09
Laos,LAO,1998,36067.59,63521.73,90271.92,46660.86,252710.43,32055.29,10866.53,61358.1,118784.94,82412.26,235841.58,90688.42
Laos,LAO,1999,36016.61,64775.79,89525.26,47781.78,258844.96,32827,11113.3,63108.6,119606.4,82053.83,235258.76,92065.48
Laos,LAO,2000,35617.17,66226.79,87908.88,48765.69,265350.09,33579.47,11149.19,64896.73,119176.29,80971.51,233589.37,92684.8
Laos,LAO,2001,35678.12,67885.7,87217.3,49844.71,274767.91,34307.05,11169.65,66785.12,120423.91,80762.68,232573.99,94446.31
Laos,LAO,2002,35385.24,69665,86072.56,50913.21,278754.59,35011.85,11167.87,68691.67,120582.11,79826.43,231256.27,95164.99
Laos,LAO,2003,35280.32,71419.34,84964.46,51936.58,283572.89,35663.53,11257.13,70636.73,120913.71,79207.84,226931.95,96265.1
Laos,LAO,2004,35290.78,73157.04,83643.41,52842.79,287225.46,36280.51,11378.8,72648.08,121124.08,78689.6,220745.15,97258.07
Laos,LAO,2005,35622.33,74908.13,82713.94,53902.09,291825.85,36910.13,11567.28,74727.32,122080.54,78769.41,215976.57,98831.24
Laos,LAO,2006,35966.01,76591.83,81799.44,54956.18,295727.49,37578.37,11771.36,76922.89,122996.89,78986.17,211044.22,100117.69
Laos,LAO,2007,36333.74,78131.13,80669.81,55938.15,298187.05,38204.43,11954.75,79088.87,123847.65,79034.66,205374.25,101339.71
Laos,LAO,2008,37117.63,79578.64,81474.28,57119,302193.78,38826.6,12147.29,81295.94,126965.66,80224.54,205586.07,103531.34
Laos,LAO,2009,37698.33,81048.51,80890.82,58152.16,304467.49,39373,12339.09,83527.59,128446.78,80638.28,200831.28,104704.44
Laos,LAO,2010,38030.11,82588.26,80030.94,59181.03,305669.65,39885.04,12515.02,85858.18,129221.87,80526.61,194697.23,105582.9
Laos,LAO,2011,38384.4,84284.15,79293.54,60246.05,306319.27,40401.7,12695.63,88247.83,130200.92,80474.69,188906.16,106708.31
Laos,LAO,2012,38726.02,86109.49,79064.81,61380.15,308437.51,40912.73,12846.74,90670.42,131705.63,80528.71,184380.07,108140.19
Laos,LAO,2013,39434.52,87995.76,79243.15,62599.22,313112.51,41425.57,13040.3,93240.32,134410.9,81237.01,180761.67,110640.24
Laos,LAO,2014,40337.23,89809.84,79681.11,63856.36,318180.96,41955.81,13268.11,95839.49,137677.51,82261.76,176200.96,113433.21
Laos,LAO,2015,41145.8,91579.1,80496.73,65173.94,324165.98,42459.62,13525.35,98508.78,141302.94,83255.83,173031.36,116488.73
Laos,LAO,2016,41950.59,93132.78,81144.3,66568.63,330085.53,42969.79,13855.53,101168.25,144781.81,84190.53,169875.35,119511.92
Laos,LAO,2017,42919.97,94647.99,81720.08,67940.59,336609.52,43471.79,14213,103907.54,147927.04,85433.3,165762.59,122066.97
Laos,LAO,2018,43408.75,96297.55,83074.31,69270.72,344715.24,44004.17,14476.58,107497.85,152177.27,85934.94,163654.48,125696.75
Laos,LAO,2019,43902.92,98155.87,84578.74,70563.95,353421.78,44548.59,14732.11,111983.17,156166.27,86469.74,161544,129669.3
Latin America & Caribbean (WB),NA,1990,2871110.38,7185225.08,3742341.67,4896246.51,16678092.32,2419899.93,2066492.97,6483057.75,10543660,6469848.18,12373506.29,5452926.64
Latin America & Caribbean (WB),NA,1991,2886138.58,7354007.86,3777976.65,4974574.21,16608312.11,2459369.37,2113139,6694698.79,10676002.19,6481049.6,12245893.93,5598119.08
Latin America & Caribbean (WB),NA,1992,2937037.63,7529997.09,3859667.8,5065706.82,16837670.64,2500574.06,2163428.57,6914036.13,10954305.02,6547315.85,12173129.53,5813973.19
Latin America & Caribbean (WB),NA,1993,3018162.27,7709618.96,3959260.58,5163844.79,17135853.51,2542791.69,2220058.88,7134933.54,11266901.56,6639244.76,12132742.21,6055894.82
Latin America & Caribbean (WB),NA,1994,3064405.82,7891240.95,4018961.03,5261136.82,17184139.29,2584778.25,2271461.26,7352496.85,11511257.22,6674433.12,12089805.23,6263074.55
Latin America & Caribbean (WB),NA,1995,3093070.6,8071629.02,4094841.2,5361581.13,17257775.27,2626711.5,2315641.64,7564116.3,11762617.39,6693621.03,12071999.69,6497574.34
Latin America & Caribbean (WB),NA,1996,3108851.71,8286081.61,4169314.5,5464041.53,17339237.06,2673399.95,2367981.29,7770912.34,12038223.32,6707693.54,12049353.62,6712172.96
Latin America & Caribbean (WB),NA,1997,3141360.84,8554514.21,4202817.82,5569961.23,17245566.91,2723204.84,2445452.83,7978497.93,12266528.75,6711820.99,12035182.56,6938005.68
Latin America & Caribbean (WB),NA,1998,3192360.18,8851253.94,4266579.96,5683666.29,17399916.47,2775266.04,2527326.56,8190301.01,12598758.19,6758184.85,12041797.86,7246466.01
Latin America & Caribbean (WB),NA,1999,3191533.27,9146627.9,4295243.4,5797667.93,17436945.58,2826690.64,2588547.08,8403857.25,12867830.02,6739796.74,12068064.08,7525363.7
Latin America & Caribbean (WB),NA,2000,3194418.68,9409517.88,4278994.63,5915092.94,17346628.4,2873119.39,2638078.04,8620419.86,13080878.69,6742464.05,12111485.97,7763216.77
Latin America & Caribbean (WB),NA,2001,3212577.87,9654907.64,4307304.53,6043796.92,17442532.48,2918120.74,2674182.6,8845896.58,13352394.19,6782681.77,12178382.12,8032089.95
Latin America & Caribbean (WB),NA,2002,3261575.34,9910482.18,4357439.55,6183673.56,17728035.64,2964415.87,2703432.16,9080869.13,13749029.72,6878962.54,12278575.78,8395522.42
Latin America & Caribbean (WB),NA,2003,3310114.15,10163640.6,4398944.53,6325285.28,17973165.82,3008675.46,2736120.54,9318979.88,14071274.91,6980337.95,12415657.19,8753739.26
Latin America & Caribbean (WB),NA,2004,3315725.4,10402739.67,4413532.24,6454327.86,18077826.86,3050264.55,2771786.04,9554311.65,14292489.9,7024787.83,12495606.47,9017584.16
Latin America & Caribbean (WB),NA,2005,3342188.68,10613600.68,4414708.77,6581957.95,18110977.68,3089572.09,2812227.47,9789880.04,14494825.74,7096483.26,12551270.5,9314802.9
Latin America & Caribbean (WB),NA,2006,3361247.82,10771761.24,4442147.6,6722777.74,18321621.5,3127262.51,2853362.63,10012934.44,14780854.63,7169584.25,12606455.06,9579533.55
Latin America & Caribbean (WB),NA,2007,3399370.79,10882534.88,4483778.3,6869436.86,18567039.56,3160977.17,2898550.33,10215906.7,15069318.37,7260241.54,12657966.83,9882797.51
Latin America & Caribbean (WB),NA,2008,3482173.03,10971794.74,4542725.64,7027693.87,18918853.02,3195546.63,2942635.07,10418766.55,15461417.3,7415140.25,12703546.96,10301580.69
Latin America & Caribbean (WB),NA,2009,3556325.7,11066928.69,4625985.05,7187920.17,19358474.05,3232505.65,2986302.83,10630006.81,15928004.61,7576991.32,12767759.6,10726953.55
Latin America & Caribbean (WB),NA,2010,3556738.37,11196887.88,4674221.25,7329579.05,19510024.57,3271249.84,3024288.95,10858885.42,16141406.23,7634215.01,12829264.08,10967646.05
Latin America & Caribbean (WB),NA,2011,3583477.67,11331410.78,4718169.91,7471328.16,19675929.34,3313879.41,3068363.38,11118133.57,16369799.74,7716623.96,12895426.49,11276996.91
Latin America & Caribbean (WB),NA,2012,3627035.38,11435292.37,4772263.18,7618310.41,19892297.75,3357950.93,3105939.02,11398061.16,16663988.87,7819724.69,12957302.54,11636218.68
Latin America & Caribbean (WB),NA,2013,3717978.51,11527630.67,4859968.76,7776962.74,20268858.62,3404066.87,3151591.14,11689053.3,17029530.12,7988970.55,13019267.9,12107799.73
Latin America & Caribbean (WB),NA,2014,3762931,11628383.43,4923130.64,7926761.95,20554011.05,3450417.34,3195318.61,11979634.21,17316074.55,8098453.92,13037022.22,12504664.53
Latin America & Caribbean (WB),NA,2015,3828802.4,11757889.58,5012305.05,8078211.4,20972899.96,3496480.81,3233334.42,12249932.35,17672429.39,8238437.98,13025973.67,12892542.76
Latin America & Caribbean (WB),NA,2016,3950663,11919121.76,5134427.42,8265760.47,21604736.71,3534184.55,3266442.62,12482395.43,18174374.59,8453802.36,13011188.81,13463765.04
Latin America & Caribbean (WB),NA,2017,4045136.71,12076174.05,5223645.59,8443702.69,22003007.84,3562815.77,3300231.86,12709140.29,18506964.94,8616502.84,12958313.33,13966417.55
Latin America & Caribbean (WB),NA,2018,4144547.17,12225034.2,5344132.14,8582599.57,22405737.04,3595295.12,3333555.22,12992670.6,18859074.04,8770847.57,12917226.41,14346569.63
Latin America & Caribbean (WB),NA,2019,4239352.71,12376874.95,5497868.9,8721912.98,22931413.52,3633480.84,3340377.42,13321549.09,19286933.41,8911607.18,12927372.15,14745943.21
Latvia,LVA,1990,7817.57,50041.58,24359.07,38184.95,370390.63,10802.84,30557.39,46146.14,151224.72,30335.21,60607.12,15486.44
Latvia,LVA,1991,8495.57,49833.81,23529.11,38450.68,375129.39,10780.68,32425.69,46168.7,151696.39,31276.79,60697.76,16098.4
Latvia,LVA,1992,9343.34,49569.92,22970.04,38812.53,390047.29,10734.41,34418.31,46182.45,154549,32568.71,59828.8,16852.67
Latvia,LVA,1993,11876.54,49184.06,23753.34,39477.7,441230.95,10683.69,37660.01,46222.32,170318.95,36942.8,58395.38,18469.66
Latvia,LVA,1994,14378.62,48662.27,24093.29,39963.29,478244.14,10582.82,40461.12,46086.69,182240.88,40779.39,56634.12,19811.5
Latvia,LVA,1995,14330.04,48159.44,21860.13,39518.83,445065.58,10396.11,39970.96,45738.61,169119.78,39597.38,54664.31,19529.96
Latvia,LVA,1996,12160.38,47637.29,18716.87,38620.42,382703.56,10191.38,37655.08,45417.47,145544.69,35367.34,52479.04,18511.77
Latvia,LVA,1997,11866.51,47141.54,17669.37,38638.75,365411.05,10013.49,36437.47,45297.98,140541.19,34713.34,51304.41,18586.7
Latvia,LVA,1998,13092.74,46641.04,17360.39,38979.49,378019.65,9957.35,37215.73,45199.91,147380.54,36733.31,51023.19,19443.6
Latvia,LVA,1999,12620.85,46116.88,16234.51,38574.57,356383.08,9850.16,36612.49,45006.26,141440.84,35633.48,49411.8,19289.54
Latvia,LVA,2000,12786.62,45703.17,15492.33,38338.57,345979.59,9741.52,35647.77,44969.28,138900.72,35703.41,48631.02,19195.29
Latvia,LVA,2001,14258.01,45236.61,15563.67,38777.18,363504.47,9647.23,34911.54,44960.49,145905.99,37901.84,48537.97,20016.99
Latvia,LVA,2002,14391.99,44698.63,15230.32,38798.22,358701.52,9577.83,32872.25,44970.11,144512.92,37793.44,47743.95,20141.98
Latvia,LVA,2003,14496.33,44124.43,14865.57,38771.04,353475.15,9479.78,31505.74,45089.63,142776.38,37687.92,46942.39,20433.02
Latvia,LVA,2004,14976.98,43540.02,14554.91,38720.23,348591.12,9395.23,30933.62,45109.75,142890.42,37917.49,45888.41,20749.06
Latvia,LVA,2005,16558.82,42990.39,14802.94,38869.32,359158.71,9351.12,30809.58,45112.76,148887.82,39894.92,45362.58,21728.38
Latvia,LVA,2006,18560.53,42383.02,14925.56,39041.59,371288.09,9314,30646.86,45145.37,156337.65,42279.63,45177.04,23303.8
Latvia,LVA,2007,19111.01,41698.79,14714.29,38890.61,358573.31,9217.24,29410.22,45043.23,155095.74,42412.66,44287.17,24489.03
Latvia,LVA,2008,17491.71,40980.23,13878.56,38238.15,328233.94,9088.93,27764.35,44948.98,146697,39390.74,42367.47,24847.68
Latvia,LVA,2009,16553.98,40306.68,13298,37792.96,309978.28,8951.54,26658.23,44879.82,142582.93,37601.84,40690.9,25442.1
Latvia,LVA,2010,16026.29,39673.61,13116.64,37554.01,302392.02,8868.74,25646.75,44785.45,141279.66,36623.77,38978.57,25911.78
Latvia,LVA,2011,15094.24,39078.9,12841.54,37336.78,290224.22,8746.55,24761.64,44634.3,138256.31,35036.92,38125.46,25881.71
Latvia,LVA,2012,14601.3,38525.5,12737.79,37249.33,283443,8687.74,24404.21,44488.73,135318.76,34190.15,37561.85,25935.86
Latvia,LVA,2013,14907.17,38023.77,12757.41,37330.28,284176.28,8604.95,24086.45,44390.98,136839.78,34554.14,37250.62,26363.48
Latvia,LVA,2014,14379.95,37546.81,12564.78,37123.71,274455.13,8559.32,23706.54,44200.43,133243.56,33487.29,36839.77,26157.01
Latvia,LVA,2015,13935.85,37121.89,12382.57,37003.84,267301.71,8491.61,23689.56,44035.27,129718.24,32641.18,36398.23,25821.11
Latvia,LVA,2016,12882.58,36741.08,12048.65,36859.72,258179.35,8396.53,23250.36,43866.44,124362.14,31162.71,35681.87,25285.11
Latvia,LVA,2017,12671.11,36392.76,11993.51,36929.04,256494.47,8339.13,23081.19,43708.87,123506.11,30909,35486.9,25263.19
Latvia,LVA,2018,12485.19,36095.15,11982.35,37045.52,256577.92,8285.3,23004.88,43579.9,123075.86,30620.82,35163.1,25091.44
Latvia,LVA,2019,12328.16,35841.93,11943.93,37097.09,256018.09,8234.59,23007.87,43463.97,122514.1,30299.38,34862.58,24840.21
Lebanon,LBN,1990,10057.76,62618.76,25423.24,35981.87,209331.4,13316.93,6241.96,37295.8,83985.08,20013.34,124246.09,37481.35
Lebanon,LBN,1991,10122.4,64201.16,25808.8,36602.29,208791.47,13503.55,6442.09,38319.5,85233.87,20097.21,122158.47,38308.52
Lebanon,LBN,1992,10255.96,65729.68,26332.46,37258.82,210457.55,13678.98,6678.65,39371.82,87173.16,20275.11,119697.87,39209.91
Lebanon,LBN,1993,10346.37,67301.88,26860.21,37976.22,212147.29,13855.92,6926.52,40459.36,88981.35,20421.7,117460.77,40137.86
Lebanon,LBN,1994,10318.68,68961.37,27249.72,38667.78,211282,14042,7160.29,41582.27,89815.41,20424.96,114930.77,40770.19
Lebanon,LBN,1995,10342.12,70597.91,27648.22,39469.86,210458.23,14237.71,7385.67,42727.7,91266.2,20498.33,112940.48,41603.45
Lebanon,LBN,1996,10367.57,72186.16,28142.23,40284.01,210810.98,14434.48,7623.47,43925.49,93065.71,20597.9,110719.54,42591.41
Lebanon,LBN,1997,10421.07,73745.32,28717.55,41117.09,212332.76,14623.95,7874.23,45162.81,95353.03,20755.39,108944.49,43649.43
Lebanon,LBN,1998,10637.78,75277.77,29213.92,42003.27,213251.89,14797.29,8144.82,46440.49,97496.78,21171.37,107980.9,44761.97
Lebanon,LBN,1999,10709.41,76819.52,29593.96,42811.89,213430.38,14962.07,8410.54,47739.45,100733.33,21408.25,107180.62,45539.19
Lebanon,LBN,2000,10710.25,78259.75,30050.18,43621.09,214996.09,15117.45,8691.6,48988.79,104439.46,21579.88,105481.34,46497.84
Lebanon,LBN,2001,10776.08,79595.16,30606.06,44511.32,218049.95,15264.53,8984.62,50254.75,108903.42,21862.68,104960.13,47717.08
Lebanon,LBN,2002,10810.21,81042.91,31155.77,45448.18,221951.64,15431.59,9335.47,51593.17,113241.64,22100.78,103945.83,49173.21
Lebanon,LBN,2003,10876.04,82546.55,31820.42,46489.48,227501.11,15604.7,9742.88,53016.82,117727.18,22406.29,103136.49,50908.23
Lebanon,LBN,2004,10936.03,84058.5,32580.09,47591.71,234098.17,15796.08,10200.51,54492.95,121960.93,22696.8,102327.85,52819.85
Lebanon,LBN,2005,11040.71,85659.27,33382.94,48762.43,241532.57,16008.17,10719.85,56001.49,126438.65,23043.79,101885.7,54653.09
Lebanon,LBN,2006,11141.1,87531.11,34212.11,49946.4,249519.89,16224.61,11278,57595.8,130710.48,23357.91,100813.07,56650.49
Lebanon,LBN,2007,11305.96,89504.77,35068.77,51110.96,257585.55,16409.29,11853,59244.55,135134.59,23752.46,100591.1,58731.34
Lebanon,LBN,2008,11475.56,91340.93,35871.64,52197.64,265019.33,16541.5,12388.31,60887.03,139096.77,24133.28,100206.35,60809.92
Lebanon,LBN,2009,11681.22,92882.63,36545.02,53284.96,270883.34,16662.19,12918.59,62480.63,143379.73,24531.2,100814.44,62907.23
Lebanon,LBN,2010,11851.24,94541.41,37153.5,54529.36,275669.52,16876.36,13529.17,64196.38,147380.27,24893.4,101312.86,64852.35
Lebanon,LBN,2011,12214.12,98782.47,38328.22,56953.53,284531.13,17623.54,14758.16,67065.28,153265.79,25696.28,104316.57,67179.09
Lebanon,LBN,2012,12628.97,105941.79,39780.78,60484.28,293116.45,18895.63,16665.72,71329.31,159511.03,26725.92,109746.81,69562.15
Lebanon,LBN,2013,12966.62,111354.43,41003.94,63290.61,300450.33,19843.88,18317.51,75164.66,165142.64,27568.38,113401.43,71860.36
Lebanon,LBN,2014,13176.5,112924.2,41740.68,64590.24,305870.59,20078.4,19112.5,77526.8,169174.3,28013.3,113748.05,73782.01
Lebanon,LBN,2015,13338.03,113508.76,42266.28,65452.82,309655.33,20141.3,19575.77,79326.16,172311.81,28343.17,113177.07,75608.55
Lebanon,LBN,2016,13509.72,114151.6,42865.02,66461.49,313032.91,20254.23,20068.52,81188.19,175153.64,28709.98,111965.16,77624.57
Lebanon,LBN,2017,13682.14,114644.31,43418.01,67535.96,315968.89,20389.33,20481.44,83005.13,178021.68,29084.23,110813.87,79745.57
Lebanon,LBN,2018,13846.47,114046.75,43791.26,68634.35,318516.41,20578.63,20767.4,84970.2,181201.86,29460.62,109954.21,82026.22
Lebanon,LBN,2019,14010.89,111912.18,44044.18,69764.9,321257.86,20797.19,20992.57,87051.73,184157.81,29820.46,109018.23,84303.64
Lesotho,LSO,1990,10292.46,28219.88,29104.42,15279.35,62183.82,8354.06,5760.06,15718.91,30452.32,24086.51,41571.4,21165.23
Lesotho,LSO,1991,10294.78,28415.54,29032.36,15521.83,62185.7,8517.52,5835.42,16016.37,30667.79,24188.01,41892.49,21513.97
Lesotho,LSO,1992,10342.25,28641.09,29084.19,15777.45,62761.68,8675.88,5927.99,16310.89,31144.24,24365.81,42095.79,22041.96
Lesotho,LSO,1993,10362.72,28884.23,29048,16035.39,63216.16,8820.78,6022.51,16601.61,31629.06,24487.98,42297.58,22543.72
Lesotho,LSO,1994,10477.79,29200.08,29193.28,16300.07,64285.07,8949.82,6129.33,16886.22,32461.45,24766.44,42457.85,23255.64
Lesotho,LSO,1995,10556.77,29581.36,29112.1,16517.1,64769.23,9058.38,6233.59,17142.31,33096.99,24940.07,42505.6,23793.76
Lesotho,LSO,1996,10614.79,30013.91,28981.51,16735.5,65150.41,9149.65,6354.14,17387.32,33724.92,25085.59,42565.3,24358.82
Lesotho,LSO,1997,10715.22,30440.79,29072.53,16993.3,66199.89,9217.9,6493.72,17619,34723.19,25354.79,42639.95,25203.98
Lesotho,LSO,1998,11068.5,30822.91,29751.28,17370.33,69519.87,9280.87,6661.16,17844.14,36834.65,26162.29,42754.35,26874.49
Lesotho,LSO,1999,11422.08,31135.75,30450.47,17727.81,72874.28,9318.86,6817.62,18015.49,39041.04,26983.81,42891.76,28614.05
Lesotho,LSO,2000,11988.94,31358.64,31677.38,18129.16,78113.26,9343.12,6974.95,18163.77,42208.64,28249.08,43381.61,31102.32
Lesotho,LSO,2001,12146.36,31502.24,32169.38,18393.76,80421.12,9334.61,7081.66,18231.67,43860.76,28790.4,43862.39,32711.61
Lesotho,LSO,2002,12365.71,31608.79,33013.35,18651.62,84202.33,9324.44,7213.01,18256.5,46132.62,29573.07,44147.33,34917.62
Lesotho,LSO,2003,12513.28,31676.73,33973.81,18870.46,88628.91,9312.43,7334.2,18245.16,48685.45,30269.97,44413.58,37498.35
Lesotho,LSO,2004,12582.44,31706.52,34711.07,19034.78,91941.15,9282.62,7448.74,18210.54,50499.38,30766.37,44678.36,39505.56
Lesotho,LSO,2005,12541.07,31726.05,35108.18,19120.32,94193.35,9246.02,7530.47,18198.99,51841.31,30862.64,44892.37,41209.99
Lesotho,LSO,2006,12440.3,31791.56,35207.33,19186.23,95336.66,9223.46,7598.1,18227.5,52699.88,30712.17,45064.31,42268.99
Lesotho,LSO,2007,12338.32,31940.88,35244.43,19279.51,96261.96,9220.81,7663.33,18304.95,53619.11,30541.7,45380.05,43384.45
Lesotho,LSO,2008,12359.36,32161.67,35508.21,19459.06,97708.21,9232.61,7745.75,18452.27,55088.74,30622.91,45715.32,44842.7
Lesotho,LSO,2009,12311.03,32469.71,35393.96,19589.32,97809.97,9256.77,7842.97,18631.71,55848.78,30512.69,45441.98,45764.3
Lesotho,LSO,2010,12410.79,32781.06,35638.78,19792.67,99331.11,9302.14,7968.84,18881.98,57409.71,30709.02,45502.23,47351.58
Lesotho,LSO,2011,12503.75,33147.45,35769.29,20051.37,100069.63,9348.6,8087.2,19164.96,58694.9,30892.68,45910.53,48676.22
Lesotho,LSO,2012,12781.3,33547.5,36212.38,20309.83,102232.81,9414.44,8238.51,19493.91,60768.32,31423.96,46063.95,50654.4
Lesotho,LSO,2013,13050.56,33934.69,36537.69,20548.7,104236.91,9473.13,8379.7,19828.57,62633.22,31914.88,45989.91,52429.95
Lesotho,LSO,2014,13300.31,34325.44,36675.16,20770.06,105481.85,9520.69,8509.78,20150.13,64039.85,32354.63,46057.14,53920.08
Lesotho,LSO,2015,13470.86,34728.59,36498.4,20972.69,105455.69,9564.25,8609.87,20465.34,64818.06,32629.78,46252.34,54870.82
Lesotho,LSO,2016,13503.13,35152.22,35872.82,21150.52,103618.03,9605.82,8594.3,20773.48,64567.84,32577.66,45975.15,55010.04
Lesotho,LSO,2017,13548.71,35604.14,35371.57,21376.77,102340.08,9656.62,8592.68,21114.57,64448.31,32567.26,46079.29,54789.35
Lesotho,LSO,2018,13605.91,36084.66,35230.97,21566.71,102348.19,9721.2,8759.59,21480,65136,32631.91,46540.51,55285.07
Lesotho,LSO,2019,13717.54,36607.08,35313.95,21698.16,103156.78,9790.71,9047.91,21885.66,66160.64,32837.48,47105.4,56092.39
Liberia,LBR,1990,23050.92,26551.36,18433.31,22817.56,81357.8,9689.16,2522.59,16855.81,35855.61,44329.35,147879.4,27302.69
Liberia,LBR,1991,23774.89,28001.24,18633.9,23423.68,82898.55,10155.57,2650.18,17334.5,36701.13,45490.31,145297.63,28034.02
Liberia,LBR,1992,24033.29,28513.89,18727.52,23510.62,83567.56,10287,2672.43,17432.49,36852.67,45865.57,144768.73,28370.32
Liberia,LBR,1993,24088.76,28429.67,18679.5,23135.21,83250.89,10185.01,2643.67,17326.74,36373.19,45563.6,138979.17,28218.44
Liberia,LBR,1994,24347.41,28964.83,18790.11,23094.5,83494.66,10288.26,2683.87,17454.29,36119.26,45585.03,132342.38,28251.94
Liberia,LBR,1995,24124.98,30521.22,18893.96,23533.32,82990.87,10742.55,2797.23,17978.43,35334.7,45284.37,128670.83,27954.7
Liberia,LBR,1996,25929.14,32855.88,20029.98,25058.6,86780.86,11516.35,3063.89,18877.39,36695.08,48573.93,131634.97,29366.36
Liberia,LBR,1997,25913.91,34752.41,20162.51,25914.92,86131.01,12082.03,3241.46,19590.92,36177.48,48768.62,131134.35,29294.64
Liberia,LBR,1998,26127,36558.61,20357.7,26814.75,86165.82,12621.74,3422.49,20307.71,36280.66,49292.58,130966.87,29479.61
Liberia,LBR,1999,26124.96,38531.11,20258.32,27757.27,85062.42,13200.89,3622.16,21078.45,36131.9,49423.59,130202.18,29340.22
Liberia,LBR,2000,26116.69,40040.99,20057.62,28565.35,84645.18,13622.48,3778.93,21726.82,36451.14,49159.1,128853.29,29438.07
Liberia,LBR,2001,25863.12,40975.03,19611.14,28839.67,83197.48,13778.42,3849.85,22138.95,36572.78,48086.29,125285.87,29334.19
Liberia,LBR,2002,25604.85,41488.59,19188.53,28873.55,82256.62,13728.59,3867.93,22342.02,36856.81,46950.17,119656.13,29427.26
Liberia,LBR,2003,25699.13,42552.59,19093.52,29077.96,82005.15,13849.82,3955.76,22698.2,37274.42,46563.04,115073.89,29721.96
Liberia,LBR,2004,26037.68,44519.31,19253.89,29874.12,82682.01,14290.82,4144.47,23398.82,38127.06,46785.58,112916.53,30334.88
Liberia,LBR,2005,27067.54,46892.88,19930.55,31379.59,84594.41,14963.88,4380.28,24393.33,39836.13,48658.14,116782.34,31513.03
Liberia,LBR,2006,27992.6,49424.28,20539.5,32998.51,87554.26,15737.32,4648.98,25580.05,41667.75,50076.41,118184.03,33047.21
Liberia,LBR,2007,28856.84,51675.47,21032.28,34393.13,90191.54,16425.16,4909.56,26696.83,43438.62,51390.05,118798.95,34634.36
Liberia,LBR,2008,29216.07,53422.21,21531.86,35680.73,92863.92,16983.53,5088.21,27680.92,45077.52,52423.99,119962.21,36265.98
Liberia,LBR,2009,30707.43,55941.52,22428.38,37555.36,96996.17,17785.55,5388.06,28959.84,47928.6,55085.03,124645.35,38681.69
Liberia,LBR,2010,32135.08,58956.79,23260.72,39606.08,100796.15,18698.2,5744.43,30461.5,50693.23,57461.08,129000.91,41082.53
Liberia,LBR,2011,32444.94,60607.04,23687.59,40800.53,103007.3,19177.1,5919.24,31563.08,52573.51,58480.79,131147.31,42787.8
Liberia,LBR,2012,33598.49,61659.48,24321.84,41773.75,106570.7,19485.47,6044.45,32453.33,55400.32,60845.07,134243.27,44473.17
Liberia,LBR,2013,33883.89,63139.03,24569.17,42723.38,108330.09,19882.92,6190.57,33546.64,57076.15,61737.07,133300.79,45559.49
Liberia,LBR,2014,33420.23,64860.77,24355.75,43417.83,107964.13,20279.17,6329.31,34676.15,57318.22,61117.08,130286.36,45888.57
Liberia,LBR,2015,33097.07,66485.9,24366.82,44232.7,109025.68,20654.57,6458.41,35827.06,57948.13,60903.52,128277.08,46544.7
Liberia,LBR,2016,33074.95,68123.28,24610.75,45422.17,110041.55,20974.27,6659.58,37031.43,58909.12,61093.56,125647.6,47262.72
Liberia,LBR,2017,33428.07,69961.05,24842.74,46647.54,110947.31,21323.86,6860.89,38316.98,59732.04,61211.14,121392.69,47729.79
Liberia,LBR,2018,33857.91,70879.1,25327.08,47733.95,113630.57,21727.1,7103.37,39690.28,61581.39,61737.41,120164.63,48929.11
Liberia,LBR,2019,34739.15,70464.48,25994.11,48800.71,116805.27,22142.14,7371.44,41206.79,63944.21,63144.72,121596.14,50468.98
Libya,LBY,1990,13391.23,70560.35,23960.75,43387.29,190686.94,17535.5,7336.8,42778.04,65564.21,25720.79,182138.58,31840.81
Libya,LBY,1991,13442.93,71931.64,24062.5,44048.77,187182.82,17781.18,7694.26,43886.26,66377.74,25618.4,175270.01,32578.77
Libya,LBY,1992,13468.31,73398.42,24132.05,44789.75,183234.63,18015.91,8106.22,45074.6,67291.15,25510.71,167859.3,33106.5
Libya,LBY,1993,13480.2,75005.74,24320.99,45618.07,181110.51,18259.64,8557.58,46375.23,68355.69,25451.85,161281.13,33951.4
Libya,LBY,1994,13463.81,76855.85,24532.86,46537.82,179156.44,18524.45,9022.4,47809.52,69376.83,25388.99,155390.19,34842.05
Libya,LBY,1995,13479.26,79012.15,24778.95,47593.24,177204.37,18825.55,9562.52,49328.15,70399.66,25383,149787.25,35682.86
Libya,LBY,1996,13456.93,81604.61,25022.38,48776.03,174598.38,19210,10136.86,51054.94,71254.9,25355.27,144440.69,36468.09
Libya,LBY,1997,13780.68,84441.76,25794.8,50244.91,179217.27,19643.48,10882.91,52960.79,74387.56,25914.81,142075.46,38056.94
Libya,LBY,1998,14061.62,87505.43,26643.39,51726.99,184612.15,20102.04,11576,55040.05,77410.96,26468.93,139568.92,39935.34
Libya,LBY,1999,14340.16,90688.18,27390.96,53176.91,189231,20580.87,12369.52,57309.62,80165.5,27038.53,137861.21,41758.54
Libya,LBY,2000,14484.5,93922.11,28085.68,54737.98,192751.63,21066.46,13298.41,59647.05,82443.01,27530.4,136556.26,43544.25
Libya,LBY,2001,14551.53,97154.92,28830.2,56359.23,195650.96,21548.72,14361.75,62166.91,84260.18,27916.86,135456.52,45190.05
Libya,LBY,2002,14636.34,100408.73,29649.16,57972.23,199457.25,22008.37,15641.68,64882.97,86400.63,28326.36,134950.41,47104.01
Libya,LBY,2003,14546.68,103602.55,30014.88,59413.6,198518.5,22461.18,16939.01,67788.13,87510.03,28434.52,134313.23,48615.3
Libya,LBY,2004,14235.14,106815.35,29839.24,60583.54,192138.56,22872.09,18047.82,70839,87052.6,28176.49,132945.7,49739.68
Libya,LBY,2005,14182.25,109870.36,30333.92,61947.6,192379.04,23254.53,19393.5,73920.67,88959.4,28335.79,131727.53,51797.95
Libya,LBY,2006,14402.67,112961.74,31224.15,63686.59,196374.58,23648.6,20937.67,77106.04,92936.63,28840.72,131940.57,54655.48
Libya,LBY,2007,15408.15,115858.18,33485.06,66108.19,217147.91,24012.39,23017.07,80524.89,104035.4,30476.67,130194.07,60688.32
Libya,LBY,2008,15827.11,118569.94,34880.88,68186.13,220753.29,24335.04,25132.18,83885.7,109765.22,31266.06,131886.44,64527.97
Libya,LBY,2009,16254.72,120422.2,36196.22,69912.77,231655.07,24496.5,26867.12,86975.78,116312.82,32019.73,131146.96,69072.09
Libya,LBY,2010,16087.38,122279.93,36520.69,70928.74,229400.46,24622.51,28242.74,89761.97,117701.26,31931.5,130628.98,71038.58
Libya,LBY,2011,16458.96,125499.83,37605.63,72592.18,234972.84,25015.83,29973.72,93067.54,121113.91,32721.87,130030.41,74045.2
Libya,LBY,2012,16580.9,128899.8,38305.45,74148.84,237272.46,25422.92,31456.2,96406.37,124342.48,33111.49,129109.44,76967.23
Libya,LBY,2013,16896.41,131550.89,39392.78,75629.82,245856.52,25698.28,32893.3,99427.33,128674.18,33822.74,129600.86,80635.62
Libya,LBY,2014,17425.66,134009.59,40856.72,77022.98,257841.73,25901.43,34101.19,102401.08,133989.8,34865.03,129877.07,85050
Libya,LBY,2015,17882.84,136185.95,42250.02,78328.42,269728.71,26072,34751.32,105366.17,138868.14,35853.65,130328.91,89288.42
Libya,LBY,2016,18508.61,138110.06,43951.06,79741.98,283609.43,26239.52,35086.75,108432.69,143940.39,37081.64,131244.3,93459.56
Libya,LBY,2017,19163.72,140013.43,45643.93,81360.81,296738.68,26428.45,35586.1,111606.65,149331.99,38334.93,131831.11,97731.49
Libya,LBY,2018,19798.35,142294.98,47191.63,82976.38,308494.91,26611.51,36113.71,114901.76,155346.45,39490.25,132377.98,102400.5
Libya,LBY,2019,20416.53,144777.95,48709.85,84589.82,319975.39,26779.87,36594.1,118303.2,161532.13,40604.22,132967.1,107478.71
Lithuania,LTU,1990,11903.95,68945.31,40018.67,50802.13,391017.68,15517.34,45450.43,60956.25,189406.12,37928.48,84174.69,18956.45
Lithuania,LTU,1991,13358.38,69249.45,40023.52,51828.75,411634.23,15565.95,49632.86,61463.38,199177.31,40285.71,87621.13,20080.65
Lithuania,LTU,1992,14048,69520.98,38244.69,52269.39,410246.17,15582.05,53543.76,61834.44,197081.9,41223.34,88156.28,20582.56
Lithuania,LTU,1993,16677.49,69712.65,40231.09,53564.22,456157.46,15601.17,60084.91,62302.77,215748.17,45616.43,86139.81,22465.57
Lithuania,LTU,1994,19054.18,69761.66,39915.95,53957.24,470398.8,15550.36,65544.61,62518.15,221480.22,48577.18,83163.28,23727.43
Lithuania,LTU,1995,19849.17,69755,38005.47,53603.46,456897.8,15407.52,66198.63,62576.18,216957.54,49316.81,80067.15,24093.53
Lithuania,LTU,1996,19034.71,69805.35,35173.96,52728.96,424278.73,15228.99,62097.28,62643.89,204086.04,47627.12,76525.18,23718.91
Lithuania,LTU,1997,18886.65,70011.59,32937.27,51921.58,397794.55,15058.08,55391.5,62776.14,194008.11,46945.34,74512.89,23468.72
Lithuania,LTU,1998,20488.67,70154.91,32159.34,51702.14,393878,14890.61,49649.8,62978.31,195966.86,48985.97,73185.89,23982.13
Lithuania,LTU,1999,21101.91,70186,30955.86,51311.23,381139.69,14754.31,44341.12,63149.5,193884.04,49689.86,71728.75,24089.43
Lithuania,LTU,2000,22604.69,70003.83,30037.05,51195.27,372077.62,14649.24,41943.92,63287.39,193320.49,51324.95,70252.72,24204.67
Lithuania,LTU,2001,26338.9,69589.03,30259.15,51787.91,390713.56,14554.09,41324.9,63518.78,201424.56,56208.59,68947.75,24914.53
Lithuania,LTU,2002,28105.28,68922.51,29600.46,51828.19,389415.25,14419.71,39510.46,63697.15,198857.79,58312.67,67804.42,25089.15
Lithuania,LTU,2003,31090.02,68132.21,29056.07,52222.68,395228.77,14225.78,38380.58,63861.01,199584.59,61940.61,66704.7,25423.54
Lithuania,LTU,2004,34100.94,67263.3,28373.59,52647.66,398859.59,14086.46,37575.96,63903.92,198951.04,65632.95,66144.87,25746.01
Lithuania,LTU,2005,40663.1,66415.11,28646.57,53527.08,424990.89,13964.69,37760.48,63908.82,208790.01,74014.81,65542.16,26935.54
Lithuania,LTU,2006,46805.83,65524.27,28395.91,54322.68,437767.89,13848.08,38262.26,63800.57,212480.01,81664.34,65058.41,27625.72
Lithuania,LTU,2007,52085.37,64596.18,28152.02,54724.34,445250.45,13734.11,38353.5,63536.65,222389.49,88263.8,64032.86,28203.09
Lithuania,LTU,2008,49390.26,63689.34,26155.24,54271.14,424810.59,13522.16,36801.07,63226.85,215987.54,85244.28,62081.12,27804.11
Lithuania,LTU,2009,42107.95,62843.11,23941.19,53326.94,386554.32,13305.44,34198.64,62906.84,198770.66,76451.63,59822.96,26675.89
Lithuania,LTU,2010,40805.77,62064.03,23398.65,53381.77,385602.48,13156.43,32838.44,62762.66,200109.86,75510.99,58715.55,26605.36
Lithuania,LTU,2011,39274.62,61258.31,22779.78,53425.65,379983.05,13015.17,31993.12,62687.47,196546.77,73945.45,57890.03,26489.93
Lithuania,LTU,2012,37842.23,60423.46,22225.96,53538.04,374631.17,12889.44,31764.97,62673.62,193832.7,72674.68,57046.06,26322.61
Lithuania,LTU,2013,37605.3,59600.69,22015.41,53967.07,376560.12,12790.45,31842.2,62657.12,194598.61,72867.9,56910.93,26289.66
Lithuania,LTU,2014,34631.8,58830.33,21161.81,53876.76,362847.46,12663.22,31908.63,62536.73,188114.94,69262.86,57021.14,25709.17
Lithuania,LTU,2015,34036.66,58120.95,21172.81,54081.29,367186.43,12531.68,32051.41,62401.5,190713.14,69115.39,56904.9,25940.28
Lithuania,LTU,2016,32980.01,57452.98,20780.23,54053.43,361605.44,12433.37,31623.18,62059.61,189524.04,67957.3,56211.47,26358.93
Lithuania,LTU,2017,29069.87,56805.75,19761.36,53696.1,337319.94,12306.24,30746.64,61755.66,177336.42,62318.3,54699.91,26331.32
Lithuania,LTU,2018,28190.4,56185.49,19905.71,53807.66,336425.17,12170.39,31459.05,61587.08,176480.17,60671.46,53735.82,26089.14
Lithuania,LTU,2019,27626.47,55572.63,19809.23,53950,332766.45,12057.36,32331.57,61448.33,174656.96,59313.73,52216.43,25821.13
Luxembourg,LUX,1990,2841.12,8118.01,5580.22,6336.62,29752.7,2710.23,2763.28,9937.7,24007.59,5162.17,7810.55,2926.25
Luxembourg,LUX,1991,2837.98,8163.49,5699.85,6422.88,29208.24,2733.83,2984.25,10047.58,24124.97,5190.24,7798.22,2964.07
Luxembourg,LUX,1992,2789.44,8223.26,5760.48,6503.12,28478.13,2761.86,3205.13,10168.45,23986.65,5174.73,7793.53,3004.72
Luxembourg,LUX,1993,2753.96,8295.28,5881.52,6597.35,27912.34,2796.31,3400.68,10295.85,24077.42,5166.45,7775.37,3056.37
Luxembourg,LUX,1994,2723.15,8373.91,5932,6680.59,27161.11,2833.94,3574.46,10430.38,23943,5149.43,7727.53,3082.37
Luxembourg,LUX,1995,2751.91,8464,5948.3,6779.66,26705.66,2876,3677.92,10572.73,24104.05,5190.91,7702.81,3162.35
Luxembourg,LUX,1996,2765.19,8557.51,5938.39,6874.51,26428.78,2921.3,3759.85,10717.75,24124.87,5234.81,7726.95,3238.73
Luxembourg,LUX,1997,2724.26,8653.96,5929.04,6955.37,25829.09,2968.84,3794.38,10884.12,23999.73,5217.58,7761.26,3299.09
Luxembourg,LUX,1998,2717.95,8751.37,5899.42,7043.94,25356.06,3018.14,3824.18,11062.89,24127.74,5253.97,7822.36,3364.12
Luxembourg,LUX,1999,2715.76,8852,5895.6,7140.85,24779.18,3065.29,3859.57,11242.81,24076.74,5277.45,7881.8,3459.84
Luxembourg,LUX,2000,2704.15,8946.96,5867.37,7273.44,24433.13,3111.03,3906.08,11429.38,24291.83,5316.16,7947.47,3597.32
Luxembourg,LUX,2001,2633.89,9032.38,5794.37,7379.11,23745.94,3151.12,3878.28,11608.73,23991.98,5253.76,8015.26,3682.47
Luxembourg,LUX,2002,2600.83,9103.59,5840.22,7496.99,23471.18,3190.36,3804.89,11779.65,24120.78,5234.2,8037.99,3828.17
Luxembourg,LUX,2003,2545.85,9174.62,5821.64,7590.23,23008.56,3227.4,3739.57,11958.22,24201.02,5206.41,8056.87,3956.62
Luxembourg,LUX,2004,2537.02,9276.37,5872.27,7702.62,22787.64,3273.86,3692.41,12159.04,24629.79,5240.09,8069.25,4121.41
Luxembourg,LUX,2005,2487.65,9386.16,5908.57,7848.02,22456.7,3321.66,3706.26,12377.2,24676.8,5220.51,8107.37,4286.46
Luxembourg,LUX,2006,2490.3,9510,5931.07,8015.08,22138,3375.38,3754.34,12613.02,24850.94,5248.03,8158.69,4450.54
Luxembourg,LUX,2007,2414.62,9615.69,5942.7,8180.7,21359.3,3431.06,3785.86,12851.84,24791.11,5172.06,8207.2,4604.46
Luxembourg,LUX,2008,2329.46,9733.42,5959.34,8345.9,20751.78,3489.01,3845.9,13110.5,24741.84,5093.31,8250.39,4769.03
Luxembourg,LUX,2009,2341.49,9876.54,6042.04,8552.02,20497.56,3553.17,3905.14,13394.88,25060.44,5126.98,8351.9,4967.14
Luxembourg,LUX,2010,2325.59,10044.74,6107.01,8779.24,20307.8,3616.18,3946.99,13686.35,25166.11,5128.03,8503.75,5208.47
Luxembourg,LUX,2011,2305.68,10252.65,6182.99,8998.82,20042.79,3684.97,4010.5,13996.92,25270.83,5121.82,8692.89,5440.8
Luxembourg,LUX,2012,2313.73,10507.19,6254.37,9246.22,19845.16,3764.9,4058.92,14351.53,25423.92,5159.89,8934.63,5682.75
Luxembourg,LUX,2013,2295.28,10760.01,6326.02,9490.55,19686.77,3848.46,4093.06,14725.82,25566.21,5163.17,9244.09,5962.82
Luxembourg,LUX,2014,2275.52,11015.88,6352.16,9729.55,19337.13,3934.18,4149.03,15115.92,25653.38,5171.88,9529.71,6227.76
Luxembourg,LUX,2015,2241.87,11285.93,6435.92,9988.64,19070.31,4024.53,4249.48,15523.45,25489.72,5169.44,9802.78,6454.4
Luxembourg,LUX,2016,2221.69,11558.24,6432.06,10188.89,18804.1,4120.58,4320.48,15938.15,25197.51,5185.5,10050.38,6627.74
Luxembourg,LUX,2017,2271.14,11852.59,6563.85,10438.87,19326.4,4217.88,4418.4,16377.98,25799.54,5309.65,10283.46,6909.98
Luxembourg,LUX,2018,2325.1,12142.69,6728.23,10717.68,19812.53,4313.5,4510.49,16824.12,26454.59,5408.95,10536.69,7267.6
Luxembourg,LUX,2019,2383.9,12433.44,6909.82,11043.4,20339.12,4412.19,4610.59,17276.93,27173.36,5481.02,10802.76,7730.6
Madagascar,MDG,1990,99881.89,166708.83,225171.15,97234.7,600957.17,63216.98,20830.37,90380.62,226687.78,177008.17,515710.8,105173.15
Madagascar,MDG,1991,101057.99,171113.07,229956.71,98575.49,613558.18,64812.68,21338.19,92536.24,228009.73,178719.81,514708.56,105979.77
Madagascar,MDG,1992,102237.99,175708.86,234221.9,100027.6,624525.11,66483.71,21840.42,94787.92,229831.72,180568.53,515247.88,106905.26
Madagascar,MDG,1993,105614.82,180522.97,242100.15,102034.93,652489.06,68217.16,22515.02,97208.29,235051.61,185517.1,515949.71,110319.45
Madagascar,MDG,1994,104444.44,185506.28,244954.42,103247.89,638662.5,69966.4,22974.62,99630.13,231028.75,183918.83,516290.89,108577.03
Madagascar,MDG,1995,101422.84,190822.93,241743.17,101994.24,645289.06,71808.95,23324.4,102024.65,228567.18,176798.27,507481.24,107887.58
Madagascar,MDG,1996,103589.9,196293.81,244433.8,104228.46,658483.22,73775.6,24001.82,104798.28,231412.11,180082.88,508391.06,109993.43
Madagascar,MDG,1997,106158.82,202015.83,247088.31,106515.58,672524.43,75868.02,24692.89,107754.81,236292.64,183801.58,511632.49,112283.07
Madagascar,MDG,1998,109193.6,207865.67,250238.33,109022.8,690470.39,77995.42,25487.75,110887.02,241673.66,188148.59,514202.74,115250.99
Madagascar,MDG,1999,110076.68,213952.78,250196.91,111201.06,689561.28,80172.14,26146.28,114152.06,242033.45,189649.77,516423.7,115797.77
Madagascar,MDG,2000,111614.36,220388.52,250478.54,113706.62,696055.51,82485.39,26853.26,117617.28,244162.79,192018.07,519446.86,117305.82
Madagascar,MDG,2001,113619.33,227185.42,250132.3,116460.08,702519.69,84821.9,27678.82,121457.83,247055.6,195103.04,524766.48,119076.88
Madagascar,MDG,2002,117338.94,234045.18,253678.07,119810.47,726771.45,87374.37,28642.08,125715.42,255032.07,201674.23,533090.68,123443.96
Madagascar,MDG,2003,121158.35,241059.11,255903.92,122947.33,747670.38,89927.85,29663.13,130124.47,261133.71,207952.87,537858.49,127393.17
Madagascar,MDG,2004,123513.03,248443.23,256563.98,125816.87,760325.83,92549.06,30589.64,134649.25,265824.83,211943.47,542620.53,129844.18
Madagascar,MDG,2005,126178.8,256230.37,259987.46,129333.39,768871.36,95409.43,31426.63,139254.61,271816.7,217277.05,560595.56,132183.02
Madagascar,MDG,2006,127149.39,264271.9,260108.12,132043.34,775933.37,98165.08,32289.08,143787.15,273930.92,220155.34,566345.24,134030.87
Madagascar,MDG,2007,128766.28,272690.79,261346.45,134541.03,789349.55,101139.08,33113.72,148457.72,278095.06,224585.06,573444.95,136844.84
Madagascar,MDG,2008,133360.05,281559.51,266371.15,137700.17,820518.87,104226.49,34128.29,153244.94,289067.55,233392.22,588416.8,142387.01
Madagascar,MDG,2009,137026.65,290516.85,269646.62,140652.27,847284.29,107293.56,35106.19,158093.42,297917.3,240313.29,596988.8,147745.19
Madagascar,MDG,2010,139387.97,299988.47,270620.46,143763.39,867137.9,110260.15,36162.37,163271.06,303253.32,244553.43,595774.71,151713.28
Madagascar,MDG,2011,140810.03,309563.2,275131.61,147793.54,888327.74,113406.38,37207.45,168745.83,311605.11,250218.09,603294.53,156367.3
Madagascar,MDG,2012,141784.58,319630.34,278595.38,151874.53,909016.89,116683.79,38236.75,174521.77,319534.72,255186.79,608164.58,160902.09
Madagascar,MDG,2013,142917.1,329764.73,281091.18,155877.74,929584.83,119906.54,39274.69,180444.14,326555.8,259584.45,607089.98,165242
Madagascar,MDG,2014,144507.04,340288.68,286012.41,160412.95,952146,123276.23,40431.19,186571.41,336675.27,265568.58,614244.72,170444.97
Madagascar,MDG,2015,146282.63,351198.36,289993.04,164925.57,975701.73,126565.22,41727.16,192934.94,346040.05,271174.17,615527.02,175723.75
Madagascar,MDG,2016,148946.81,362381.67,293408.85,171317.27,1003621.7,129899.34,43076.8,199743.42,356450.36,277878.52,613906.52,181589.3
Madagascar,MDG,2017,153575.19,373982.06,298479.85,178037.88,1031479.93,133285.71,44531.66,206856.65,368575.57,286117.98,614995.51,187828.74
Madagascar,MDG,2018,157534.02,385785.21,304609.3,183130.92,1063452.37,136578.36,46314.49,214162.84,381106.78,292399.4,616735.56,194521.66
Madagascar,MDG,2019,161143.98,398141.42,310879.38,187805.16,1091615.33,139871.88,48389.77,221704.12,391962.21,298137.42,619552.22,200783.52
Malawi,MWI,1990,102911.68,123615.06,88967.24,74160.04,293523.68,51457.37,16542.53,70291.29,277425.27,185023.07,537958.05,96706.42
Malawi,MWI,1991,105494.43,128082.64,90449.66,76480.73,300212.53,53239.65,17272.63,72397.7,282626.83,189266.01,539274.7,99312.06
Malawi,MWI,1992,107550.74,131071.53,91742.9,78128.59,307294.53,54390.04,17818.95,73918.06,285748.7,192405.85,534696.91,101897.58
Malawi,MWI,1993,107436.31,130148.16,91386.31,77745.34,309992.71,53917.39,17740.95,73859.78,284053.17,191210.38,515319.23,102820.85
Malawi,MWI,1994,107683.64,127653.36,90765.53,76686.64,314840.34,52845.08,17487.52,73193.91,280610.23,189775.76,489055.63,104163.33
Malawi,MWI,1995,109321.54,128574.15,90195.38,77039.65,320437.09,53103.15,17728.86,73748.86,276689.63,190788.7,468480.04,106139.97
Malawi,MWI,1996,111757.43,131555.35,89978.45,78548.61,326954.18,54286.44,18328.27,75207.66,272592.85,193258.85,453662.26,108850.38
Malawi,MWI,1997,114313.86,134430.66,90044.61,80277.13,332895.83,55513,18947.03,76578.02,272137.9,196000.35,442634.39,111748.18
Malawi,MWI,1998,117955.62,137135.26,90863.16,82309.01,341721.39,56801.14,19597.37,77991.14,275464.38,200432.46,434499.25,115801.83
Malawi,MWI,1999,120718.85,139831.8,92678.34,84903.08,345946,58328.36,20161.59,79450.71,287308.05,205510.62,444319.09,119241.05
Malawi,MWI,2000,121892.54,142760.83,93221.96,87187.42,346666.09,59782.54,20687.12,80990.42,292125.91,207450.06,447945.96,121216.7
Malawi,MWI,2001,120857.06,145940.11,92553.25,88684.71,342536.4,61121.54,21147.53,82591.91,289790.91,205628.93,446656.4,121204.81
Malawi,MWI,2002,120682.84,149268.31,92682.69,90374.22,342942.27,62549.78,21646.59,84388.23,291008.45,206344.16,447055.35,122640.4
Malawi,MWI,2003,121368.78,152639.15,93185.65,92000.27,344959.86,64070.03,22142.41,86290.34,294699.4,207496.54,448715.03,124605.33
Malawi,MWI,2004,121527.84,156182,92980.37,93086.62,347348.15,65531.08,22654.72,88294.46,293360.13,206910.72,442098.91,125297.99
Malawi,MWI,2005,120335.24,159882.32,92574.33,94310.9,344541.96,67103.66,23130.05,90402.65,290774.15,204096.34,435646.9,124850.11
Malawi,MWI,2006,118876.67,163505.79,92946.05,96182.96,344530.3,68857.68,23590.61,92743.62,290316.71,202558.91,435302.95,125284.86
Malawi,MWI,2007,117297.4,167241.25,92838.15,98008.4,344877.02,70611.57,24085.24,95320.18,287249.88,200570.26,429113.38,125816.23
Malawi,MWI,2008,116296.47,171342.69,93075.83,100103.36,347058.77,72554.75,24600.35,98164.13,285526.39,198827.82,422134.41,126969.28
Malawi,MWI,2009,117730.25,175837.84,95318.72,103482.98,354385.1,74773.17,25279.27,101276.34,295759.34,202006,430049.31,130292.69
Malawi,MWI,2010,120129.51,181082.19,98012.5,107057.64,363310.26,77146.84,26003.1,104622.34,308143.23,206206.43,439895.36,134534.5
Malawi,MWI,2011,118732.04,186981.33,100979.59,110883.44,369761.58,79715.51,26775.14,108134.02,323095.76,209988.22,458072.2,138290.41
Malawi,MWI,2012,116026.76,193601.26,102577.66,113901.3,374096.33,82182.42,27479.98,111809.25,328637.69,209781.28,460553.84,140360.24
Malawi,MWI,2013,114294.59,200735.83,103774.67,116912.1,377358.08,84720.41,28289.38,115750.67,331570.74,209250.71,457395.66,142451.55
Malawi,MWI,2014,114234.05,208220.39,105304.17,120088.34,383101.92,87423.47,29136.09,119874.47,335207.4,210616.56,454927.85,145166.02
Malawi,MWI,2015,115862.39,215913.11,107273.22,123738.59,390599.96,90150.46,30091.21,124256.53,340471.04,214046.22,453943,148625.68
Malawi,MWI,2016,118794.07,223740.49,109282.42,127952.46,399320.43,92777.84,31198.28,128719.9,343312.6,218308.26,448028.18,152070.96
Malawi,MWI,2017,122576.99,231635.61,111335.43,132242.65,406169.9,95409.42,32337.41,133346.79,346771.03,222125.82,439718.44,155004.15
Malawi,MWI,2018,124664.97,240018.99,114344.34,136421.42,418121.43,98209.3,33571.45,138690.72,359974.4,226508.83,444270.33,160234.89
Malawi,MWI,2019,127118.53,248613.78,117158.91,140233.32,430087.87,100799.16,34948.35,144624.56,369334.08,230796.68,445821.52,165566.73
Malaysia,MYS,1990,53683.39,239215.72,159245.94,155358.69,742970.56,110939.39,33591.06,228941.61,349221.37,119455.44,297196.7,181009.46
Malaysia,MYS,1991,57081.69,247315.91,161483.4,159777.26,736722.68,114180.05,34999.77,239398.58,355018.47,126598.12,297911.94,184549.47
Malaysia,MYS,1992,60912.45,256063.69,165502.66,164945.38,739917.27,117759.1,36530.75,250518.49,364936.14,134969.18,304765.7,190155.45
Malaysia,MYS,1993,64825.05,265367.57,170792.18,170694.76,752410.2,121588.27,38131.76,262020.02,377192.98,143714.23,309433.06,197182.38
Malaysia,MYS,1994,69094.69,274915.98,178291.28,176796.76,775247.35,125739.35,39928.17,273640.04,388783.04,153761.95,310699.66,204481.74
Malaysia,MYS,1995,75007.96,284826.16,188305.6,183159.71,818874.58,129850.12,42068.73,285374.06,413645.88,165581.67,314204.1,217099.37
Malaysia,MYS,1996,77797.29,294557.87,190115.36,188594.16,819766.04,133720.62,43862.97,297096.43,422322.14,170078.55,309891.66,223814.97
Malaysia,MYS,1997,80485.45,304534.31,192530.6,195270.97,829902.12,137765.33,45621.72,309529.44,434767.1,174893.74,319310.19,232253.6
Malaysia,MYS,1998,82165.51,314195.52,193521.49,201723.05,838221.96,141694.66,47180.35,322027.75,442395.42,177679.78,318564.47,240135.1
Malaysia,MYS,1999,90391.09,323805.34,210252.35,210530.64,942971.74,145908.36,49589.4,334831.97,488844.81,192857.5,332527.39,267124.84
Malaysia,MYS,2000,88362.09,333534.38,205617.21,214763.58,912105.14,149528.75,50209.31,346469.13,475175.9,189061.75,317327.14,265916.06
Malaysia,MYS,2001,88138.84,346039.79,207064.92,220589.93,918171.88,153505.27,50993.02,357885.96,477973.95,190488.07,314791.69,270863.4
Malaysia,MYS,2002,88776.85,362182.07,207686.26,226619.78,933632.58,157755.29,51956.91,368587.06,488830.19,193718.4,321335.98,277566.02
Malaysia,MYS,2003,91674.05,379562.33,210162.44,232898.71,970152.67,161905.94,53441.71,379021.4,510720.46,199522.89,329634.27,287383.99
Malaysia,MYS,2004,92778.86,395277.76,207500.5,238121.13,979432.11,165795.54,54645.62,388832.43,520980.73,202106.46,336864.42,290358.54
Malaysia,MYS,2005,93328.54,406815.82,204989.75,243541.48,992410.2,169799.86,55847.82,399248.32,532121.28,204546.89,347094.35,292469.32
Malaysia,MYS,2006,94557.4,415125.95,203172.96,249636.63,1013173.39,173953.33,56982.18,410684.12,546250.96,207407.09,349357.34,294917.71
Malaysia,MYS,2007,95944.52,423085.58,201043.84,256195.06,1033693.79,178211.2,58132.6,422405.94,559346.45,210518.3,355917.48,297340.31
Malaysia,MYS,2008,99916.96,430530.91,202653.41,263535.83,1084887.56,183099.3,59520.19,434619.49,584738.3,217927.22,366116.05,306033.81
Malaysia,MYS,2009,103760.3,437692.53,203087.27,270960.54,1129093.66,188427.61,60912.26,446670.45,610637.52,225331.24,377432.42,314838.81
Malaysia,MYS,2010,105898.32,445233.51,200453.56,275509.61,1134482.91,194612.21,62090.08,457789.57,616889.64,231296.54,371668.4,319551.36
Malaysia,MYS,2011,108161.11,454080.87,199981.95,280947.82,1150870.11,200492.87,63337.46,469151.43,629869.49,236649.94,382662.92,327076.44
Malaysia,MYS,2012,109380.7,464256.63,198484.37,287372.1,1167258.65,203130.95,64704.21,480665.4,650938.32,235650.56,395721,336261.34
Malaysia,MYS,2013,109625.99,474837.94,195252.68,291974.02,1158710.8,205660.16,65854.13,492145.61,659905.19,233362.54,392018.95,343798.01
Malaysia,MYS,2014,114923.31,485341.31,202049.85,299442.82,1217669.2,209466.03,67650.53,504103.09,696646.61,243091.1,410393.19,363074.01
Malaysia,MYS,2015,118776,494126.9,208570.43,306451.86,1259085.5,211934.8,69362.78,515792.49,725558.85,250711.45,424036.66,378942.87
Malaysia,MYS,2016,123443.57,501561.67,216880.51,313607.16,1312836.75,215008.2,71910.84,527412.81,756333.23,260579.04,417139.71,391795.5
Malaysia,MYS,2017,127818.37,508796.69,223876.37,320142.75,1356552.59,217564.05,74163.42,539496.7,785471.92,269413.35,421298.36,402162.32
Malaysia,MYS,2018,131529.91,516289,231512.33,327265.38,1396475.98,219828.38,75539.77,555602.71,815294.98,276874.37,424787.48,417378.69
Malaysia,MYS,2019,135961.7,524575.08,243721.39,336118.25,1460310.84,222805.35,77015.35,576460.55,853283.54,287897,428175.01,438598.75
Maldives,MDV,1990,770.64,2700.23,3766.13,2341.05,9919.34,1383.1,275.64,2284.13,3428.8,1365.17,9382.37,2613.68
Maldives,MDV,1991,765.56,2788.92,3776.67,2373.32,10056.65,1428.74,283.58,2360.18,3474,1360.46,9170.17,2644.27
Maldives,MDV,1992,759.82,2881.93,3766.24,2407.95,10166.86,1474.71,292.88,2442.42,3516.6,1353.2,8912.97,2680.92
Maldives,MDV,1993,750.76,2977.88,3717.93,2439.56,10155.76,1520.39,302.22,2531.96,3521.49,1340.05,8669.26,2677.9
Maldives,MDV,1994,740.73,3077.23,3642.03,2479.51,10027.89,1565.76,312.62,2630.53,3510.52,1324.29,8423.75,2648.77
Maldives,MDV,1995,736.32,3179.4,3611.83,2535.84,10062.59,1610.65,325.25,2735.52,3540.51,1320.26,8156.73,2669.41
Maldives,MDV,1996,736.96,3280.94,3639.35,2599.6,10254.53,1652.56,336.9,2846.61,3626.61,1324.49,7964.67,2733.3
Maldives,MDV,1997,732.96,3376.01,3655.52,2670.51,10311.72,1692.62,349.02,2965.75,3707.79,1323.54,7872.85,2768.31
Maldives,MDV,1998,713.28,3467.95,3546.35,2716.22,10027.24,1727.91,361.29,3093.81,3689.95,1294.25,7619.42,2720.68
Maldives,MDV,1999,698.56,3560.11,3435.64,2780.56,9798.78,1762.28,377.37,3225.29,3662.75,1274.64,7352.7,2691.85
Maldives,MDV,2000,684.6,3653.21,3392.18,2826.76,9869.25,1795.11,389.81,3357.64,3674.76,1258.28,7086.08,2730.91
Maldives,MDV,2001,672.35,3746.32,3343.05,2875.39,9869.47,1828.94,403.13,3490.3,3671.74,1243.86,6846.54,2764.4
Maldives,MDV,2002,641,3842.79,3163.54,2918.44,9471.4,1859.45,417.94,3631.72,3553.11,1198.89,6582.06,2703.56
Maldives,MDV,2003,622.81,3944.07,3088.26,2979.03,9240.78,1894.43,434.99,3776.26,3520.05,1178.21,6446.31,2712.23
Maldives,MDV,2004,610.39,4049.16,3028.16,3048.7,9004.6,1929.94,453.96,3931.41,3512.09,1167.31,6410.8,2730.1
Maldives,MDV,2005,604.55,4161.93,3006.14,3131.43,8879.91,1970.2,476.54,4097.76,3520.69,1168.84,6432.44,2763.88
Maldives,MDV,2006,614.44,4287.34,3044.5,3256.72,8853.65,2015.83,503.66,4280.94,3639.56,1197.91,6732.04,2843.08
Maldives,MDV,2007,621.75,4427.31,3058.07,3368.16,8799.67,2066.15,537.9,4489.81,3719.35,1218.91,6821.86,2925.46
Maldives,MDV,2008,632.15,4586.65,3084.35,3490.59,8832.9,2121.54,578.34,4721.18,3817.42,1244.23,6901.47,3029.08
Maldives,MDV,2009,647.99,4762.68,3127.56,3622.74,8982.35,2183.35,622.47,4978.68,3933.2,1279.24,7013.22,3155.31
Maldives,MDV,2010,664.85,4958.92,3170.71,3767.49,9156.83,2249.06,669.26,5258.26,4058.19,1318.37,7146.48,3280.11
Maldives,MDV,2011,689.32,5175.65,3246.66,3922.46,9222.65,2323.73,714.29,5562.4,4183.91,1362.74,7281.75,3438.82
Maldives,MDV,2012,719.54,5411.82,3266.61,4088.27,9442.5,2399.79,763.26,5898.87,4323.59,1417.43,7382.8,3610.26
Maldives,MDV,2013,755.53,5663.08,3303.17,4266.6,9699.57,2481.75,810.68,6260.41,4487.41,1480.84,7513.46,3803.69
Maldives,MDV,2014,797.14,5929.7,3346.05,4455.1,9992.22,2565.01,858.65,6640.89,4663.05,1552.68,7653.17,4012.13
Maldives,MDV,2015,842.12,6201.39,3377.21,4645.6,10274.25,2651.57,905.44,7031.98,4843.03,1630.08,7812.94,4240.25
Maldives,MDV,2016,892.2,6474.98,3494.2,4838.74,10802.91,2733.82,958.17,7422.89,5101.39,1722.09,7947.87,4485.48
Maldives,MDV,2017,950.25,6750.72,3611.08,5030.53,11344.38,2817.18,1006.47,7833.93,5361.26,1823.89,7966.49,4751.76
Maldives,MDV,2018,1006.98,7038.11,3762.98,5234.1,11913.08,2900.53,1054.71,8269.76,5662.29,1919.75,7962.29,5062.27
Maldives,MDV,2019,1066.32,7336.44,3931.91,5446.43,12514.13,2984.18,1108.45,8730.43,5973.82,2017.72,7975.26,5400.71
Mali,MLI,1990,92805.71,96595.48,104713.81,87086.84,314803.32,47063.39,8796.12,61476.1,150801.21,178422.14,623616.13,101513.91
Mali,MLI,1991,93029.99,98058.91,104692.77,89513.23,315226.95,47961.1,8849.29,62736.07,152390.13,179258.99,622486.42,102225.98
Mali,MLI,1992,94131.69,99597.1,105562.02,92084.44,318352.69,48849.48,8935.42,64010.55,155196.46,181380.54,622605.4,103686.36
Mali,MLI,1993,94739.57,101379.11,105984.39,94638.91,319776.93,49812.86,9034.36,65369.16,157476.88,182596.78,621522.85,104595.11
Mali,MLI,1994,96195.48,103819.31,107591.6,97504.23,324372.19,51089.54,9236.48,67016.08,160770.42,185059.64,619968.64,106463.72
Mali,MLI,1995,97605.48,106607.49,109337.88,100221.45,330002.13,52498.99,9467.45,68766.83,164788.63,187432.65,617706.26,108584.06
Mali,MLI,1996,98514.27,109383.85,110303.46,102640.14,334465.53,53866.65,9682.09,70522.92,166916.97,188773.28,614620.87,109947.81
Mali,MLI,1997,98779.96,112039.09,110470.4,104809,335749.75,55222.9,9887.32,72224.17,168229.43,188671.35,605870.85,110815.09
Mali,MLI,1998,98415.95,114784.55,110279.69,106929.45,334800.68,56583.94,10074.06,73966.36,168549.92,187413.75,594185.68,110931.92
Mali,MLI,1999,98312.11,117758.79,110433.02,109521.3,335669.97,58123.53,10291.27,75865.49,169747.19,187341.67,592146.41,111565.15
Mali,MLI,2000,99493.32,121046.46,111735.79,113068.35,340776.2,59899.56,10555.34,77954.57,172656.36,189383.19,602517.55,114303.67
Mali,MLI,2001,100478.35,124602.18,113096.73,116503.25,342569.45,61712.48,10847.19,80249.38,174508.29,191175.28,612576.56,116844.77
Mali,MLI,2002,104155.62,128443.88,115952.24,122154.43,351325.79,63880.44,11177.6,82718.4,180758.59,199350.53,657352.33,122520.32
Mali,MLI,2003,105764.23,132678.95,118011.32,125728.94,353915.05,65909.45,11494.8,85388.19,184202.48,202071.88,675743.21,125647.02
Mali,MLI,2004,107389.67,137261.59,120565.72,129099.8,358072.62,68101.01,11893.44,88242.33,187867.76,204485.3,690054.93,128551.07
Mali,MLI,2005,109121.11,142001.14,123062.56,133007.61,363424.67,70554.99,12272.59,91134.75,191945.28,207468.91,708648.14,131647.33
Mali,MLI,2006,107007.29,147117.49,125851.2,137297.08,371661.67,73393.85,12686.3,94286.91,196246.77,210169.14,728922.38,135775.48
Mali,MLI,2007,105993.32,152585.1,129974.23,141268.6,382581.96,76379.89,13181.54,97700.52,202403.7,213277.83,742401,140900.01
Mali,MLI,2008,105248.16,158398.67,133506.26,147100.48,395825.05,79759,13667.25,101434.75,209290.76,218529.53,783210.4,146898.14
Mali,MLI,2009,104724.27,164539.81,137597.69,152360.1,409249.37,83106.84,14194.73,105240.6,216147.8,222464.82,812477.05,152834.05
Mali,MLI,2010,103375.79,170598.95,140858.55,156834.54,418573.98,86196.7,14679.75,109004.43,222701.79,223215.51,823638.26,157151.06
Mali,MLI,2011,101594.85,176672.81,143322.17,161453.5,425523.4,89046.51,15107.86,112620.99,226858.41,222862.43,834321.37,160331.14
Mali,MLI,2012,101015.14,183667.15,146129.62,167066.24,433594.35,92200.6,15565,116594.79,232308.89,224902.66,856485.34,164184.69
Mali,MLI,2013,101884.13,191534.64,150394.52,172805.3,443178.19,95636.39,16176.63,120993.11,238641.5,228349.71,870310.32,168655.79
Mali,MLI,2014,103579.03,199648.46,155152.29,179123.4,456005.48,99261.49,16840.04,125545.82,246643.73,233565.13,893215.28,174321.06
Mali,MLI,2015,106512.41,207791.99,160690.28,186513.12,475780.02,103168.81,17545.43,130228.91,256734.72,241473.75,930408.69,181434.38
Mali,MLI,2016,113669.25,215988.54,169032.36,197912.88,500124.43,107533.36,18501.55,135259.32,275005.4,259481.17,1015085.74,193523.5
Mali,MLI,2017,119274.55,224560.76,176056.84,206680.08,517723.47,111582.04,19419.53,140537.53,287870.95,270897.67,1056434.07,201680.51
Mali,MLI,2018,121116.1,233708.09,180832.39,213142.33,529138.18,115437.48,20303.51,147278.53,295690.65,274646.48,1070364.65,207206.7
Mali,MLI,2019,122983.58,243755.7,185662.62,219705.89,539357.11,119282.47,21279.47,155785.89,302825.46,278398.2,1081427.41,212465.51
Malta,MLT,1990,1029.35,7342.19,3866.22,5083.56,24582.73,2829.4,1297.54,8947.1,14647.46,2559.24,7351.38,4302.78
Malta,MLT,1991,1028.91,7403.32,3937.86,5176.44,24131.54,2861.13,1326.25,9140.79,14665.38,2573.1,7395.51,4367.49
Malta,MLT,1992,1031.66,7470.67,4015.12,5275.8,23810.78,2901.36,1360.09,9335.35,14783.13,2599.8,7413.06,4431.33
Malta,MLT,1993,1039.25,7541.56,4061.43,5361.63,23319.92,2939.28,1384.59,9526.67,14931.87,2623.95,7372.53,4448.05
Malta,MLT,1994,1047.7,7612.15,4100.6,5456.77,22819.86,2981.8,1423.42,9726.85,14971.24,2655.66,7317.64,4461.65
Malta,MLT,1995,1055.3,7686.97,4179.37,5563.06,22789.47,3024.48,1460.28,9917.88,15272.58,2685.57,7315.4,4541.82
Malta,MLT,1996,1072.98,7761.14,4244.31,5661.53,22991.02,3061.4,1519.03,10098.69,15525.83,2723.66,7336.78,4598.14
Malta,MLT,1997,1084.66,7842.12,4301.94,5763.4,23082.82,3102.16,1615.51,10284.93,15803.88,2757.1,7312.56,4713.95
Malta,MLT,1998,1074.01,7924.57,4284.7,5864.43,22643.12,3141.32,1720.12,10477.94,15892.29,2764.61,7249.97,4836.97
Malta,MLT,1999,1083.78,8006.06,4305.32,5969.23,22796.5,3176.9,1818.93,10675.98,16230.72,2796.27,7201.22,4965.5
Malta,MLT,2000,1076.06,8085.52,4271.34,6085,22756.06,3210.52,1887.09,10867.88,16554.71,2820.16,7194.83,5133.01
Malta,MLT,2001,1088.53,8160.89,4271.02,6206.84,22745.19,3238.34,1925.75,11035.51,16829,2868.81,7210.34,5341.24
Malta,MLT,2002,1109.16,8240.06,4359.53,6325.34,22767.28,3261.98,1960.16,11189.06,17173.02,2938.29,7289.55,5530.38
Malta,MLT,2003,1119.83,8314.77,4401.07,6440.16,22639.98,3280.9,1997.33,11335.03,17429.72,2993.96,7373.98,5704.65
Malta,MLT,2004,1118.43,8382.73,4417.36,6544.65,22219.27,3292.19,2036.8,11485.2,17625.81,3018.81,7445.44,5866.68
Malta,MLT,2005,1117.2,8446.18,4446.22,6648.26,21900.12,3293.64,2078.53,11640.25,17721.92,3018.22,7501.51,5947.26
Malta,MLT,2006,1111.08,8498.84,4417.93,6768.52,21604.33,3308.59,2137.89,11802.78,17849.64,3027.65,7599.99,6053.92
Malta,MLT,2007,1107.45,8541.01,4443.36,6896.07,21501.37,3325.84,2188.05,11961.07,18206.7,3038,7717.74,6203.08
Malta,MLT,2008,1098.8,8571.42,4451.24,7023.41,21455.24,3339.91,2233.72,12119.66,18564.88,3050.73,7815.05,6349.16
Malta,MLT,2009,1079.62,8598.4,4466.44,7146.63,21402.4,3354.88,2269.88,12281.35,18872.34,3039.59,7888.14,6438.4
Malta,MLT,2010,1062.79,8636.08,4492.94,7268.07,21334.75,3366.93,2293.3,12442.27,19100.33,3022.3,7968.01,6476.29
Malta,MLT,2011,1067.53,8680.82,4501.63,7405.98,21848.03,3380.88,2287.67,12610.59,19330.34,3045.08,8064.78,6512.84
Malta,MLT,2012,1062.08,8730.8,4532.19,7537.53,22002.69,3391.73,2244.36,12779.09,19563.29,3051.13,8150.36,6602.33
Malta,MLT,2013,1045.03,8783.45,4589.81,7659.24,21793.26,3409.83,2189.64,12948.49,19671.94,3038.18,8249.23,6783.32
Malta,MLT,2014,1033.35,8828.99,4648.25,7799.52,21762,3433.59,2138.94,13111.57,19870.87,3040.47,8339.86,6968.93
Malta,MLT,2015,1006.67,8862.34,4635.27,7904.51,21494.34,3444.52,2112.83,13265.99,19696.75,3001.95,8436.52,7070.18
Malta,MLT,2016,1020.63,8869.15,4692.57,8056.69,22012.06,3468.33,2140.68,13390.42,20006.8,3054.02,8517.2,7209.94
Malta,MLT,2017,1022.84,8874.41,4745.66,8196.65,22311.76,3490.44,2168.5,13511.86,20243.78,3082.98,8540.8,7355.78
Malta,MLT,2018,1021.89,8922.95,4824.11,8321.02,22627.54,3515.97,2132.34,13669.37,20463.74,3090.24,8549.04,7528.54
Malta,MLT,2019,1019.06,9010.19,4922.68,8455.91,23012.79,3546.01,2038.51,13862.53,20687.14,3079.48,8532.29,7740.77
Marshall Islands,MHL,1990,293.21,519.02,762.51,382.09,2579.36,307.16,91.12,469.53,855.95,545.19,833.43,798.27
Marshall Islands,MHL,1991,300.98,533.39,777.41,394.38,2663.38,313.95,94.78,483.42,890.82,557.8,856.4,840.52
Marshall Islands,MHL,1992,308.74,547.56,790.59,405.38,2750.69,320.37,98.53,497.45,923.08,570.7,865.95,886.01
Marshall Islands,MHL,1993,313.46,561.62,793.37,414.03,2803.13,326.18,101.61,511.36,944.89,577.44,867.24,927.43
Marshall Islands,MHL,1994,318.93,575.25,770.86,419.34,2772.27,331.26,103.79,525.4,943.78,578.73,873.94,951.96
Marshall Islands,MHL,1995,326.66,588.34,783.91,429.37,2864.91,336.39,107.43,539.96,981.91,591,885.92,1010.98
Marshall Islands,MHL,1996,332.73,600.6,795.02,437.98,2944.46,341.08,110.63,554.51,1016.36,601.03,905.64,1066.15
Marshall Islands,MHL,1997,339.31,612.36,810.5,446.76,3054.01,345.21,114.24,568.82,1052.79,612.72,926.25,1128.1
Marshall Islands,MHL,1998,343.42,623.24,822.85,454.84,3152.9,348.88,117.46,583.12,1084.2,621.2,945.4,1188.56
Marshall Islands,MHL,1999,345.74,632.85,835.08,461.46,3256.31,352.12,120.69,596.99,1115.46,626.58,960.72,1251.09
Marshall Islands,MHL,2000,346.21,641.99,843.46,467.87,3365.78,354.95,123.79,610.84,1150.86,628.54,981.02,1315.54
Marshall Islands,MHL,2001,347.92,649.7,847.73,474.5,3475.1,357.65,126.97,624.41,1190.16,630.94,996.03,1383.13
Marshall Islands,MHL,2002,349.57,656.81,853.3,481.12,3582.89,360.54,130.15,638.04,1230.08,633.18,1011.01,1453.99
Marshall Islands,MHL,2003,351.73,663.02,860.95,487.26,3692.95,363.07,133.12,651.53,1268.41,636.44,1025.61,1521.8
Marshall Islands,MHL,2004,353.4,668.59,865.46,492.43,3790.12,365.45,135.9,664.66,1303.32,638.41,1033.63,1591.51
Marshall Islands,MHL,2005,356.34,674,871.43,497.39,3891.93,366.92,138.55,677.56,1339.2,642.07,1037.32,1655.43
Marshall Islands,MHL,2006,361.26,678.91,880.51,502.75,4025.58,367.8,141.57,690.59,1380.57,648.28,1028.08,1703.77
Marshall Islands,MHL,2007,363.38,683.39,881.7,506.4,4113.27,368.31,143.71,703.41,1409.93,650.13,1014.29,1736.81
Marshall Islands,MHL,2008,365.1,688.19,882.48,510.12,4200.96,368.64,145.78,716.24,1439.04,651.62,1000.65,1771.75
Marshall Islands,MHL,2009,367.1,692.95,882.01,513.69,4281.3,369.47,147.68,729.21,1468.22,653.47,985.41,1808.14
Marshall Islands,MHL,2010,369.06,697.86,882.54,517.97,4358.59,370.28,149.45,742.61,1499.96,655.28,971.84,1846.87
Marshall Islands,MHL,2011,370.78,703.24,883.08,522.28,4429.77,371.42,151.13,756.42,1529.59,656.77,959.14,1901.17
Marshall Islands,MHL,2012,372.38,708.92,883.43,526.89,4494.68,372.77,152.49,770.29,1557.79,658.13,945.29,1957.33
Marshall Islands,MHL,2013,373.23,714.84,884.45,531.78,4560.86,374.27,153.96,784.85,1586.31,658.43,931.59,2017.92
Marshall Islands,MHL,2014,374.38,720.82,887.54,536.64,4631.37,375.95,155.53,799.3,1616.36,659.75,921.7,2080.31
Marshall Islands,MHL,2015,376.51,727.05,893.01,542.71,4710.54,377.68,157.26,814.08,1650.71,662.95,917.25,2145.33
Marshall Islands,MHL,2016,379.52,733.22,903.62,549.63,4788.32,378.5,159.52,828.96,1685.52,667.5,908.6,2211.61
Marshall Islands,MHL,2017,383.72,739.05,915.74,556.67,4872.99,379.67,161.69,843.88,1723.17,674.63,902.34,2265.91
Marshall Islands,MHL,2018,388.23,746.12,923.7,563.94,4962,381.38,163.63,859.05,1760.45,681.64,896.86,2329.07
Marshall Islands,MHL,2019,392.67,753.51,931.9,571.46,5049.97,383.63,165.1,874.45,1796.86,689,895.05,2394.68
Mauritania,MRT,1990,19382.23,24161.57,20763.7,21606.12,77509.54,9934.76,2661.08,17260.42,34287.23,35906.44,73677.09,24652.35
Mauritania,MRT,1991,19407.61,24783.38,20711.61,22085.3,76827.7,10183.93,2708.76,17767.19,34326.02,36060.35,74504.64,24832.14
Mauritania,MRT,1992,19613.85,25414.34,20752.75,22630.95,76860.08,10437.72,2769.14,18302.29,34695.2,36519.16,75501.87,25251.21
Mauritania,MRT,1993,19765.63,26050.23,20739.4,23233.83,76944.65,10706.4,2830.4,18850.89,35065.93,36934.97,76331.91,25701.32
Mauritania,MRT,1994,19374.72,26683.99,20299.9,23651.14,74943.04,10927.67,2875.77,19390.04,34419.34,36363.52,75811.54,25448.41
Mauritania,MRT,1995,19143.32,27323.74,19914.98,24077.24,73320.04,11150.43,2926.45,19933.41,34012.81,36060.15,75620.23,25297.23
Mauritania,MRT,1996,19416.52,27953.7,19901.07,24878.29,73496.3,11417.14,2989.59,20526.97,34684.77,36862.93,78262.82,25820.93
Mauritania,MRT,1997,19444.6,28587.34,19675.83,25651.79,73010.08,11661.17,3053.52,21131.69,34843.16,37094.73,79159.96,26006.03
Mauritania,MRT,1998,19779.03,29215.29,19635.11,26652.58,73594.85,11926.56,3128.89,21762.6,35558.33,37887.39,80896.52,26538.89
Mauritania,MRT,1999,19384.77,29867.8,19281.97,27362.44,72235.7,12163.18,3190.53,22403.39,35307.57,37367.74,81199.86,26361.52
Mauritania,MRT,2000,19481.78,30549.1,19385.15,28133.26,72754.87,12437.82,3262.48,23047.85,35965.64,37506.88,82386.63,26837.97
Mauritania,MRT,2001,19728.04,31264.66,19704.15,28834.14,74010.01,12729,3353.08,23713.05,37038.49,37731.42,83196.08,27577.96
Mauritania,MRT,2002,19656.81,32012.45,19922.18,29486.59,74555.11,13019.69,3436.11,24397.9,37812.69,37547.08,83989.94,28081.88
Mauritania,MRT,2003,19283.64,32772.97,19960.92,30000.69,74254.35,13294.55,3513.77,25100.04,38024.75,36788.81,83387.68,28252.56
Mauritania,MRT,2004,19490.31,33561.68,20325.13,30619.7,75901.51,13607.78,3622.2,25837.32,39408.74,37008.7,83755.52,29052.3
Mauritania,MRT,2005,19506.13,34352.43,20605.08,31290.2,76557.15,13943.84,3709.73,26555.93,40527.4,37161.19,86113.97,29620.99
Mauritania,MRT,2006,19714.11,35157.73,20988.77,32023.95,78342.05,14303.31,3820.03,27293.15,42336.36,37634.84,87706.97,30605.92
Mauritania,MRT,2007,19043.08,35978.81,20911.48,32350.76,77911.46,14625.95,3908.05,28019.83,42450.24,36563.75,86833.91,30525.2
Mauritania,MRT,2008,18552.81,36825.62,20983.22,32713.19,78261.27,14968.36,4007.6,28757.19,42851.05,35796.83,86152.66,30634.54
Mauritania,MRT,2009,18963.39,37695.26,21570.46,33419.05,81445.15,15365.95,4137.55,29531.22,45211.67,36635.34,88200.96,31852.45
Mauritania,MRT,2010,18536.35,38642.37,21708.33,33888.26,81864.93,15716.57,4245.77,30330.18,45635.37,35971.44,87113.21,32004.29
Mauritania,MRT,2011,18533.65,39720.17,22119.85,34680.11,83643.98,16084.51,4361.45,31177.32,46964.13,36038.84,87468.91,32567.37
Mauritania,MRT,2012,19103.88,40869.79,22859.23,35781.68,86984.53,16505.15,4502.44,32075.97,49552.77,37195.74,90080.29,33758.39
Mauritania,MRT,2013,19300.66,42109.85,23317.19,36636.61,88544.15,16891.66,4629.78,32979.62,51012.64,37617.78,90229.08,34343.87
Mauritania,MRT,2014,18792.71,43370.32,23313.09,37230.7,87539.52,17213.48,4736.85,33908.29,50529.41,36753.15,87948.58,34050.33
Mauritania,MRT,2015,18956.95,44634.85,23685.84,38183.45,89401.72,17584.26,4877.53,34893.2,51702.47,37193.51,88112.69,34669.48
Mauritania,MRT,2016,18983.59,45866.12,23876.7,39114.08,89144.52,17907.36,5042.79,35893.87,52100.01,37243.63,85851.66,35057.05
Mauritania,MRT,2017,19720.24,47119.32,24490.43,40310.31,92096.36,18265.4,5245.28,36943.57,54336.88,38369.11,84951.29,36496.54
Mauritania,MRT,2018,19437.13,48451.45,24781.94,41143.66,92811.71,18573.48,5401.37,38015.23,54850.68,37846.6,83267.8,37083.13
Mauritania,MRT,2019,19381.76,49882.29,25241.14,42114.76,94084.59,18911.81,5599.06,39136.48,55823.58,37790.52,83050.86,37878.73
Mauritius,MUS,1990,9621.44,17968.14,14010.08,12605.96,78660.05,6466.76,5425.79,16699.77,19755.23,14396.99,17171.9,23668.13
Mauritius,MUS,1991,9830.75,18212.29,13693.15,12784.14,76648.1,6535.79,5625.57,17122.82,19665.23,14451.55,17178.5,24021.73
Mauritius,MUS,1992,10405.5,18471.82,13840.16,13032.73,78612.89,6616.02,5696.75,17561.16,20897.71,15002.3,17685.27,25024.54
Mauritius,MUS,1993,11288.58,18745.61,13947.94,13295.38,81631.5,6696.22,5878.31,17990.37,21504.65,16032.83,17948.97,25822.36
Mauritius,MUS,1994,11672.49,19017.44,13870.76,13473.58,82661.06,6779.98,5873.21,18431.95,22017.34,16385.69,17927.24,26145.18
Mauritius,MUS,1995,12121.45,19298.47,13576.25,13660.56,83012.57,6849.97,5886.51,18858.13,22008.88,16849.51,18015.98,26764.46
Mauritius,MUS,1996,12550.79,19611.28,13482.61,14002.69,84422.74,6910.46,5796.73,19320.61,22282.74,17281.05,18220.78,27906.41
Mauritius,MUS,1997,12845.66,19979.52,13750.8,14292.99,88892.68,6970.46,5647.07,19757.25,23125.01,17691.15,18082.08,29363.97
Mauritius,MUS,1998,12446.32,20375.39,13564.97,14567.62,86823.84,7035.1,5316.64,20203.2,23186.79,17274.03,18158.16,29360.48
Mauritius,MUS,1999,12632.73,20755.07,13765.67,14930.1,88063.47,7099.62,5178.39,20671.64,24017.15,17587.11,18569.08,30840.17
Mauritius,MUS,2000,12258.6,21035.97,13734.12,15284.3,87754.08,7156.23,5025.96,21145.58,24811.53,17217.72,18370.88,32592.45
Mauritius,MUS,2001,12171.27,21239.09,13705.29,15669.71,87421.59,7213.66,5052.94,21594.52,25851.73,17138.15,18368.51,34961.12
Mauritius,MUS,2002,12296.25,21409.65,13833.74,16010.05,87922.73,7272.15,5247.6,22085.57,26694.61,17338.74,18844.33,38745.74
Mauritius,MUS,2003,11950.63,21552.07,13824.18,16357.26,85835.15,7329.67,5478.57,22555.9,27826.59,17036.41,19021.49,43475.73
Mauritius,MUS,2004,11771.96,21686.08,13523.25,16590.58,81313.33,7382.07,5689.67,23002.21,27978.76,16825.44,19325.54,48501.25
Mauritius,MUS,2005,11286.48,21797.41,13650.6,16868.87,76233.46,7453.96,5927.1,23457.27,28542.67,16305.05,19548.97,57897.24
Mauritius,MUS,2006,10910.06,21911.85,13494.29,17103.05,72088.82,7525.97,6205.79,23929.6,28990.21,15988.67,19451.29,63843.32
Mauritius,MUS,2007,10656.75,22010.48,13205.88,17284.71,68343.06,7572.52,6382.97,24411.05,29154.81,15629.91,19372.6,67851.5
Mauritius,MUS,2008,10675.05,22119.25,13263.47,17581.45,67712.02,7637.59,6702.89,24898.19,30600.02,15664.51,19076.74,74157.74
Mauritius,MUS,2009,10667.33,22194.75,13296.61,17878.37,67169.19,7706.82,6924.66,25382.98,31540.57,15646.8,18798.51,78907.1
Mauritius,MUS,2010,9901.1,22265.43,13025.74,18056.06,64780.09,7743.93,6916.88,25860.95,31733.36,14764.47,18463.98,81133.39
Mauritius,MUS,2011,9449.28,22273.86,12848.28,18260.55,63171.23,7782.91,6897.6,26304.46,31744.3,14279.5,18642.46,82399.84
Mauritius,MUS,2012,8698.16,22189.5,12942.66,18469.57,63066.95,7814.74,6728.44,26801.41,32642.36,13498.17,18817.33,83901.09
Mauritius,MUS,2013,8222.4,22098.17,12965,18653.45,62417.43,7839.67,6720.37,27225.2,32963.59,12937.43,18614.6,83479.3
Mauritius,MUS,2014,8120.69,22018.23,13355.32,18936.5,64412.08,7891,6768.25,27725.44,34379.36,12973.04,18947.33,85866.57
Mauritius,MUS,2015,8100.11,22029.23,13469.64,19296.08,66026.52,7908.85,6888.4,28173.63,35517.21,13003.33,18770.33,87071.7
Mauritius,MUS,2016,8051,22074.83,13733.92,19564.08,67929.42,7945.04,6986.76,28520.01,36429.82,13007.93,18699.1,88768.77
Mauritius,MUS,2017,7988.24,22128.65,14105.2,19826.93,69569.39,7982.37,7011.74,28934.39,38058.32,13051.98,18740.62,90288.6
Mauritius,MUS,2018,8240.19,22197.96,14487.88,20028.12,72050.4,7969.59,6864.3,29446.08,38730.22,13394.5,18643.42,92956.01
Mauritius,MUS,2019,8329.25,22266.86,14833.37,20247.87,73545.76,7964.79,6790.28,30107.54,39180.43,13531.92,18556.09,95061.6
Mexico,MEX,1990,845547.81,1125066.29,539408.58,963292.99,1698653.92,397766.57,397424.32,1150760.27,1479897.58,1454468.33,2280383.07,1483867.6
Mexico,MEX,1991,860454.7,1155760.9,544271.56,975420.7,1716662.74,403888.62,400419.2,1202695.06,1494666.16,1469793.75,2287561.01,1531794.88
Mexico,MEX,1992,883652.14,1187968.32,552817.5,990065.91,1757575.47,410402.37,404435.72,1255737.53,1528534.12,1497359.73,2302610.43,1594901.04
Mexico,MEX,1993,915548.2,1220666.14,565761.1,1008127.02,1805047.47,417274.28,410636.91,1308739.96,1573475.71,1536120.44,2318597.66,1669617.49
Mexico,MEX,1994,939110.33,1253360.1,576053.71,1027866.75,1836503.77,424213.59,416567.3,1358862.84,1613312.07,1563521.8,2337831.63,1740709.09
Mexico,MEX,1995,952336.78,1284757.49,590002.24,1047652.76,1883630.56,430910.96,421160.54,1403922.28,1661580.39,1583263.82,2359307.5,1826581.15
Mexico,MEX,1996,958025.14,1318750.99,599291.4,1065399.8,1910741.49,437678.32,426273,1443448.01,1696054.16,1591116.61,2371884.17,1891201.53
Mexico,MEX,1997,987933.12,1357582.96,608035.96,1082060.19,1955918.41,444901.91,436201.91,1480544.44,1750003.82,1628540,2382627.71,1984863.5
Mexico,MEX,1998,1012749.46,1398872.94,614252.04,1096608.64,1983783.2,451946.94,447005.62,1516030.43,1797335.29,1660463.95,2393729.48,2093827.89
Mexico,MEX,1999,1003418.02,1440311.09,616117.67,1109656.28,1983069.24,458956.22,450601.87,1550345.88,1818551.56,1652066.93,2386775.16,2184796.03
Mexico,MEX,2000,997681.04,1478801.61,612429.4,1125327.68,1975113.12,465925.19,451938.06,1585465.33,1830780.66,1647906.22,2379957.58,2262059.61
Mexico,MEX,2001,991530.05,1516243.44,615806.34,1144087.46,1998403.04,473817.41,449412.86,1623106.94,1852594.07,1649061.08,2373221.08,2360142.06
Mexico,MEX,2002,1008511.43,1555256.23,630379.92,1166007.76,2071383.01,482957.66,444694.08,1661668.21,1906253.33,1680750.1,2368072.68,2504156.4
Mexico,MEX,2003,1024425.73,1594461.74,645008.71,1189224.17,2138668.05,492376.7,439991.05,1700476.18,1954874.24,1713371.46,2370676.7,2646950.86
Mexico,MEX,2004,1009501.08,1633015.5,648255.23,1209257.13,2149961.15,501022.31,433143.8,1738451.32,1968629.84,1707011.38,2373477.11,2734407.89
Mexico,MEX,2005,1036761.44,1668919.03,666701.69,1235777.31,2234614.35,508755.1,431062.61,1777589.02,2036174.43,1755941.38,2390510.29,2890022.1
Mexico,MEX,2006,1022798.45,1707447.27,671220.08,1259620.07,2256027.5,515366.99,428583.62,1811144.14,2054546.79,1755559.73,2402920.55,2975947.67
Mexico,MEX,2007,1027741.6,1752319.08,683804.84,1286262.78,2308179.55,522478.79,430771.08,1839645.05,2083360.08,1779409.56,2410260.41,3086922.2
Mexico,MEX,2008,1072530.37,1799492.63,713290.39,1318893.03,2448346.73,529605,433105.55,1868831.3,2177742.61,1854717.29,2428688.87,3295441.3
Mexico,MEX,2009,1092675.27,1844640.1,736994.02,1349687.91,2566681.5,536811.49,434809.97,1901853.95,2257065.21,1902415,2445297.69,3466878.23
Mexico,MEX,2010,1068199.09,1883756.33,739223.65,1370927.67,2581874.18,543049.43,436022.78,1938592.45,2239784.18,1887564.3,2451509.54,3514983.55
Mexico,MEX,2011,1062515.56,1916405.95,740181.3,1392994.29,2609873.38,549801.61,438558.44,1988960.84,2251584.56,1894811.36,2458728.23,3587864.73
Mexico,MEX,2012,1078066.08,1946717.46,754230.68,1420255.07,2682428.66,557092.1,443554.48,2049367.29,2307432.8,1930886.44,2469243.83,3720167.28
Mexico,MEX,2013,1136058.24,1974933.58,787866.26,1454082.4,2853062.37,565204.59,452558.62,2115015.63,2424188.33,2020745.53,2482274.28,3935067.22
Mexico,MEX,2014,1160690.4,2002267.22,806032.47,1482412.6,2948074.28,573656.13,460970.09,2178443.81,2496122.72,2064240.34,2489453.66,4081517.43
Mexico,MEX,2015,1185640.5,2029769.06,818224.58,1508938.55,3021055.43,580602.63,467382.43,2234371.6,2539738.85,2106581.34,2487407.78,4203254.08
Mexico,MEX,2016,1237784.97,2056349.16,837922.05,1544925.57,3126934.61,580491.8,470291.66,2282125.98,2616266.81,2180711.31,2488213.38,4442302.7
Mexico,MEX,2017,1316095.17,2082272.02,869150.36,1585194.55,3297956.01,579973.52,476079.63,2331453.09,2738564.61,2287945.37,2493211.71,4726865.75
Mexico,MEX,2018,1360055.83,2109402.83,892807.09,1614021.63,3344851.86,585633.16,490461.49,2417483.45,2806038.63,2339105.35,2500807.14,4848653.11
Mexico,MEX,2019,1392883.09,2137251.32,921454.96,1641647.29,3428633.01,594058.17,502102.51,2544696.28,2872120.2,2364013.8,2521151.76,4951190.73
Micronesia (country),FSM,1990,800.16,1233,2270.64,950.86,7638.96,711.37,242.13,1205.1,2425.68,1496.01,2204.79,2323.72
Micronesia (country),FSM,1991,800.48,1254.68,2268.53,968.55,7738.72,721.94,248.6,1232.57,2476.8,1493.49,2218.41,2428.41
Micronesia (country),FSM,1992,799.21,1273.93,2258.7,984.62,7815.72,731.56,254.44,1258.68,2519.9,1488.51,2215.48,2538.4
Micronesia (country),FSM,1993,796.12,1292.5,2240.42,1000.02,7872.5,739.32,259.79,1283.28,2555.38,1479.85,2203.78,2648.07
Micronesia (country),FSM,1994,790.71,1308.24,2222.29,1013.49,7934.54,746.49,264.75,1306.19,2590.04,1468.59,2199.9,2768
Micronesia (country),FSM,1995,781.4,1322.62,2189.41,1023.33,7938.89,752.13,268.48,1325.27,2614.29,1449.07,2165.21,2883.74
Micronesia (country),FSM,1996,772.17,1334.21,2165.5,1032.6,7983.12,756.76,272.01,1344.37,2645.01,1429.03,2145.32,3038.14
Micronesia (country),FSM,1997,761.66,1343.21,2137.69,1038.52,8023.81,759.76,275.13,1362.31,2666.36,1406.98,2098.07,3201.51
Micronesia (country),FSM,1998,750.35,1349.62,2103.88,1042.72,8046.12,761.72,277.51,1378.93,2681.71,1384.32,2050.73,3367.64
Micronesia (country),FSM,1999,735.89,1354.44,2068.12,1045.44,8067.83,763.25,280.06,1394.57,2696.62,1357.63,2003.97,3544.65
Micronesia (country),FSM,2000,718.09,1359.03,2017.79,1047.4,8074.74,763.7,282.15,1409.09,2710.61,1323.58,1958.6,3713.88
Micronesia (country),FSM,2001,703.13,1361.46,1969.5,1049.59,8116.89,763.15,284.13,1424.81,2742.11,1293.09,1918.12,3887.03
Micronesia (country),FSM,2002,693.06,1361.15,1924.62,1051.99,8166.74,761.66,285.64,1440.13,2767.93,1269.11,1874.49,4056.39
Micronesia (country),FSM,2003,686.68,1360.19,1887.7,1052.82,8201.42,758.32,286.91,1455.83,2795.9,1249.31,1825.27,4204.27
Micronesia (country),FSM,2004,683.31,1358.82,1862.38,1054.99,8263.31,756.18,288.49,1470.96,2833.43,1238.28,1807.78,4376.92
Micronesia (country),FSM,2005,680.64,1358.04,1837.33,1055.64,8307.13,752.79,290.4,1484.3,2869.01,1228.39,1797.12,4532.49
Micronesia (country),FSM,2006,680.24,1357.44,1817.44,1055.87,8400.38,749.4,290.82,1497.71,2913.28,1223.12,1767.2,4596.9
Micronesia (country),FSM,2007,681.92,1357.66,1806.37,1056.43,8539.75,744.44,291.29,1510.86,2958.86,1221.92,1735.21,4617.91
Micronesia (country),FSM,2008,683.47,1357.89,1799.33,1056.37,8699.96,739.6,291.51,1524.64,3008.01,1221.18,1703.72,4646.58
Micronesia (country),FSM,2009,685.12,1359.05,1791.69,1056.71,8848.21,734.8,291.33,1538.24,3053.07,1222.34,1669.35,4670.88
Micronesia (country),FSM,2010,687.92,1360.63,1780.66,1055.92,8969.34,730.44,291.6,1551.29,3094.04,1222.74,1630.96,4690.95
Micronesia (country),FSM,2011,689.88,1362.3,1774.56,1056.43,9078.57,725.93,291.69,1565.88,3136.05,1221.93,1605.76,4769.55
Micronesia (country),FSM,2012,693.12,1364.67,1770.1,1057.39,9176.13,722.13,291.04,1580.88,3176.81,1224.51,1583.02,4859.35
Micronesia (country),FSM,2013,697.96,1367.21,1770.43,1059.11,9292.63,718.73,290.8,1595.28,3221.65,1229.72,1558.22,4967.14
Micronesia (country),FSM,2014,703.39,1370.41,1777.24,1061.99,9426.82,715.76,291.25,1609.28,3273.51,1238.17,1541.63,5095.65
Micronesia (country),FSM,2015,708.93,1372.61,1781.52,1064.63,9545.39,713.01,292.2,1623.52,3327.61,1246.16,1534.57,5229.23
Micronesia (country),FSM,2016,713.31,1373.01,1795.68,1068.42,9656.95,710.21,294.71,1636.64,3377.15,1251.66,1514.98,5367.56
Micronesia (country),FSM,2017,717.89,1373.8,1812.12,1073.99,9783.55,707.7,297.46,1650.17,3432.49,1258.97,1497.9,5460.75
Micronesia (country),FSM,2018,722.01,1376.47,1819.9,1079.27,9916.98,705.51,299.63,1666.2,3489.18,1266.31,1485.21,5571.6
Micronesia (country),FSM,2019,724.13,1380.85,1827.45,1084.94,10045.38,703.47,301.68,1682.99,3540.5,1273.64,1475.7,5677.61
Middle East & North Africa (WB),NA,1990,1618642.58,4567667.74,1941050.36,2612378.05,14932091.83,1093387.99,445150.56,2914414.83,3836543.4,2546650.62,12057515.97,2281598.22
Middle East & North Africa (WB),NA,1991,1612077.81,4699112.86,1963197.2,2672590.08,15066006.62,1118927.7,462145.53,3017422.37,3920003.89,2537656.02,11815798.26,2345436.7
Middle East & North Africa (WB),NA,1992,1613956.76,4824986.76,1988645.78,2735372.63,15266451.22,1142745.71,479925.32,3119901.57,4018479.67,2543683,11609591.84,2412804.54
Middle East & North Africa (WB),NA,1993,1633931.25,4960005.33,2024470.26,2805814.1,15563755.7,1167891.77,501005.78,3229348.64,4129036.44,2568943.38,11438196.2,2493552.67
Middle East & North Africa (WB),NA,1994,1649597.92,5102352.24,2056677.11,2878876.81,15790915.98,1194031.33,524182.79,3343204.86,4228515.46,2589746.37,11260938.92,2571987.97
Middle East & North Africa (WB),NA,1995,1647047.94,5246369.98,2078812.25,2954399.29,15917815.81,1220008.54,548713.92,3459598.66,4320381.94,2590930.09,11125727.33,2644909.17
Middle East & North Africa (WB),NA,1996,1660265.89,5388545.03,2100775.37,3030348,16060304.11,1246966.06,577222.13,3582174.69,4421881.71,2607789.08,10981825.7,2735623.54
Middle East & North Africa (WB),NA,1997,1685467.35,5526006.51,2133549.98,3108141.69,16334887.28,1274221.56,607988.74,3709968.31,4532355.37,2643083.58,10881795.02,2834782.17
Middle East & North Africa (WB),NA,1998,1699309.83,5663373.19,2158450.92,3183875.87,16511178.3,1302345.88,641183.05,3843224.53,4617011.92,2665896.46,10757676.16,2923220.57
Middle East & North Africa (WB),NA,1999,1721584.76,5804049.29,2188161.81,3263431.22,16736395.97,1329983.09,675738.16,3980438.73,4720018.53,2700609.98,10654470.47,3020588.62
Middle East & North Africa (WB),NA,2000,1722371.46,5952206.41,2196209.01,3344882.97,16723599.09,1356873.34,712525.61,4119296.47,4809472.57,2708498.72,10541736.93,3101192.24
Middle East & North Africa (WB),NA,2001,1775801.86,6107196.7,2239982.72,3438078.01,17067255.48,1382648.31,749621.44,4263204.53,4958771.12,2779274.79,10445914.84,3218988.84
Middle East & North Africa (WB),NA,2002,1817657.62,6268720.82,2289776.25,3538344.22,17409263.94,1408425.72,787660.05,4415098.97,5093536.86,2840196.69,10384792.15,3347722.35
Middle East & North Africa (WB),NA,2003,1856590.56,6437488.73,2341863.13,3642337.9,17768566.81,1435198.36,827228.65,4573987.49,5224980.7,2898386.16,10345334.1,3483872.77
Middle East & North Africa (WB),NA,2004,1877390.78,6606781.9,2380135.46,3744942.73,17957519.77,1461662.81,867744.4,4737095.8,5358736.37,2939008.39,10356505.53,3620246.97
Middle East & North Africa (WB),NA,2005,1889060.87,6775702.71,2416251.66,3844565.33,18159871.9,1487562.32,904061.44,4903951.18,5510805.88,2965871.08,10378638.28,3750844.39
Middle East & North Africa (WB),NA,2006,1906973.78,6961506.66,2467141.15,3948584.56,18468648.74,1515874.98,945389.18,5080380.64,5689063.89,3006236.09,10414039.9,3901153.72
Middle East & North Africa (WB),NA,2007,1923301.76,7171341.37,2521440.15,4060835.29,18724101.49,1546982.36,997359.01,5269177.49,5864291.02,3047164.63,10451785.82,4047937.31
Middle East & North Africa (WB),NA,2008,1966513.79,7395460.5,2588831.92,4179361.08,19111096.43,1580067.53,1047265.69,5468812.61,6089122.88,3119810,10499432.45,4224389.67
Middle East & North Africa (WB),NA,2009,2012254.19,7609459.28,2647260.6,4293057.4,19480203.86,1611481.58,1085252.66,5669835.32,6320324.31,3191054.11,10527866.2,4404923.47
Middle East & North Africa (WB),NA,2010,2051599.44,7793218.04,2690940.54,4395364.22,19763441.56,1639690.76,1109974.7,5863687.78,6523639.18,3251103.5,10505637.19,4584408.66
Middle East & North Africa (WB),NA,2011,2089030.58,7971689.71,2741881.3,4498025.33,20039792.74,1668052.57,1127441.29,6054094.42,6738701.27,3312860.35,10508815.15,4750841.64
Middle East & North Africa (WB),NA,2012,2134809.93,8158973.63,2798338.14,4595978.61,20459500.05,1696086.18,1139280.46,6235321.64,6963747.59,3381650.91,10449556.67,4938078.11
Middle East & North Africa (WB),NA,2013,2141772.1,8339920.46,2853428.15,4690006.32,20800700.89,1723228.44,1144454.95,6410236.65,7176379.57,3410497.73,10409558.33,5119419
Middle East & North Africa (WB),NA,2014,2184433.5,8510859.75,2909596.67,4780856.01,21206220.47,1749241.27,1153024.97,6587461.62,7407407.43,3471628.62,10320791.41,5348034.37
Middle East & North Africa (WB),NA,2015,2252246.11,8670601.36,2977931.45,4876703.96,21959336.62,1775139.42,1158289.61,6776203.41,7664781.82,3562053.36,10277463.88,5614141.18
Middle East & North Africa (WB),NA,2016,2301283.84,8805554.74,3036680.17,4975709.6,22357416.13,1800901.17,1166704.96,6979808.34,7877232.47,3629710.22,10076666.63,5849741.39
Middle East & North Africa (WB),NA,2017,2341438.37,8942464.58,3099697.09,5076618.38,22817574.06,1826802.17,1179064.22,7189986.31,8100354.89,3693077.18,9958301.39,6060459.89
Middle East & North Africa (WB),NA,2018,2394228.34,9105301.91,3170552.93,5173757.19,23371256.52,1856044.73,1196603.75,7400759.52,8354994.79,3767072.47,9883414.28,6309712.2
Middle East & North Africa (WB),NA,2019,2447077.65,9280127.45,3246054.54,5266958.3,23946888.57,1888508.4,1213411.38,7617717.73,8599238.17,3839287.92,9836584.19,6568153.85
Moldova,MDA,1990,96716.59,73425.59,54404.35,54431.06,428076.71,19654.64,31948.6,63328.28,195986.64,139451.78,109414.45,26929.08
Moldova,MDA,1991,103659.2,73479.38,56309.44,55740.45,467413.25,19669.44,32107.22,63939.33,200392.19,148581.59,107544.31,29230.2
Moldova,MDA,1992,96615.36,73463,53890.68,55666.67,456796.9,19561.34,31350.48,64429.36,186592.38,140553.84,104837.52,29641.88
Moldova,MDA,1993,100274.38,73422.83,54651.31,56277.79,487709.42,19448.13,31790.95,64926.5,187215.26,145282.46,102594.32,31096.63
Moldova,MDA,1994,117297.45,73299.99,59753.69,57462.96,558439.5,19355.1,32994.18,65332.11,204143.69,166751.13,101718.18,34190.65
Moldova,MDA,1995,122918.72,73128.15,60081.93,57673.89,581369.04,19175.57,33537.06,65615.36,204075.34,173334.51,99685.68,35467.31
Moldova,MDA,1996,114003.74,72945.5,56249.5,57145.15,553736.15,18912.54,32831.85,65810.02,188468.55,161976.65,97292.21,35021.15
Moldova,MDA,1997,102209,72860.65,52229.45,56184.39,509445.93,18635.86,31448.79,66071.84,168844.62,146602.66,94706.01,33643.67
Moldova,MDA,1998,95835.35,72770.98,50120.45,55990.53,487170.48,18412.96,30529.38,66442.72,159824.41,138645.01,93195.37,33742.7
Moldova,MDA,1999,98837.57,72617.54,50710.29,56244.55,499177.28,18203.71,29629.41,66876.53,160040.44,140745.09,92415.26,34550.76
Moldova,MDA,2000,101994.48,72359.53,50097.48,56086.67,505234.62,18009.87,29465.38,67236.55,160341.83,143569.68,91631.52,34514.73
Moldova,MDA,2001,103037.38,71959.44,48611.09,55905.96,500547.72,17766.08,29971.1,67506.81,158659.47,144370.69,90084.02,33941.52
Moldova,MDA,2002,105852.02,71449.06,49063.06,56224.62,514805.46,17524.21,30939.22,67781.01,161515.52,147701.32,88085.04,34070.01
Moldova,MDA,2003,109245.46,70862.78,48681.9,56125.06,524625.11,17305.02,31754.06,67967.38,164743.87,151397.27,86351.99,34200.56
Moldova,MDA,2004,110436.76,70322.02,46512.35,55827.68,515131.89,17144.05,33001.73,68094.5,165934.41,152537.34,85171.87,33822.48
Moldova,MDA,2005,119966.87,69810.67,46722.58,56118.02,535722.33,16997.23,34820.96,68298.01,177523.22,163538.31,84508.53,34982.16
Moldova,MDA,2006,117287.82,69294.67,43855.12,55975.92,519164.48,16787.81,35868.65,68373.44,176809.02,159295.48,83354.79,35018.12
Moldova,MDA,2007,115279.9,68739.34,41855.83,56062.02,514575.75,16633.97,37380.83,68477.54,177361.23,155722.46,82331.72,35434.67
Moldova,MDA,2008,112205.46,68215.5,39445.8,55846.32,503652.67,16482.14,37804.65,68576.64,178049.59,151275.22,81919.79,35768.37
Moldova,MDA,2009,111886.19,67718.78,37633.01,55842.52,501742.64,16360.01,38242.14,68703.91,181932.59,150663.19,81087.87,36520.24
Moldova,MDA,2010,114456.59,67299.38,36909.86,55888.59,513019.37,16254.67,38224.16,68948,189722.71,153361.3,79947.98,37453.79
Moldova,MDA,2011,98176.43,67027.94,32596.5,55066.75,458825.81,16113.3,36085.37,69208.46,174086.63,133850.09,77634.74,36033.88
Moldova,MDA,2012,96347.68,66773.09,31141.88,55166.5,456720.65,16016.73,35428.66,69678.14,176638.94,131797.04,76877.05,36388.87
Moldova,MDA,2013,91719.76,66534.92,29395.55,55212.78,441525.7,15949.99,34715.21,70168.66,174410.11,126452.15,75011.12,36315.86
Moldova,MDA,2014,95893.12,66327.08,29134.16,55822.76,458723.75,15901.98,34943.89,70707.19,183884.47,131531.31,74103.56,37117.69
Moldova,MDA,2015,98468.54,66038.32,29177.64,56213.96,473258.94,15865.09,34592.7,71081.35,191461.52,134780.89,73033.57,37925.81
Moldova,MDA,2016,93082,65826.78,27993.25,55977.63,459248.59,15772.86,33211.26,71309.64,186433.05,128603.64,71814.56,38024.61
Moldova,MDA,2017,83305.78,65640.58,26726.15,55687.21,431814.81,15672.52,32053.05,71610.54,174575.12,117103.87,70761.77,37665.1
Moldova,MDA,2018,81994.6,65388.37,27104.85,55850.17,427756.56,15568.55,31869.84,72012.52,171189.46,115474.73,69848.37,37517.9
Moldova,MDA,2019,81367.58,65057.32,27287.3,56101.88,421026.86,15496.82,31754.46,72476.53,168835.7,114770.77,69257.4,37130.09
Monaco,MCO,1990,150.78,700.97,428.62,615.05,3001.81,211.77,122.34,962.3,2820.45,321.45,588.94,226.21
Monaco,MCO,1991,151.41,706.59,431.78,625.12,3000.71,213.46,124.31,973.17,2849.39,323.43,591.45,231.31
Monaco,MCO,1992,152.21,711.96,434.87,634.61,2997.59,215.31,126.04,983.72,2882.79,325.52,593.03,236.6
Monaco,MCO,1993,153.21,716.74,438.34,644.07,2991.63,217.11,127.64,993.45,2925.33,327.93,596.02,242.22
Monaco,MCO,1994,154.54,721.51,442.51,653.46,2983.26,218.92,129.01,1002.59,2973.46,331.02,598.16,248.33
Monaco,MCO,1995,155.67,725.92,446.96,663.17,2963.75,220.72,130.36,1010.84,3029.3,333.84,600.18,254.67
Monaco,MCO,1996,157.34,730.41,452.51,673.61,2933.78,222.57,131.67,1019.1,3098.36,337.62,602.22,261.92
Monaco,MCO,1997,159.45,734.45,458.88,683.83,2873.45,224.53,132.87,1027.47,3188.6,342.48,604.25,270.29
Monaco,MCO,1998,161.64,738.63,466.16,694.76,2777.87,226.52,134.47,1035.66,3309.59,348.1,606.43,279.94
Monaco,MCO,1999,163.71,742.87,474.62,706.4,2642.89,228.51,135.91,1043.97,3458.78,354.84,608.94,291.26
Monaco,MCO,2000,164.85,747.81,482.91,718.04,2500.9,230.5,137.43,1051.61,3611.29,360.82,612.19,303.15
Monaco,MCO,2001,165.91,753,489.75,728.88,2416.03,232.34,138.77,1060.14,3725.98,365.59,615.8,313.3
Monaco,MCO,2002,166.92,758.71,495.45,738.57,2367.72,234.28,139.63,1068.4,3807.02,369.17,619.27,321.95
Monaco,MCO,2003,168.31,764.45,500.65,747.5,2340.52,236.25,140.5,1076.82,3874.94,372.75,623.03,330.04
Monaco,MCO,2004,169.76,770.16,505.08,755.25,2324.95,238.16,141.33,1085.32,3933.7,375.97,626.67,337.6
Monaco,MCO,2005,171.23,776.46,508.94,763.48,2319.56,240.01,142.61,1093.54,3978.77,378.97,630.06,344.58
Monaco,MCO,2006,172.56,782.8,511.94,771.32,2317.01,241.98,143.92,1102.35,4026.1,381.59,633.76,351.78
Monaco,MCO,2007,173.24,789.46,513.52,778.6,2306.32,244.09,145.2,1111.79,4068.51,382.88,637.11,358.59
Monaco,MCO,2008,174.15,796.47,515.15,785.98,2297.97,246.14,146.71,1120.93,4108.56,384.54,640.42,365.45
Monaco,MCO,2009,175.76,802.81,517.86,793.45,2304.59,248.16,148.1,1130.11,4153.89,387.7,644.33,373
Monaco,MCO,2010,177.06,809.55,519.79,800.35,2313.14,249.91,149.62,1138.45,4183.68,389.99,647.97,379.99
Monaco,MCO,2011,177.66,815.55,521.1,805.83,2317.76,251.56,150.55,1147.57,4212.24,391.39,651.75,386.32
Monaco,MCO,2012,178.81,821.9,523.71,812.34,2307.3,253.28,151.34,1156.89,4249.21,393.32,656.05,393.81
Monaco,MCO,2013,180.07,827.55,524.26,817.06,2291.95,254.9,151.81,1165.47,4283.59,395.6,660.28,400.88
Monaco,MCO,2014,179.61,832.59,524,819.37,2280.34,256.43,151.81,1173.37,4296.93,395.3,663.59,407.13
Monaco,MCO,2015,178.95,837.64,522.93,821.88,2265.55,257.85,152.39,1180.97,4297.01,394.43,666.58,413.19
Monaco,MCO,2016,178.12,841.87,523.4,826.36,2251.76,259.43,152.47,1187.82,4304.68,393.73,670.12,420.77
Monaco,MCO,2017,176.93,843.79,524.29,829.51,2241.96,260.55,152.45,1193,4313.12,392.69,672.68,429.08
Monaco,MCO,2018,175.82,847.1,524.48,831.17,2230.82,261.84,153.41,1200.46,4324.88,391.61,674.78,437.59
Monaco,MCO,2019,174.32,851.3,525.38,832.44,2219.24,263.26,155.46,1209.89,4336.33,390.25,676.22,446.54
Mongolia,MNG,1990,29775.41,27434,17186.78,20869.96,150770.04,13677.82,7564.62,18805.52,82633.92,62302.6,58508.61,18784.98
Mongolia,MNG,1991,30341.07,28150.8,17414.07,21441.13,157118.84,13895.97,7886.09,19247.7,85661.85,62784.79,57976.61,19675.28
Mongolia,MNG,1992,31101.69,28833.67,17810.22,22247.04,163489.06,14098.71,8331.46,19685.86,88048.47,64074.7,57890.74,21010.89
Mongolia,MNG,1993,31805.41,29497.7,18218.81,22990.19,169609.32,14262.96,8739.15,20131.37,91014,65153.87,57777.99,22377.37
Mongolia,MNG,1994,31930.63,30175.2,18317.93,23453.55,174077.84,14374.92,9112.5,20546.2,92805.41,64843.05,56570.52,23038.77
Mongolia,MNG,1995,32461.15,30839.03,18475.92,23885.69,183887,14457.92,9622.54,20952.87,95561.45,64669.54,56972.06,23686.5
Mongolia,MNG,1996,32916.68,31515.17,18481.67,24248.74,190965.33,14512.18,10208.4,21395.52,97491.99,64274.83,57314.91,24075.66
Mongolia,MNG,1997,33084.59,32177.21,18043,24483.15,193825.78,14547.2,10898.73,21800.62,97837.91,63260.7,57563.03,24155.24
Mongolia,MNG,1998,33173.62,32853.11,17618.36,24664.43,195888.14,14573.2,11653.27,22247.43,98219.67,62004.75,57608.26,23820.59
Mongolia,MNG,1999,33256.28,33553.22,17275.57,24970.72,199857.62,14586.12,12614.63,22726.62,99018.13,60756.52,58068.79,23556.51
Mongolia,MNG,2000,33953.21,34308.97,16854.58,25347.53,203989.05,14605.8,13976.65,23262.3,99900.27,60386.17,58588.81,22836.88
Mongolia,MNG,2001,35102.72,35029.15,16504.22,25825.27,209364.3,14611.91,15851.4,23832.26,101997.15,60411.21,58689.38,21905.89
Mongolia,MNG,2002,36224.22,35695.83,15921.45,26361.2,210340.15,14637.1,18314.79,24430.98,103089.83,60661.94,59095.13,21006.27
Mongolia,MNG,2003,37553.5,36347.17,15424.64,26925.78,211351.41,14672.61,21319.06,25100.91,104938.25,61376.36,59680.48,20446.89
Mongolia,MNG,2004,38834.66,37025.81,14992.95,27516.08,211981.02,14722.96,24824.51,25836.86,107093.47,62203.32,60268.01,20251.98
Mongolia,MNG,2005,39985.1,37805.24,14725.77,28098.64,213269.92,14790.65,28302.71,26602.57,110013.31,63020.01,61072.02,20212.9
Mongolia,MNG,2006,40760.72,38599.65,14432.34,28585.02,213360.83,14875.34,31400.75,27422.87,112973.86,63513.25,62091.77,20124.4
Mongolia,MNG,2007,41249.97,39381.26,14116.22,29065.9,210779.84,14997.58,34246.19,28230.37,115606.63,63780.72,63189.51,20092.06
Mongolia,MNG,2008,41851.5,40126.47,13964.39,29597.35,210380.81,15154.73,36653.44,29112.99,118828.03,64279.17,64364.01,20209.16
Mongolia,MNG,2009,43001.61,40879.77,14046.87,30162.51,216407.09,15375.29,38944.8,30020.85,124235.74,65578.26,65218.69,20668.73
Mongolia,MNG,2010,44319.65,41701.26,14103.57,30753.62,221776.8,15617.44,41230.42,30951.69,129301.04,67173.19,65911.95,21118.45
Mongolia,MNG,2011,44983.51,42525.15,14192.82,31348.56,225217.92,15919.42,41650.74,31946.16,133143.39,68067.15,66562.47,21716.37
Mongolia,MNG,2012,45353.69,43395.28,14138.76,31924.33,224776.51,16258.99,41756.36,32920.53,136052.87,68622.79,67058.15,22156.48
Mongolia,MNG,2013,45835.27,44255.38,14080.07,32455.02,224196.8,16639.89,41787.85,33924.19,138951.44,69279.93,67221.61,22556.26
Mongolia,MNG,2014,46576.84,45119.47,14063.73,33030.2,223991.41,17045.77,41997.45,34960.69,142136.96,70200.25,66741.66,23056.84
Mongolia,MNG,2015,47633.16,46031.51,14187.78,33605.09,228318.32,17432.38,42410.29,36064.95,146536.18,71201.7,64475.3,23710.41
Mongolia,MNG,2016,49424.74,47336.95,14649.45,34369.29,237376.41,17844.88,43307.17,37257.62,152752.5,73414.69,63583.72,24596.13
Mongolia,MNG,2017,51043.93,48633.48,15109.92,35126.2,245259.08,18232.8,44195.66,38464.46,158680.74,75745.78,64512.29,25421.15
Mongolia,MNG,2018,52500.7,49389.17,15591.71,35919.55,253963.63,18595.95,45252.2,39598.6,164573.98,77586.19,64372.49,26313.48
Mongolia,MNG,2019,54154.65,49934.17,16174.89,36802.67,264433.65,18946.74,46519.73,40745.44,170915.59,79665.15,64146.45,27289.68
Montenegro,MNE,1990,1189.19,9191.01,2222.14,7531.66,46359.05,2750.11,2293.91,9696.34,26417.06,4505.6,8791.75,6511.36
Montenegro,MNE,1991,1188.77,9252.87,2193.37,7572.98,45632.18,2755.13,2319.55,9811.65,26183.98,4515.99,8678.48,6601.96
Montenegro,MNE,1992,1211.02,9311.5,2208.4,7643.8,46870.8,2758.86,2336.42,9932.09,26646.74,4584.67,8666.73,6804.62
Montenegro,MNE,1993,1257.15,9368.35,2266.93,7714.83,49921.68,2761.85,2343.42,10045.21,27716.24,4711.86,8702.31,7088.82
Montenegro,MNE,1994,1304.84,9421.6,2317.23,7791.33,52969.72,2762.95,2356.7,10159.6,28755.71,4852.22,8754.37,7412.79
Montenegro,MNE,1995,1332.93,9471.62,2351.77,7858.34,54834.02,2763.55,2370.37,10270.68,29397.37,4945.6,8751.89,7645.94
Montenegro,MNE,1996,1358.91,9523.09,2390.16,7927.4,56849.78,2763.01,2382.29,10373.26,30191.25,5037.32,8772.96,7907.16
Montenegro,MNE,1997,1411.1,9571.26,2445.08,8020.49,59629.41,2759.59,2401.65,10478.6,31531.04,5183.26,8769.53,8246.13
Montenegro,MNE,1998,1438.45,9618.13,2455.69,8102.73,60547.42,2757.27,2421.16,10581.47,32386.22,5269.39,8793.21,8502.4
Montenegro,MNE,1999,1451,9656.79,2464.67,8207.2,61159.33,2753.93,2445.27,10684.66,32995.74,5334.28,8858.89,8742.42
Montenegro,MNE,2000,1448.45,9694.45,2479.06,8272.57,62056.4,2750.45,2447.77,10788.83,33598.69,5355.41,8904.35,8949.95
Montenegro,MNE,2001,1471.02,9727.23,2515.2,8318.1,63415.08,2746.82,2444.22,10889.07,34579.87,5410.62,8868.78,9166.9
Montenegro,MNE,2002,1493.72,9758.56,2556.83,8377.79,64786.04,2742.86,2441.26,10993.94,35406.67,5496.5,8767.48,9461.47
Montenegro,MNE,2003,1515.67,9784.9,2605.82,8469.06,66592.44,2738.22,2456.25,11092.03,36405.28,5582.36,8716.05,9793.8
Montenegro,MNE,2004,1525.27,9810.69,2649.09,8542.31,68009.01,2732.53,2463.83,11187.33,37076.39,5628.88,8615.83,10032.53
Montenegro,MNE,2005,1534.86,9827.45,2692.17,8622.48,69364.65,2726.91,2467.9,11280.85,37740.92,5671.91,8556.36,10260.13
Montenegro,MNE,2006,1543.59,9841.08,2715.46,8696.43,70025.78,2718.82,2466.44,11372.17,38075.22,5707.18,8500.85,10409.86
Montenegro,MNE,2007,1530.39,9850.57,2728.34,8754.38,70284.28,2711.2,2452.67,11457.68,38069.22,5695.1,8432.75,10502.59
Montenegro,MNE,2008,1516.65,9856.28,2733.53,8802.4,70096.87,2704.47,2439.96,11544.84,38116.36,5666.23,8394.14,10588.15
Montenegro,MNE,2009,1521.3,9859.37,2745.62,8856.71,70299.61,2698.14,2430.41,11626.64,38364.87,5671.19,8352.88,10703.54
Montenegro,MNE,2010,1509.72,9861.97,2748.55,8908.71,69781,2691.63,2417.22,11703.56,38264.5,5628.14,8313.6,10777.19
Montenegro,MNE,2011,1503.06,9861.65,2773.54,8967.22,69778.26,2685.42,2415.41,11780.76,38384.12,5598.45,8222.8,10886.69
Montenegro,MNE,2012,1473.26,9857.15,2790.74,9026.51,69257.81,2678.86,2414.28,11868.81,38176.1,5540.56,8185.02,11006.2
Montenegro,MNE,2013,1477.42,9850.61,2824.86,9098.29,69770.99,2673.24,2419.95,11954.89,38607.97,5550.26,8158.59,11210.05
Montenegro,MNE,2014,1484.48,9846.14,2853.16,9173.9,70523.25,2667.5,2424.19,12030.61,39133.55,5570.51,8150.06,11416.96
Montenegro,MNE,2015,1486.8,9838.42,2880.13,9231.5,71169.66,2661.71,2419.06,12091.86,39445.43,5572.05,8073.66,11589.4
Montenegro,MNE,2016,1492.94,9839.98,2957.82,9293.03,71295.42,2655.88,2393.1,12141.63,39779.51,5589.83,8074.15,11681.16
Montenegro,MNE,2017,1497.04,9839.05,3028.9,9364.65,71536.1,2650.13,2364.32,12188.84,40110.05,5616.39,8075.22,11775.85
Montenegro,MNE,2018,1491.56,9836.73,3007.24,9386.81,70688.73,2643.13,2373.79,12243.6,40071.05,5607.61,8062.32,11910.79
Montenegro,MNE,2019,1486.2,9832.98,2994.86,9421.01,69903.9,2634.5,2408.95,12301.96,40149.16,5585.83,8047.86,12150.82
Morocco,MAR,1990,86746.77,480921.3,172070.34,254138.56,1469691.96,103838.84,44117.73,292889.83,352626.45,186919.11,897479.07,203732.53
Morocco,MAR,1991,87751.57,492522.44,175905.16,259974.65,1508161.08,105752.31,45436.69,302501.78,364769.83,188155.31,892648.82,211041.58
Morocco,MAR,1992,92102.08,504045.85,184617.92,267740.23,1581132.22,107657.47,47011.12,312271.26,387158.48,195118.69,895859.67,222370.68
Morocco,MAR,1993,94111.22,514843.6,190373.09,274256.18,1639844.69,109510.09,48538.28,322158.36,403533.33,198163.3,894824.96,231463.45
Morocco,MAR,1994,94402.23,525931.24,192613.96,279958.49,1658146.13,111334.77,49851.96,332033.16,411840.35,198429.29,890544.26,237632.92
Morocco,MAR,1995,95147.25,536793.71,196127.37,286127.15,1689266.16,113070.87,51205.65,341852.01,421515.57,199785.62,891119.68,245276.14
Morocco,MAR,1996,95634.39,547635.32,198330.82,292076.84,1708381.81,114838.3,52593.13,352480.36,431064.53,200455.59,892058.18,252846.79
Morocco,MAR,1997,96628.02,557942.69,202040.57,298265.6,1741861.43,116547.64,54176.66,363674.3,442745.96,202202.35,892879.71,261466.92
Morocco,MAR,1998,96774.92,568010.13,204663.53,303929.35,1760507.19,118207.73,55592.36,375101.56,449518.38,202689.73,889004.12,268590.32
Morocco,MAR,1999,98032.91,578042.06,209303.95,310427.86,1802930.22,119875.5,57325.26,386839.73,462859.79,205149.54,886036.98,279608.9
Morocco,MAR,2000,97129.06,588369.64,209233.78,315902.46,1787870.89,121444.42,58663.09,398130.11,466425.91,204297.19,882646,286713.06
Morocco,MAR,2001,97552.78,598910.5,212047.33,322573.02,1803011.49,123090.28,60089,410160.7,478887.47,205941.7,881237.32,299813.37
Morocco,MAR,2002,97864.13,608934.54,214975.18,329588.57,1817408.79,124743.69,61258.46,422414.11,489784.2,207539.09,882436.29,314166.07
Morocco,MAR,2003,99121.7,619069.41,221125.39,336958.73,1873945.63,126362.65,62598.28,434845.18,507176.32,210548.59,880357.12,332169.85
Morocco,MAR,2004,99747.02,628817.93,225263.09,343672.26,1910688.81,127944.33,63800.55,447123.47,521910.03,212347.95,877500.53,347667.43
Morocco,MAR,2005,100588.66,638609.96,229589.64,350599.64,1951423.72,129349.99,65157.39,459153.37,536790.7,214296.02,874564.75,362772.3
Morocco,MAR,2006,101561.06,648142.54,234148.63,357720.76,1995162.58,130758.12,66856.13,470898.47,552872.47,216173.58,869632.12,378631.02
Morocco,MAR,2007,103043.98,657572.61,239190.5,364687.66,2044924.16,132115.43,69265.11,482765.28,571522.71,218772.2,861812.59,395350.77
Morocco,MAR,2008,104531.96,666750.29,243295.95,371447.87,2080419.06,133386.96,71707.08,494646.54,588204.71,221461.72,862612.58,411106.33
Morocco,MAR,2009,105773.52,676049.39,246964.97,378081.61,2111374.64,134631.14,74115.79,506622.89,604596.25,223525.05,858427.81,426784.97
Morocco,MAR,2010,106603.97,685080.44,249958.04,384431.91,2136965.85,135846.54,76084.7,518861.82,620576.24,224774.66,849095.75,442333.58
Morocco,MAR,2011,107309.81,694225.25,252957.76,390450.29,2165230.27,137018.96,77612.05,531303.5,636356.46,225662.03,836833.15,457112.15
Morocco,MAR,2012,108479.03,703789.49,257191.18,396939.39,2206754.16,138103.34,79073.02,543946.14,654663.53,227370.12,827238.21,473391.41
Morocco,MAR,2013,111861.47,712657.36,269793.47,404486.78,2341904.8,139343.77,79333.74,556735.64,687494.47,232765.48,813372,500284.49
Morocco,MAR,2014,113343.33,721963.6,273334.31,409279.42,2374102.26,140456.72,80614.01,569203.94,707131.91,234889.74,808262.19,518186.55
Morocco,MAR,2015,114354.74,730894.2,276714.34,414022.58,2408810.43,141514.84,82032.31,582234.63,726696.35,236203.68,797355.85,536395.1
Morocco,MAR,2016,115798.3,739375.54,281560.09,419886.45,2451307.84,142568.12,83753.77,595182.33,746803.31,238286.39,785468.98,555974.94
Morocco,MAR,2017,117951.33,747710.61,287269.39,425854.91,2499694.01,143544.77,85575.22,608147.43,768121.61,241433.23,772167.51,575441.88
Morocco,MAR,2018,119318.28,756379.3,292638.89,431017.97,2549870.98,144581.82,86778.66,621244.55,790558.96,243253.98,760452.12,593884.84
Morocco,MAR,2019,120388.18,766065.13,297875.92,435807.13,2596169.25,145454.84,88010.65,634686.21,810571,244822.57,749820.48,609393.38
Mozambique,MOZ,1990,58485.44,186941.99,122092,105053.18,431604.61,71129.42,22139.94,93635.55,229913.94,162325.32,652899.91,123688.01
Mozambique,MOZ,1991,58203.81,187299.91,121218.89,104499.36,430999.76,71020.29,22107.04,94184.91,228171.65,160721.94,638903.11,123940.4
Mozambique,MOZ,1992,58868.01,190887.19,122198.75,106018.1,435822.34,72209.3,22559.48,95638.45,229918.56,161727.85,636298.8,126104.06
Mozambique,MOZ,1993,60986.43,201323.27,125321.78,111113.15,444807.03,76085.38,23962.82,99280.06,236209.39,167042.1,655312.71,130543.84
Mozambique,MOZ,1994,62953.53,213730.59,129042.61,117487.41,450999.72,80850.78,25667.69,103524.92,243572.25,172717.4,687312.15,134926.42
Mozambique,MOZ,1995,64264.44,222360.54,132268.09,122134.71,456253.51,84141.62,26891.49,106655.71,248879.14,176396.56,710204.73,138676.53
Mozambique,MOZ,1996,65288.73,227770.8,134160.33,125841.76,460999.21,86161.56,27793.93,108908.46,253076.47,178300.06,717720.06,141938.85
Mozambique,MOZ,1997,66713.61,232632.87,135886.92,130101.05,467630.1,88026.38,28677.27,110948.96,258381.33,180657.16,722347.37,145712.75
Mozambique,MOZ,1998,68198.03,237680.28,137839.38,135031.3,473808.46,90058.22,29604.13,113232.09,264714.74,183722.53,736941.31,149681.08
Mozambique,MOZ,1999,69724.59,242881.96,140050.93,140220.52,482592.12,92268.9,30593.09,115592.7,271655.43,187123.38,755149.34,154165.96
Mozambique,MOZ,2000,71041.83,248141.8,142215.37,145108.51,495172.11,94590.59,31574.49,118148.2,277375.32,190244.48,773096.8,158961.79
Mozambique,MOZ,2001,70553.68,253830.15,141657.97,148433.02,497083.97,96842.73,32504.54,121007.63,275826.36,190189.48,777920.26,160223.96
Mozambique,MOZ,2002,72286.2,259831.06,142485.58,152605.11,510744.76,99303.97,33549.32,124278.82,279175.78,195258.43,786318.14,164297.51
Mozambique,MOZ,2003,73398.68,266337.43,143338.51,156855.9,524604.18,101927.03,34802.61,127900.88,284275.87,199308.8,794191.19,168526.93
Mozambique,MOZ,2004,75974.66,273071.9,145661.98,161605.16,547456.99,104887.51,36103.17,131696.87,293274.86,206855.47,808250.62,175151.25
Mozambique,MOZ,2005,79639.23,279964.11,148404.07,166433.04,574270.89,107961.57,37447.44,135368.43,304509.93,216151.84,821445.78,183172.34
Mozambique,MOZ,2006,84373.72,286941.25,157062,173172.55,603982.7,112102.65,38855.3,139388.98,329405.57,232825.04,892239.63,194173.44
Mozambique,MOZ,2007,88138.25,294328.36,161561.24,176494.59,632480.77,115572.8,40434.84,144043.62,346135.66,243481.19,916801.79,203492.89
Mozambique,MOZ,2008,92363.39,302318.97,165368.16,179496.66,665718.19,119263.81,42207.89,149034.28,362899.66,254484.1,933548.67,213668.9
Mozambique,MOZ,2009,95334.17,310520.98,168247.58,181932.92,694385.52,122809.59,43969.61,154119.39,375147.93,261614.5,932747.5,222573.6
Mozambique,MOZ,2010,98361.43,319024.95,170906.38,185559.32,726261.3,126349.44,45767.3,158853,387486.01,268076.46,924951.11,231715.59
Mozambique,MOZ,2011,95208.06,327602.38,172210.73,189418.41,754189.71,129769.69,47534.5,163577.85,394968.01,272113.94,908130.55,239433.81
Mozambique,MOZ,2012,93714.65,336665.58,176615.34,195333.47,782821.63,133903.88,49466.8,168746.22,411526.09,280871.41,920323.77,248840.52
Mozambique,MOZ,2013,92501.67,346155.04,180176.69,201228.33,805355.33,137982.46,51437.4,174077.06,425316.79,288327.07,924806.58,257158.94
Mozambique,MOZ,2014,91397.56,356124.71,183683.01,207337.57,821420.48,142229.15,53240.71,179642.7,438792.72,294294.64,925644.49,264321.78
Mozambique,MOZ,2015,90292.18,366437.23,186318.61,213716.54,831969.04,146595.35,54943.64,185094.8,449275.02,298847.94,924893.72,270179.24
Mozambique,MOZ,2016,89016.01,376922.29,187587.56,221199.03,841575.83,150705.43,56590.07,190846.42,455501.28,301565.31,913734.98,274798.2
Mozambique,MOZ,2017,90552.99,388354.05,189354.64,229010.44,852182.33,154919.6,58346.34,196840.55,462940.58,305946.68,907350.29,278921.8
Mozambique,MOZ,2018,91311.22,401068.54,192798.12,234942.43,864440.89,159473.67,60377.9,203391.59,474591.8,308209.85,921270.08,284626.34
Mozambique,MOZ,2019,93441.07,415278.63,199281.91,241668.48,878762.44,164767.01,62721.33,210383.24,496392.69,317225.59,969557.88,292772.18
Myanmar,MMR,1990,607942.25,476894.57,1126818.19,402067.77,2797006.32,256533.75,84590.96,494500.78,1179295.84,1009900.67,1664653.07,835888.54
Myanmar,MMR,1991,619603.76,485497.74,1148310.96,409920.44,2852539.24,260415.77,86613.78,506138.39,1203154.26,1021512.39,1671676.6,857201.02
Myanmar,MMR,1992,628319.6,494121.17,1163170.87,417735.71,2894305.86,264154.95,88534.82,517940.74,1222159.83,1027993.48,1671657,875279.21
Myanmar,MMR,1993,636409.59,502487.6,1175904.26,425273.76,2934082.74,267728.3,90383.97,530111.17,1240120.97,1032866.74,1668183.56,891523.29
Myanmar,MMR,1994,643095.36,510484.4,1185075.27,432609.2,2967544.48,271352.35,92216.08,542158.64,1256251,1034937.85,1658346.9,905864.14
Myanmar,MMR,1995,650381.62,518530.59,1192087.12,440359.97,2999592.88,274755.16,93988.08,554332.55,1273863.92,1037723.59,1650121.55,918730.4
Myanmar,MMR,1996,656286.14,525868.26,1197971.45,447449.91,3029988.27,278140.01,95723.98,567348.48,1290183.35,1039671.51,1648633.22,930381.68
Myanmar,MMR,1997,662256.87,532239.37,1201492.43,454335.87,3059379.65,281430.11,97461.7,580665.54,1305169.38,1042075.74,1648412.84,941097.32
Myanmar,MMR,1998,669527.09,537974.59,1205542.48,461512.39,3092083.82,284605.01,99201.01,594486.03,1322204.23,1047755.81,1654549.55,952724.87
Myanmar,MMR,1999,675265.93,543989.11,1204726.66,468215.51,3122802.76,287758.02,100569.8,608329.63,1334420.57,1050646.61,1654559.89,960539.67
Myanmar,MMR,2000,688989.51,550003.59,1199657.98,476485.61,3158766.64,291004.35,101137.38,622290.47,1340299.69,1053178.46,1681161.69,977616.68
Myanmar,MMR,2001,703406.6,556702.85,1190057.08,485034.01,3188005.27,294091.59,100572.1,636961.63,1337892.63,1053612.6,1710348.97,997841.79
Myanmar,MMR,2002,715540.64,563571.74,1181407.88,494402.72,3200490.9,297105.98,100281.4,652118.2,1342709.37,1057032.5,1719664.4,1015847.31
Myanmar,MMR,2003,723809.68,570378.6,1174220.34,503616.36,3202824.08,300138.62,99994.04,667263.69,1353876.25,1059543.27,1720715.37,1034328.82
Myanmar,MMR,2004,739192.09,577212.27,1175583.29,513589.32,3223267.96,303222.22,100238.33,682209.85,1376766.02,1072364.9,1721931.57,1057583.74
Myanmar,MMR,2005,744151.61,583555.35,1161392.57,521346.56,3193715.22,305818.73,100205.56,696118.26,1380953.51,1069509.27,1702264.24,1064131.14
Myanmar,MMR,2006,749433.87,589089.6,1150384.85,529144.8,3175860.79,308515.34,100299.12,709270.37,1388625.51,1066283.11,1665161.89,1075561.47
Myanmar,MMR,2007,746573.83,594170.03,1128810.37,535795.82,3126316.65,311104.75,100108.14,722441.08,1378049.42,1052033.09,1615368.42,1076045.29
Myanmar,MMR,2008,740144.44,598216.37,1112880.04,541304.75,3085818.89,313162.76,99716.1,733735.52,1368832.6,1035671.39,1580536.07,1077344.44
Myanmar,MMR,2009,740065.53,602056.12,1103246.66,548088.55,3072458.1,315348.94,99660.73,745726.45,1367375.17,1026907.51,1542219.83,1084254.32
Myanmar,MMR,2010,737713.84,607888.75,1090040.08,554830.23,3043425.02,317841.67,99968.06,759315.67,1358000.22,1015157.02,1493614.93,1084035.46
Myanmar,MMR,2011,743272.08,614557.61,1090264.99,562486.99,3052147.33,320618.09,100505.58,774964.16,1364989.62,1014449.12,1454182.79,1094102.99
Myanmar,MMR,2012,737889.89,621790.75,1083751.54,568849.88,3037043.06,323049.64,100713.09,791484.05,1357643.28,1000811.89,1406947.07,1095760.29
Myanmar,MMR,2013,746279.68,629926.23,1090689.57,578025.16,3074517.36,325992.38,101488.93,809796.73,1384722.12,1005347.73,1381861.94,1119295.83
Myanmar,MMR,2014,752353.17,637653.49,1096732.64,586197.73,3095465.39,328885.88,102308.25,827991.3,1408971.81,1007779.08,1354660.75,1139623.96
Myanmar,MMR,2015,753823.59,645542.89,1101571.82,594374.2,3123504.5,331608.01,103065.74,845496.67,1431641.97,1004817.49,1321329.76,1161400.65
Myanmar,MMR,2016,756313.23,652696.89,1114396.81,602894.65,3159827.74,334573.43,104174.85,862516.89,1466595.4,1006690.59,1307391.04,1188181.44
Myanmar,MMR,2017,777539.43,659810.33,1112087.31,611706.79,3213882.85,337635.02,105615.15,879937.21,1482937.27,1023022.63,1290819.38,1217400.17
Myanmar,MMR,2018,791757.11,668894.75,1108445.54,621521.71,3260150.13,340418.7,106961.73,906069.43,1502336.95,1032342.21,1271987.83,1248386.62
Myanmar,MMR,2019,786939.44,679244.12,1120191.22,631542.24,3293471.06,343192.63,108056.98,943020.12,1533024.38,1026865.77,1245161.84,1272072.36
Namibia,NAM,1990,7192.26,17556.15,19574.58,12262.07,54904.02,6474.14,5350.13,11712.86,18306.46,17242.92,30187.27,17261.29
Namibia,NAM,1991,7294.53,18180.08,19967.35,12689.4,56118.32,6682.68,5551.65,12101.9,18852.97,17571.12,30779.13,17891.69
Namibia,NAM,1992,7473.54,18808.93,20427.79,13142.78,57814.75,6898.91,5777.84,12504.51,19579.43,18025.89,31322.07,18676.65
Namibia,NAM,1993,7562.67,19443,20742.27,13579.3,59219.06,7116.07,6002.87,12912.97,20144.04,18291.79,31836.21,19393.28
Namibia,NAM,1994,7795.96,20088.96,21284.54,14075.75,61498.89,7338.41,6249.85,13331.15,21065.23,18825.74,32377.67,20383.06
Namibia,NAM,1995,8011.72,20714.81,21727.86,14552.76,63682.24,7554.94,6498.15,13750.92,21850.5,19317.88,32844.36,21356.2
Namibia,NAM,1996,8250.41,21327.04,22115.83,15061.6,65621.53,7772.18,6754.29,14173.7,22601.22,19854.19,33343.61,22284.9
Namibia,NAM,1997,8542.49,21875.36,22579.73,15606.85,68042.64,7983.91,7034.87,14596.75,23670.14,20500.69,33933.16,23443.48
Namibia,NAM,1998,8973.4,22387.23,23311.54,16257.64,71171.04,8206.67,7327.09,15007.02,25166.07,21492.24,35108.21,24871.72
Namibia,NAM,1999,9493.07,22877.9,24022.75,16870.82,74618.42,8411.22,7607.22,15416.51,26788.18,22607.71,35961.45,26432.14
Namibia,NAM,2000,9994.41,23383.3,24728.68,17468.2,78065.77,8599.89,7854.15,15797.64,28630.15,23674.47,36851.38,28040.98
Namibia,NAM,2001,9981.9,23852.07,24645.16,17862.18,78354.12,8753.93,7997.57,16143.09,29205.14,23702,37617.65,28564.33
Namibia,NAM,2002,10234.68,24303.79,25024.73,18346.88,80416.61,8899.46,8158.83,16498.44,30410.61,24277.48,38758.53,29657.63
Namibia,NAM,2003,10212.04,24702.57,24857.26,18658.4,80298,9020.9,8268.35,16840.65,31582.12,24277.45,39656.64,29995.44
Namibia,NAM,2004,10019.43,25095.37,24380.57,18869.77,79031.8,9126.79,8344.09,17156.13,31857.11,23922.82,40463.33,29760.85
Namibia,NAM,2005,9947.98,25486.33,23982,19145.93,77655.94,9231.73,8416.72,17489.97,32284.87,23849.62,41388.49,29481.34
Namibia,NAM,2006,9740.83,25855.93,23391.39,19340.37,75596.88,9325.01,8466.48,17871.46,32185.41,23486.48,41751.74,28779.38
Namibia,NAM,2007,9659.82,26229.91,23012.05,19588.88,74063.07,9435.76,8509.58,18323.24,32704.04,23434.82,42328.73,28334.55
Namibia,NAM,2008,9632.48,26607.23,22732.01,19833.74,72957.7,9547.72,8555.14,18835.47,33450.07,23467.42,42537.68,28079.39
Namibia,NAM,2009,9636.33,26998.24,22560.11,20071.36,72600.86,9657.03,8613.28,19362.45,34618.31,23555.11,42718.11,28065.19
Namibia,NAM,2010,9742.91,27444.34,22576.15,20352.94,72810.96,9779.86,8706,19896.65,35794.86,23821.7,43282.02,28198.34
Namibia,NAM,2011,9688.14,27992.14,22342.62,20593.29,71929.75,9887.62,8782.46,20429.02,36298.64,23732.67,43625.66,28076.54
Namibia,NAM,2012,9774.47,28622.62,22311.11,20853.61,72409.16,10010.45,8889.35,20993.83,37427.32,23847.32,43730.9,28435.94
Namibia,NAM,2013,9987.77,29299.21,22632.78,21281.59,73631.48,10148.57,9001.68,21580.95,39167.22,24309.69,44677.81,29098.38
Namibia,NAM,2014,10254.64,29967.61,22973.13,21697.66,75426.04,10287.7,9142.63,22168.71,40970.05,24833.85,45234.64,30002.46
Namibia,NAM,2015,10544.05,30566.17,23252.82,22094.8,77358.68,10421.26,9306.62,22760.32,42416.06,25352.31,45823.56,30903.59
Namibia,NAM,2016,10757.16,31127.78,23447.9,22499.58,79168.11,10564.86,9501.08,23328.73,43687.43,25708.21,46395.54,31804.81
Namibia,NAM,2017,11004.11,31680.93,23607.13,22892.31,80788.43,10712.52,9709.26,23915.24,44667.1,26159.32,46886.44,32657.03
Namibia,NAM,2018,11195.77,32246.39,23901.69,23349.67,82454.18,10861.45,9942.94,24637.59,45960.71,26544.34,47527.25,33603.46
Namibia,NAM,2019,11242.92,32838.26,24113.06,23766.37,83771.03,11011.54,10243.47,25468.34,46717.8,26669.35,47909.08,34405.95
Nauru,NRU,1990,77.53,122.83,187.4,96.16,794.53,67.96,25.06,122.01,265.91,131.66,236.44,231.1
Nauru,NRU,1991,77.61,123.75,187.71,96.53,808.4,68.35,25.32,123.07,268.21,131.9,236.5,238.41
Nauru,NRU,1992,77.88,124.74,188.39,97.03,825.62,68.78,25.61,124.23,270.96,132.4,236.36,247.14
Nauru,NRU,1993,78.12,125.8,189.06,97.63,838.89,69.22,25.92,125.43,271.62,132.99,240.12,253.22
Nauru,NRU,1994,78.69,126.97,191.05,98.48,860.32,69.67,26.29,126.75,275.4,134.21,244.44,263.08
Nauru,NRU,1995,80.04,128.09,194.68,99.57,891.47,70.14,26.81,128.09,281.46,136.7,250.51,275.35
Nauru,NRU,1996,81.19,129.24,198.41,100.64,924.52,70.57,27.32,129.55,287.8,138.88,256.92,288.18
Nauru,NRU,1997,82.28,130.27,202.23,101.63,959.64,70.91,27.85,131.01,294.35,141.09,263.59,301.57
Nauru,NRU,1998,83.06,131.29,206.12,102.7,990.79,71.23,28.29,132.44,300.09,143.11,273.36,313.58
Nauru,NRU,1999,83.44,132.19,207.94,103.32,1017.1,71.48,28.72,133.73,303.55,144.22,278.3,323.8
Nauru,NRU,2000,82.9,132.98,207.57,103.63,1036.21,71.67,28.99,134.82,305.92,143.87,283.58,332.32
Nauru,NRU,2001,82.66,133.61,207.28,104.01,1062.37,71.85,29.34,135.87,310.7,143.94,287.71,344.23
Nauru,NRU,2002,81.94,134.09,204.64,103.87,1074.47,71.96,29.45,136.58,311.09,143.01,288.71,352.27
Nauru,NRU,2003,80.72,134.19,200.04,103.1,1077.03,71.87,29.48,136.9,308.82,141,284,357.17
Nauru,NRU,2004,79.55,134.09,196.28,102.54,1075.97,71.8,29.46,136.96,307.16,139.16,283.66,362.84
Nauru,NRU,2005,78.55,133.86,192.47,101.76,1069.89,71.52,29.42,136.8,305.17,137.38,280.34,365.64
Nauru,NRU,2006,77.56,133.58,188.49,100.99,1062.18,71.13,29.36,136.54,303.4,135.5,276.81,360.83
Nauru,NRU,2007,76.71,133.36,185.53,100.17,1058.51,70.73,29.32,136.24,301.68,133.97,272.52,356.42
Nauru,NRU,2008,75.41,133.17,180.57,99.29,1043.99,70.35,29.24,135.91,299.15,131.52,266.29,352.16
Nauru,NRU,2009,74.25,133.08,176.08,98.67,1029.26,70.08,29.13,135.73,297.66,129.32,263.02,349.38
Nauru,NRU,2010,72.6,133.04,169.73,97.83,1004.02,69.8,29.01,135.67,293.88,126.08,254.51,344.99
Nauru,NRU,2011,70.92,133.01,163.43,97.17,978.05,69.62,28.83,135.88,290.27,122.76,245.14,343.84
Nauru,NRU,2012,69.78,133.17,158.47,96.81,958.81,69.54,28.82,136.45,288.47,120.28,236.43,345.27
Nauru,NRU,2013,68.32,133.42,152.57,96.42,934.28,69.53,28.81,137.17,286.38,117.37,226.68,347.03
Nauru,NRU,2014,66.81,133.79,146.17,96.15,906.02,69.56,28.77,138.19,284.24,114.23,215.75,348.69
Nauru,NRU,2015,65.81,134.29,142.12,96.26,888.53,69.73,28.82,139.31,284.08,112.21,209.58,352.49
Nauru,NRU,2016,65.06,134.89,140.26,96.59,874.19,69.94,29.03,140.43,284.75,110.58,203.62,357.82
Nauru,NRU,2017,64.66,135.54,139.39,97.16,865.9,70.19,29.28,141.86,286.54,109.6,198.28,362.06
Nauru,NRU,2018,64.38,136.49,137.88,97.81,862.81,70.52,29.55,143.47,289.03,109.07,194.81,368.07
Nauru,NRU,2019,64.36,137.75,137.19,98.72,863.34,70.95,29.89,145.26,292.05,108.92,193.35,374.48
Nepal,NPL,1990,213575.36,277742.76,510477.56,223814.22,630369.21,96051.97,35086.94,224156.75,348921.48,356340.15,619706.78,127405.34
Nepal,NPL,1991,213913.86,282254.5,514695.11,226040.74,636543.44,98114.67,35820.83,230328.16,350537.52,356565.8,612778.46,130238.87
Nepal,NPL,1992,213824.7,287694.54,516668.9,228548.2,638941.34,100247.68,36566.51,236792.22,351543.53,356136.07,608022.7,132979.75
Nepal,NPL,1993,215912.23,293749.52,524758.8,231745.87,651052.23,102452.31,37451.92,243565.31,355859.97,358524.55,604808.3,137072.24
Nepal,NPL,1994,215976.71,300273.02,526564.32,234727.93,654695.18,104637.87,38401.1,250667.41,357183.71,358023.01,601752.17,140205.68
Nepal,NPL,1995,215973.11,307226.28,528868.46,237714.54,658905.03,106807.83,39338.75,258264.69,358580.39,357160.79,598629.29,143434.62
Nepal,NPL,1996,214149.37,315915.89,527882.37,240177.77,656838.12,109022.02,40297.75,266174.85,357802.28,353691.17,594124.03,146347.66
Nepal,NPL,1997,214163.58,326807.92,531541.07,242768.27,661280.41,111302.06,41301.16,274765.16,359738,352437.6,589700.36,150753.19
Nepal,NPL,1998,213584.96,338541.13,535206.86,244967.6,664060.44,113635.29,42336.76,283822.59,361223.13,350091.76,583956.97,155143.73
Nepal,NPL,1999,212476.24,350249.69,539738.48,247260.52,666280.01,115965.17,43276.09,293058.22,363240.71,346835.58,577937.75,159401.32
Nepal,NPL,2000,210672.12,360474.42,546114.43,249890.83,670950.76,118089.33,44269.05,302374.99,364864.92,342653.21,571053.73,163213.3
Nepal,NPL,2001,207381.25,369514.19,551510.92,252634.6,671522.01,120331.85,45133.86,311782.26,365873.27,337280.46,563191.15,166136.32
Nepal,NPL,2002,205142.34,378496.28,559243.46,255521.08,675078.99,122665.49,45893.14,321319.99,368773.75,333770.19,540659.06,169173.05
Nepal,NPL,2003,204035.19,387135.73,570268.53,259062.33,683458.14,125128.45,46673.79,331062.05,374834.42,332070.53,531877.25,173097.66
Nepal,NPL,2004,204755.36,395948.32,585938.69,263669.86,699734.31,127411.13,47570.17,340889.28,384305.84,332678.21,524398.14,178325.34
Nepal,NPL,2005,208509.48,404521.09,603808.34,271825.46,720006.32,129370.14,48570.45,351120.94,401028.3,338185.42,531326.36,185529.44
Nepal,NPL,2006,211699.88,413850.06,624748.37,278193.05,745023.25,131100.83,49688.73,361489.81,415109.97,342481.76,530594.12,193094.81
Nepal,NPL,2007,214930.37,423695.11,646281.96,284162.54,773084.5,132746.07,51141.07,372193.67,428289.79,346488.79,520554.26,201334.05
Nepal,NPL,2008,217847.82,433855.06,666489.79,290252.89,799287.69,134322.89,52587.46,383183.17,442192.72,350349.48,513309.24,210845.24
Nepal,NPL,2009,221285.52,443724.35,687051.18,296770.77,827030.85,135896.65,54037.1,394371.16,457302.14,354943.24,506664.04,221213.95
Nepal,NPL,2010,224489.16,452886.04,707885.07,302023.77,854580.51,137184.77,55215.41,405683.48,471880.09,359220.69,496885.29,232642.61
Nepal,NPL,2011,228737.97,459992.82,734211.02,307094.72,888986.4,138212.56,56326.21,417237.21,488172.6,364700.81,486404.7,245217.4
Nepal,NPL,2012,233177.02,464519.83,759726.86,312494.16,918781.83,138812.52,57295.32,429337.05,506372.98,370811.45,478676.98,259107.45
Nepal,NPL,2013,237857.33,468048.55,784104.48,319472.41,949931.6,139259.68,58313.49,441373.41,527450.28,377769.35,481374.72,273704.84
Nepal,NPL,2014,240686.07,472105.52,804578.32,324746.87,970733.97,139716.78,59350.05,453552.27,545011.39,382180.8,477650.62,288534.69
Nepal,NPL,2015,244550.88,478288.25,828982.7,330430.42,1000923.04,140483.04,60489.1,465673.22,564517.25,387898.07,475147.8,303066.04
Nepal,NPL,2016,246941.13,486162.57,848946.99,336805.38,1024335.08,141676.21,62151.87,477776.14,580579.3,391971.3,472173.79,319268.96
Nepal,NPL,2017,251342.07,494878.6,868127.89,342920.45,1051090.32,142792.59,63915.8,489915.68,596230.59,399055.07,469011.87,334102.83
Nepal,NPL,2018,252181.06,504241.74,887544.32,346431.53,1078861.73,143700.67,65417.83,499385.07,612421.37,400753.02,464905.21,346758.49
Nepal,NPL,2019,253449.44,514364.11,905564.11,348568.06,1104474.47,144475.97,66883.98,506327.01,628895.53,403133,467358.85,358722.45
Netherlands,NLD,1990,34710.74,331259.76,206629.9,241644.53,906382.24,108667.81,55334.76,357888.41,818602.33,111872.6,320437.59,142571.06
Netherlands,NLD,1991,35384.64,335453.58,210144.73,244137.34,894249.65,109240.59,56962.66,362584.12,835063.38,113326.41,319775.58,144006.06
Netherlands,NLD,1992,36116.82,339360.82,213780.65,246539.95,887112.78,109903.72,58535.77,367221.24,847536.67,115265.09,319674.62,145002.55
Netherlands,NLD,1993,37379.28,342821.2,220741.26,249222.96,897771.42,110594.73,60148.96,371801.23,867696.77,118300.26,320656.5,148055.07
Netherlands,NLD,1994,37690.28,345762.19,222412.26,250896.37,881363.99,111361.89,61651.66,375991.67,867958.91,119147.59,319953.29,148314.97
Netherlands,NLD,1995,38644.9,348272.54,227618.32,253463.2,879194.76,112188.27,62961.22,380060.37,867967.1,121227.77,319790.11,149437.87
Netherlands,NLD,1996,39223.94,350310.96,232089.44,255948.41,873052.09,112910.24,65072.15,383847.34,887143.74,123042.32,320667.05,150304.18
Netherlands,NLD,1997,39675.65,352161.69,235104.68,258001.34,857461.88,113786.54,67181.74,387622.59,892404.23,123871.41,321099.77,151560.13
Netherlands,NLD,1998,40426.56,353898.95,240150.38,261358.57,849819.37,114711.19,69306.22,391301.97,900967.92,125561.3,323324.69,154213.04
Netherlands,NLD,1999,41717.27,355710.22,244628.58,265463.76,848767.24,115621.98,71032.17,395188.26,912721.72,128648.66,325989.71,158712.73
Netherlands,NLD,2000,43039.75,357473.31,247870.3,269298.72,839633.37,116445.09,72147.19,399095.89,907903.61,132000.44,328396.03,163352.81
Netherlands,NLD,2001,43695.75,358241.86,248772.38,272939.95,823183.73,117114.7,71553.2,403033.41,914145,134172.75,331236.98,168317.44
Netherlands,NLD,2002,44625.42,357419.64,250442.63,277152.95,814164.71,117843.69,69474.17,406825.1,915058.81,137076.58,335255.15,170937.46
Netherlands,NLD,2003,46214.44,356026.96,253484.16,282476.01,807035.2,118652.46,67152.91,410468.78,883836.06,140732.77,340209.68,173572.58
Netherlands,NLD,2004,43420.8,355102.47,246517.73,281160.91,748794.93,118986.49,64512.49,413486.59,923491.66,135158.16,340103.81,169328.18
Netherlands,NLD,2005,41646.91,355183.91,245868.61,282581.32,712497.57,119506.85,62975.49,417032.12,932065.1,131940.63,341106.19,167660.09
Netherlands,NLD,2006,40196.79,356437.09,245462.38,285522.3,678154.19,119939.74,62009.22,420347.36,951597.77,129174.15,337338.69,165931.97
Netherlands,NLD,2007,38764.19,358014.01,245867.72,290044.26,647057.48,120447.61,61651.56,423354.53,965868.74,126297.32,328901,164795.37
Netherlands,NLD,2008,38349.28,359707.41,247792.49,296208.24,627779.43,120997.99,61801.8,426506.41,988937.29,125239.4,321172.41,165533.6
Netherlands,NLD,2009,37291.08,361751.41,249773.25,302066.74,610147.95,121706.97,62115.39,429741.24,1004078.8,123199.49,314902.01,165865.71
Netherlands,NLD,2010,36617.01,363831.88,252707.17,307117.44,599728.77,122454.15,62367.99,433733.02,1017851.3,122135.9,312985.09,167356.11
Netherlands,NLD,2011,35843.28,366576.59,256976.36,311924.85,590658.99,122962.89,63418.68,438668.2,1028281.22,121055.38,314615.45,168603.36
Netherlands,NLD,2012,35702.42,370031.33,263500.29,317511.79,589132.66,123578.45,64800.43,444681.6,1043033.77,120973.66,319210.25,171766.54
Netherlands,NLD,2013,35063.76,373789,268198.74,322296.9,584616.58,124161.1,67002.75,450941.46,1046653.19,119973.82,323724.56,174288.27
Netherlands,NLD,2014,34395.08,377130.5,271019.88,326534.14,579007.94,124688.58,68815.96,456985.51,1045709.34,118737.73,328394.7,176345.72
Netherlands,NLD,2015,34972.03,379465.31,279080,332200.96,589378.11,125403.05,70692.48,461855.68,1063720.26,120423.49,331442.23,180787.38
Netherlands,NLD,2016,35469.69,380735.45,283996.26,336736.76,598312.41,125936.58,72317.97,464181.08,1080361.17,121988.66,334670.94,184528.91
Netherlands,NLD,2017,35925.78,381730.83,288126.18,340395.45,613593.29,126741.48,72797.84,466060.99,1090750.53,123858.51,336983.04,188918.56
Netherlands,NLD,2018,36369.29,383152.66,290680.85,343624.55,628273.86,127442.22,74811.87,470278.96,1106198.83,125852.57,339501.89,194372.97
Netherlands,NLD,2019,36730.01,384904.73,291490.45,345973.89,642218.77,128119.72,78112.83,475236.07,1120770.42,127785.25,341444.88,200711.07
New Zealand,NZL,1990,5053.38,81185.01,57478.96,46210.45,215441.48,24160.62,17906.35,67192.8,163287.74,22288.23,84536.12,23788.53
New Zealand,NZL,1991,5110.03,82482.51,57760.34,46919.79,212097.18,24385.03,18290.39,67934.41,164239.08,22379.66,82177.67,24431.13
New Zealand,NZL,1992,5131.91,83835.52,58617.32,47861.18,212413.85,24671.67,18615.52,68835.44,166298.61,22565.94,79837.09,25506.4
New Zealand,NZL,1993,5238.51,85212.1,59362.43,48820.31,211707.61,24950.06,19048.64,69864.42,168864.06,22780.66,79070.87,26552.96
New Zealand,NZL,1994,5229.74,86506.55,59657,49857.69,206234.75,25250.66,19370.82,70972.54,168705.84,22803.07,77171.16,27191.15
New Zealand,NZL,1995,5454.84,87619.25,61014.52,51105.82,207802.56,25521.14,19743.47,72179.24,172617.59,23163.21,74771.06,28463.69
New Zealand,NZL,1996,5459.28,88455.07,61475.01,52130.33,203762.15,25771.07,19817.17,73428.06,173548.43,23147.77,74573.14,29259.36
New Zealand,NZL,1997,5490.94,89095.94,60835.95,53017.35,199108.67,25985.56,19425.47,74696.37,173275.56,23067.42,73701.74,30130.15
New Zealand,NZL,1998,5403.51,89639.55,59449.31,53754.63,192433.32,26136.23,18770.3,75983.24,172381.34,22720.83,72231.27,30707.97
New Zealand,NZL,1999,5567.41,90257.95,59760.65,54765.83,192590.97,26327.13,18243.55,77290.41,174844.72,23031.92,72381.34,31683.93
New Zealand,NZL,2000,5472.97,91033.94,58559.54,55427.51,188266.88,26629.45,18108.43,78655.96,173838.71,23203.17,72584.22,32274.19
New Zealand,NZL,2001,5550.34,92084,58855.9,56679.32,187954.91,26956,18427.53,80050.75,173996.33,23604.43,71746.18,32881.28
New Zealand,NZL,2002,5772.18,93412.99,58824.01,58068.12,187970.98,27343.12,18817.34,81545.94,171039.14,24274.46,72332.11,33430.42
New Zealand,NZL,2003,5731,95014.34,57802.18,58694.44,181507.16,27730.39,19169.65,82974.05,177242.46,24151.69,72416.37,33448.86
New Zealand,NZL,2004,5745.06,96678.4,57216.24,59761.07,177296.59,28186.53,19655.55,84521.77,180130.22,24413.33,73173.62,33490.6
New Zealand,NZL,2005,5772.46,98323.56,56337.76,60707.68,172146.48,28615.82,20081.65,86196.21,180766.48,24531.2,73141.08,33723.17
New Zealand,NZL,2006,5861.9,99656.79,56143.58,61981.33,169592.42,29044.02,20417.57,87841.64,183310.45,24990.05,74100.24,34424.27
New Zealand,NZL,2007,6014.63,100507.45,56325.59,63300.17,168823.86,29477.58,20957.97,89251.86,187600.77,25527.29,74604.35,35360.3
New Zealand,NZL,2008,6080.64,101116.93,56591.19,64496.99,167082.71,29897.46,21518.59,90588.31,190469.74,25976.53,74531.37,36168.33
New Zealand,NZL,2009,6165.87,101555.66,56219.33,65370.22,164439.36,30259.2,22091.11,91851.09,192111.3,26364.06,73813.06,36599.75
New Zealand,NZL,2010,6187.1,102041.68,56114.05,66361.71,162862.17,30549.61,22770.26,93222.04,193125.02,26577.25,73488.95,36859.73
New Zealand,NZL,2011,6272.36,102578.03,56659.56,67689.17,163793.69,30822.32,23774.41,94672.82,196081.82,27047.5,73393.45,37668.21
New Zealand,NZL,2012,6349.38,103016.39,57081.43,68793.53,163529.93,31047.79,24987.79,96029.01,198733.06,27349.22,74046.61,38450.8
New Zealand,NZL,2013,6343.45,103502.57,57293.29,69598.43,161971.14,31268.09,26233.23,97318.78,200364.6,27541.25,74886.39,39380.97
New Zealand,NZL,2014,6446.94,103989.31,58372.57,70787.14,164486.53,31449.34,27342.68,98615.87,204001.64,27983.31,76533.55,40726.35
New Zealand,NZL,2015,6424.47,104443.62,58989.91,71649.95,165414.8,31637.43,27895.01,99898.77,206060.67,28200.69,76670.84,41871.47
New Zealand,NZL,2016,6489.53,104881.92,59384.16,72757.66,167983.3,31829.58,28188.07,100941.98,208015.57,28469.89,76251.41,43425.37
New Zealand,NZL,2017,6500.22,105214.66,60129.06,73996.85,170809.34,32052.32,28379.74,102033.34,210561.68,28771.82,77391.89,45002.86
New Zealand,NZL,2018,6687.05,105592.64,62444.7,75487.34,179176.21,32284.66,28586.23,103449.4,219185.92,29487.45,78591.6,47572.87
New Zealand,NZL,2019,6737.21,105961.59,63773.73,76573.05,183237.06,32509.06,28846.31,104997.34,223584.81,29726.68,80228.67,49523.65
Nicaragua,NIC,1990,17567.8,52079.67,25930.6,36527.88,68602.79,17998.02,16431.39,38476.82,51036.31,41376.67,98138.9,43489.95
Nicaragua,NIC,1991,19201.94,54237.91,26983.32,37981.61,77015.23,18552.83,17596.03,40216.34,55124.6,43787.22,97463.98,48042.18
Nicaragua,NIC,1992,19367.13,56421.08,27122.85,39013.51,77695.51,19065.87,18031.82,41880.37,55493.9,43909.72,97161.62,49362.46
Nicaragua,NIC,1993,20077.32,58575.1,27581.21,40246.23,80911.08,19576.94,18678.22,43637.27,57794.54,44892.12,97508.46,52275.92
Nicaragua,NIC,1994,20751.83,60747.45,27844.54,41383.31,82502.54,20059.54,19402.51,45256.71,58308.37,45623.79,98012.08,54395.2
Nicaragua,NIC,1995,22362.64,62849.36,29500.41,42868.63,97000.97,20533.06,20248.55,46882.43,63418.06,48035.73,98605.4,61270.43
Nicaragua,NIC,1996,23299.71,64899.08,29746.26,44020.28,100834.32,20952.94,21083.64,48581.58,66164.14,49190.58,99822.34,65348.67
Nicaragua,NIC,1997,22959.36,66963.1,28829.12,44651.98,96997.63,21346.25,21318.68,50132.97,64906,48429.2,99823.24,65706.41
Nicaragua,NIC,1998,23017.65,68981.98,28226.26,45205.7,95444.62,21653.81,21617.97,51765.07,65153.87,48083.26,99789.12,67050.68
Nicaragua,NIC,1999,23519.75,70973.3,27923.53,45955.27,97387.85,21882.79,22462.27,53450.44,66532.12,48808.6,99868.9,70145.33
Nicaragua,NIC,2000,23500.29,72944.51,27427.51,46575.34,97494.58,22199.1,22662.2,55279.13,67600.77,48855.88,99632.66,72377.46
Nicaragua,NIC,2001,24371.2,74826.28,27626.19,47538.42,101684.87,22516.12,23085.7,57290.93,70889.15,50139.44,100211.32,77227.27
Nicaragua,NIC,2002,25771.88,76767.25,28301.6,48631.36,106884.83,22858.46,23794.45,59444.43,74326.76,51919.59,100470.33,83344.79
Nicaragua,NIC,2003,27132.26,78675.4,28973.66,49613.19,110336.53,23185.04,24635.43,61569.64,76925.85,53622.29,101014.49,89076.65
Nicaragua,NIC,2004,28089.98,80612.29,29688.69,50507.01,113434.1,23489,25199.34,63804.22,79918.31,55017.15,101424.55,93811.79
Nicaragua,NIC,2005,29752,82417.48,30877.53,51586.58,119198.88,23852.59,26340.03,65988.29,84160.74,57228.62,101466.02,101166.33
Nicaragua,NIC,2006,29019.87,84161.42,30525.28,51965.2,113161.1,24248.49,26460.37,68004.18,81611.78,56154.18,101111.99,100787.91
Nicaragua,NIC,2007,30730.78,85874.89,31711.69,53154.27,120352.37,24642.94,27710.08,70562.37,86885.41,58482.99,102367.72,109972
Nicaragua,NIC,2008,32740.66,87512.62,32656.58,54228.28,124961.23,25035.03,29178.5,73183.52,90965.77,61039.22,102670.86,118587.69
Nicaragua,NIC,2009,34116.44,89142.89,33190.72,55107.57,126740.75,25415.84,30185.11,75752.97,93449.34,62853.2,104120.58,124633.33
Nicaragua,NIC,2010,34856.24,90851.67,33525.42,55908.21,126846.79,25810.69,30700.76,78101.69,94035.51,63825.59,105645.4,128248.25
Nicaragua,NIC,2011,37540.37,92562.41,34055.78,57115.19,132025.22,26228.41,32149.39,80703.4,98328.61,67104.92,106622.81,137068.91
Nicaragua,NIC,2012,39874.87,94268.23,34496.92,58182.39,136128.95,26631.49,33147.48,83508.85,101146.42,69980.51,107066.34,144168.82
Nicaragua,NIC,2013,41870.49,95973.61,34915.25,59260.47,140292.03,27058.39,33777.88,86374.64,103771.16,72463.01,108045.68,150849.76
Nicaragua,NIC,2014,44010.56,97671.89,35247.34,60536.43,145451.04,27448.14,34552.3,89395.39,107793.67,75257.66,108071.6,158906.79
Nicaragua,NIC,2015,43836.56,99407.95,35351.98,61402.8,145224.45,27817.23,34157.31,91825,106656.05,75135.15,107855.65,159557.76
Nicaragua,NIC,2016,46731.95,101339.62,36321.12,63487.45,153010.27,28218.14,35056.19,94602.02,112222.87,78971.06,108782.89,169921.85
Nicaragua,NIC,2017,47057.58,103151.31,36860.96,65052.34,154867.52,28559.32,34697.4,97179.44,113713.08,79776.09,108646.83,172328.02
Nicaragua,NIC,2018,47360.48,104923.74,37438.71,66349.61,159630.39,28847.45,35230.89,99873.01,116687.83,80448.69,107720.35,176826.63
Nicaragua,NIC,2019,47647.06,106562.12,37819.11,67626.58,163496.04,29136.93,36181.78,102716.97,119513.03,81117.47,107052.07,181742.3
Niger,NER,1990,65293.59,92572.21,90144.59,81457.67,250853.75,40557.04,8070.76,54664.58,93260.21,148428.25,580299.37,72868.45
Niger,NER,1991,66249.64,95780.16,90907.81,83650.85,252377.66,41807.1,8271.4,56581.65,94722.76,151748.59,592538.57,73983.71
Niger,NER,1992,68228.73,99171.52,93007.73,86397.76,258564.83,43142.46,8529.52,58669.46,97704.98,157041.77,610091.03,76417.04
Niger,NER,1993,70316.74,102654.82,94891.77,89169.76,264581.88,44530.22,8809.76,60848.89,100618.06,162289.37,627342.2,78730.37
Niger,NER,1994,71521.71,106375.13,95402.17,91524.26,266684.48,45943.76,9076.05,63134.45,102385.64,165381.29,634475.77,79985.72
Niger,NER,1995,73515.65,110199.33,97113.92,94283.34,273062.7,47492.22,9409.68,65569.12,105408.03,170133.11,647686.86,82273.28
Niger,NER,1996,73940.49,114125.76,96550.9,96377.7,271772.13,49006.7,9704.75,68011.17,105712.66,170945.95,646276.75,82431.92
Niger,NER,1997,76751.88,118410.55,98551.36,99701.12,279159.27,50684.02,10103.49,70714.8,109284.64,176404.56,662485.24,85206.37
Niger,NER,1998,79329.69,122845.92,100150.23,103020.69,285563.79,52455.52,10512.59,73456.5,112674.59,181232.77,675652.13,87632.98
Niger,NER,1999,81786.68,127398.11,102222.45,106657.59,293332.45,54302.38,10933.56,76292.84,116663.81,186491.25,693362.97,90313.64
Niger,NER,2000,84365.19,132032.92,104659.11,110412.59,302567.67,56261.91,11389.73,79296.12,121333.32,191122.51,709651.01,93411.02
Niger,NER,2001,87948.35,136726.59,107492.93,114398.86,311818.98,58284.35,11865.08,82230.09,126752.86,196782.45,726751.3,96737.48
Niger,NER,2002,90715.02,141573.18,109348.77,117924.73,317401.37,60317.36,12316.62,85244.28,131223.87,200299.07,732934.68,99099.48
Niger,NER,2003,94454.34,146506.68,112055.97,121963.12,325906.76,62544.98,12826.78,88369.28,136959.62,205821.43,747889.87,102472.35
Niger,NER,2004,95508.47,151723.75,111760.77,124019.94,324611.33,64683.5,13297.62,91591.28,138781.78,205202.15,729497.19,102547.83
Niger,NER,2005,100614.29,157080.19,117491.16,130328.36,337934.8,67440.63,13767.87,95048.24,147747.33,216187.71,778447.14,107896.41
Niger,NER,2006,100423.67,162905.28,118640.54,133552.11,340542.03,69937.58,14214.27,98411.81,150844.6,217364.11,762963.12,109454.72
Niger,NER,2007,100474.28,168850.86,120525.85,137085.5,346050.75,72549.18,14687.64,102009.36,154499.81,219042.01,760888.16,111760.76
Niger,NER,2008,97771.56,175198.14,119958.63,139441.91,343906.07,75060.25,15104.6,105700.17,154847.01,215874.27,731872.57,111485.43
Niger,NER,2009,98379.71,181839.65,122691.12,143900.3,351012.83,78040.91,15603.91,109582.76,159089.91,218904.82,739733.51,114402.01
Niger,NER,2010,98651.53,188811.25,124773.93,147895.56,358619.95,81038.25,16130.39,113704.23,162461.89,220264.69,740804.16,117177.93
Niger,NER,2011,99639.5,196091.39,129318.4,154075.71,374298.18,84491.53,16613.06,118034.83,170056.11,227816.74,776561.39,122434.06
Niger,NER,2012,101396.3,203909.62,133539.96,160122.34,386614.87,87944.46,17082.26,122567.42,177520.86,234819.09,803489.41,127797.39
Niger,NER,2013,105377.62,212082.43,139731.44,167834.99,401747.49,91811.51,17613.55,127241.85,188701.37,247105.88,845868.82,135089.41
Niger,NER,2014,110313.14,220730.01,145969.45,175482.9,420008.88,95716.48,18220.95,132236.9,199821.76,259683.66,888087.82,142906.97
Niger,NER,2015,113793.05,229805.44,151596.82,182796.69,450084.9,99705.71,18851.36,137362.35,209090.31,268909.47,927798.74,149872.11
Niger,NER,2016,119455.34,239155.85,158376.46,191892.05,472228.07,103865.68,19784.57,142576.54,220724.52,281729.58,966019.46,157881.73
Niger,NER,2017,124411.21,249097.72,164175.34,200423.97,492216.65,107996.4,20767.94,147929.45,230564.03,292095.67,988494.47,164825.95
Niger,NER,2018,126587.53,259582.62,167319.43,205962.21,505127.77,112016.5,21748.3,153667.64,235854.17,295175.01,978311.68,169661.16
Niger,NER,2019,128488.91,270760.68,170826.98,212454.07,514821.71,116410.41,22771.17,159605.57,241094.49,299124.2,986966.5,174369.44
Nigeria,NGA,1990,881039.49,1150613.11,745808.5,978383.39,3066271.34,480754.7,108613.64,866542.72,1091407.65,1749358.14,4755458.34,826749.73
Nigeria,NGA,1991,897530.5,1181553.21,762419.56,1003052.23,3125563.24,497021.74,111760.06,894083.05,1124755.78,1788586.46,4921982.36,851024.28
Nigeria,NGA,1992,919144.1,1215061.62,780972.34,1032247.79,3202262.62,513986.06,115363.12,923220.96,1161580.86,1837423.98,5103830.4,880425.81
Nigeria,NGA,1993,935633.58,1251259.54,797978.64,1062742.63,3275038.18,531476.84,118893.56,953090.54,1197119.08,1880171.3,5295743.24,906684.08
Nigeria,NGA,1994,947285.49,1289618.15,812982.65,1093723.29,3336917.49,549155.84,122414.29,983487.83,1225651.66,1915203.39,5474210.52,929082.78
Nigeria,NGA,1995,952175,1330076.5,825939.59,1124545.99,3382180.55,566894.25,125973.85,1014498.6,1247901.02,1939347.07,5635320.13,946119.38
Nigeria,NGA,1996,954057.6,1381799.73,833442.95,1160477.34,3473280.79,584892.77,129773.16,1045601.58,1266493.09,1957408.14,5774976.46,960969.74
Nigeria,NGA,1997,966661.23,1449503.11,841770.04,1204843.53,3538112.99,604238.76,134065.62,1078679.33,1297000.82,1991676.94,5937836.89,981226.34
Nigeria,NGA,1998,978971.58,1525063.83,849795.77,1253158.99,3610106.31,624336.57,138539.93,1112737.61,1331153.8,2029389.25,6103282.53,1001777.83
Nigeria,NGA,1999,995931.23,1599345.48,859807.15,1301208.65,3676461.31,644720.54,143027.76,1147759.17,1364636.13,2074911.42,6258029.41,1021455.92
Nigeria,NGA,2000,1017071.02,1661708.39,872239.69,1346074.23,3710732.79,664996.09,147410.21,1183933.12,1398583.56,2118744.5,6412866.08,1044251.06
Nigeria,NGA,2001,1048440.61,1715562.05,888413.91,1388110.79,3702720.54,685005.09,152233.26,1221691.28,1436075.17,2167888.28,6567084.65,1070389.67
Nigeria,NGA,2002,1091256.72,1770858.59,909625.59,1436068.8,3705562.75,705745.74,157272.8,1262457.47,1493316.1,2244098.28,6805384.65,1107228.76
Nigeria,NGA,2003,1127031.05,1827527.71,928034.14,1480206.04,3671731.81,726797.8,162314.39,1305042.38,1546099.49,2304518.53,6987488.71,1139487.55
Nigeria,NGA,2004,1164834.35,1884873.27,946395.86,1525064.23,3634377.47,748534.49,167589.27,1348158.87,1606136.72,2373108.43,7184522.09,1167382.77
Nigeria,NGA,2005,1199539.87,1942442.23,959507.25,1568432.79,3583916.91,771290.12,172613.06,1391310.99,1656333.98,2432291.86,7351065.92,1179068.56
Nigeria,NGA,2006,1240104.23,1995387.83,977761.74,1623441.3,3565929.87,797051.79,177740.1,1433699.21,1723775.23,2520250.68,7685370.62,1203571.13
Nigeria,NGA,2007,1275311.22,2040118.3,987945.19,1671266.02,3551361.27,823361.36,183193.81,1476899.55,1782359.76,2589080.54,7873889.08,1225721.84
Nigeria,NGA,2008,1283778.39,2079187.01,990010.13,1710172.51,3538507.58,849293.17,188081.82,1520432.38,1809334.7,2603370.19,7904279.96,1233702.04
Nigeria,NGA,2009,1311925.51,2114695,1003375.49,1756944.73,3587557.91,876890,193974.01,1565274.61,1872669.1,2652427.61,7998287.23,1261353.91
Nigeria,NGA,2010,1348308.34,2149649.44,1018456.55,1804414.68,3640845.92,904549.71,200164.34,1612060.35,1946977.58,2709116.93,8075256.11,1290084.06
Nigeria,NGA,2011,1377349.83,2178165.03,1035204.66,1849013.76,3724877.12,933361.97,206929.95,1660116.31,2036689.28,2758082.71,8132543.57,1324927.73
Nigeria,NGA,2012,1409420.55,2198090.84,1057601.49,1889044.7,3833473.18,964994.22,213953.27,1709759.54,2138528.94,2824697.1,8293337.48,1368484.42
Nigeria,NGA,2013,1424086.36,2218435.27,1076627.53,1922717.87,3916448.86,997716.88,221008.03,1761067.04,2218993.57,2865509.37,8365206.26,1403610.6
Nigeria,NGA,2014,1421240.95,2249355.71,1090344.07,1957952.15,3983126.85,1030896.29,227555.73,1813906.75,2280489.46,2879040.3,8420850.21,1442938.7
Nigeria,NGA,2015,1398337.04,2302370.78,1103886.99,2002775.02,4127668.31,1063043.28,233090.68,1869053.92,2327183.74,2863849.52,8619657.39,1474876.77
Nigeria,NGA,2016,1414277.15,2374467.1,1121077.93,2072543.89,4187681.16,1095242.99,239694.48,1924613.13,2392685.17,2908384.61,8714570.06,1517734.26
Nigeria,NGA,2017,1442159.96,2451040.38,1135283.1,2142412.6,4255332.78,1125642.63,246207.97,1982510.09,2434665.61,2951557.72,8627584.32,1546987.89
Nigeria,NGA,2018,1447607,2529105.03,1152632.96,2201665.63,4309954.6,1151218.42,253441.86,2046636.1,2475237.74,2958793.8,8591138.76,1576033.7
Nigeria,NGA,2019,1460194.71,2609054.51,1176176.01,2262826.67,4383284.1,1171701.07,262326.75,2116007.81,2526342.71,2977406.59,8588695.83,1611833.75
Niue,NIU,1990,17.08,30.49,53.5,31.82,217.93,15.75,5.17,38.98,74.85,30.87,40.64,80.36
Niue,NIU,1991,17.02,30.34,52.72,31.45,219.09,15.54,5.19,39.04,75.56,30.69,40.17,83.01
Niue,NIU,1992,17.12,30.34,52.28,31.16,222.05,15.4,5.25,39.27,76.91,30.73,39.99,86.66
Niue,NIU,1993,17.01,30.33,51.33,30.76,221.71,15.25,5.28,39.54,77.31,30.45,39.68,89.25
Niue,NIU,1994,16.92,30.3,50.51,30.41,221.61,15.11,5.31,39.8,77.53,30.23,39.48,91.74
Niue,NIU,1995,16.88,30.19,49.97,30.11,222.52,14.95,5.34,39.95,78.12,30.11,39.18,94.68
Niue,NIU,1996,16.73,29.92,49.39,29.75,222.77,14.75,5.33,40.01,78.53,29.85,38.82,97.6
Niue,NIU,1997,16.49,29.49,48.6,29.24,222.04,14.47,5.28,39.94,78.74,29.4,38.09,100.41
Niue,NIU,1998,15.93,28.83,47.23,28.51,217.52,14.09,5.13,39.61,77.74,28.52,37.38,101.43
Niue,NIU,1999,15.33,28.02,45.84,27.75,213.54,13.66,4.94,39.07,76.79,27.54,36.23,102.59
Niue,NIU,2000,14.61,27.16,44.2,26.99,208.89,13.22,4.75,38.35,75.71,26.4,35.08,103.4
Niue,NIU,2001,13.9,26.32,42.59,26.29,204.63,12.78,4.59,37.61,74.46,25.31,33.99,103.91
Niue,NIU,2002,13.3,25.52,41.13,25.62,200.83,12.37,4.47,36.9,73.33,24.34,32.64,104.93
Niue,NIU,2003,12.79,24.77,39.8,25,197.19,11.99,4.38,36.21,72.03,23.49,31.41,105.43
Niue,NIU,2004,12.29,24.11,38.57,24.45,193.18,11.66,4.28,35.57,71.11,22.65,30.45,106.68
Niue,NIU,2005,11.85,23.57,37.22,23.99,188.09,11.36,4.22,34.96,69.68,21.86,29.44,106.3
Niue,NIU,2006,11.56,23.19,36.31,23.72,185.56,11.13,4.18,34.53,69.31,21.35,28.64,105.42
Niue,NIU,2007,11.34,23,35.56,23.55,182.97,10.99,4.15,34.34,68.95,20.95,28.01,104.43
Niue,NIU,2008,11.21,22.96,35.05,23.49,181.61,10.91,4.13,34.32,69.07,20.68,27.64,104.23
Niue,NIU,2009,10.97,23.01,34.24,23.42,177.72,10.88,4.11,34.41,68.56,20.26,27.3,103.1
Niue,NIU,2010,10.85,23.14,33.61,23.41,175.03,10.89,4.11,34.59,68.31,19.99,27.04,102.49
Niue,NIU,2011,10.8,23.29,33.2,23.45,174.34,10.92,4.12,34.83,68.53,19.88,26.96,103.43
Niue,NIU,2012,10.78,23.44,32.84,23.51,173.62,10.96,4.13,35.12,68.7,19.79,26.81,104.41
Niue,NIU,2013,10.77,23.6,32.58,23.58,173.47,11.01,4.13,35.41,68.95,19.73,26.7,105.67
Niue,NIU,2014,10.77,23.77,32.37,23.65,173.4,11.06,4.13,35.71,69.22,19.68,26.6,106.99
Niue,NIU,2015,10.76,23.93,32.09,23.68,173.1,11.11,4.15,35.97,69.45,19.62,26.52,108.17
Niue,NIU,2016,10.73,24.09,32.1,23.74,173.18,11.15,4.19,36.22,69.81,19.6,26.42,109.65
Niue,NIU,2017,10.76,24.23,32.19,23.85,173.72,11.2,4.23,36.5,70.38,19.62,26.32,110.61
Niue,NIU,2018,10.79,24.38,32.12,23.98,174.41,11.24,4.26,36.83,71.02,19.65,26.31,111.87
Niue,NIU,2019,10.82,24.53,32.02,24.13,174.85,11.3,4.29,37.15,71.58,19.67,26.3,112.98
North America (WB),NA,1990,1179447.74,5701646.55,4311758.01,4322036.52,17940730.06,1903859.17,2508356.19,9643437.03,14014628.15,2798989.22,5092748.67,3191688.6
North America (WB),NA,1991,1177775.8,5845606.33,4336532.95,4407980.37,17800180.96,1918153.55,2551594.23,9675458.62,14115448.02,2776301.09,5042896.29,3198446.35
North America (WB),NA,1992,1181091.37,5987233.05,4364248.14,4489446.99,17634152.89,1934056.86,2601772.31,9731385.87,14221894.13,2760678.92,4978997.9,3220129.28
North America (WB),NA,1993,1212799.43,6123380.69,4455056.86,4581260.92,17855399.94,1951914.61,2660142.45,9812420.07,14529819.18,2790981.51,4948576.22,3300150.45
North America (WB),NA,1994,1228910.05,6254721.29,4512168.34,4657256.66,17815082.94,1970916.39,2714484.6,9915015.81,14668901.04,2803046.11,4904582.8,3370235.51
North America (WB),NA,1995,1248460.83,6376786.1,4591303.28,4734997.86,17867926.04,1992058.34,2769629.38,10054276.96,14832180.89,2827805.68,4862870.65,3471906.17
North America (WB),NA,1996,1254131.02,6532337.73,4662153.55,4787907.76,17718167.84,2015828.52,2827373.15,10231759.27,14791725.87,2838823.71,4837117.78,3575232.56
North America (WB),NA,1997,1264832.26,6738243.72,4753739.71,4821623.94,17585692.56,2041396.4,2901063.9,10452644.57,14754795.52,2861499.88,4839765.71,3696593.64
North America (WB),NA,1998,1284136.89,6957541.12,4880117.75,4855063.1,17557198.23,2068228.33,2990782.57,10693120.09,14801618.13,2898611.17,4862324.5,3847236.14
North America (WB),NA,1999,1312071.77,7153730.92,5033319.27,4897643.29,17633141.95,2095200.38,3121855.69,10928459.9,14933358.45,2954907.8,4896617.4,4030080.22
North America (WB),NA,2000,1355081.34,7283027.29,5141089.21,4964912,17554004.97,2118262.76,3271672.63,11140011.26,15024540.58,3023261.62,4943367.64,4194735.66
North America (WB),NA,2001,1405758.62,7348640.78,5236629.8,5047538.25,17471090.75,2135459.44,3458090.25,11304804.28,15116792.88,3097583.52,4968883.36,4362941.88
North America (WB),NA,2002,1453424.91,7386426.74,5333234.7,5138590.77,17432094.48,2147850.04,3683188.29,11442038.21,15230170.16,3163495.91,4989065.73,4541403.77
North America (WB),NA,2003,1490090.36,7409760.52,5418800.61,5225022.73,17250697.1,2157880.45,3907118.04,11563566.98,15296512.45,3211111.85,4995839.4,4709659.24
North America (WB),NA,2004,1497060.93,7434494.28,5463496.51,5296937.37,16828692.53,2167592.01,4108068.74,11682600.54,15230219.32,3217766.86,4992570.88,4837547.56
North America (WB),NA,2005,1544098.92,7472163.85,5584597.2,5394720.86,16788103.96,2181117.14,4302902.54,11826253.31,15376050.12,3283497.11,5029265.56,5027888.63
North America (WB),NA,2006,1575586.04,7533039.88,5677691.32,5475401.35,16581299.2,2195386.79,4463350.17,11973009.25,15473531.51,3325732.73,5055643.32,5182803.1
North America (WB),NA,2007,1601281.96,7606506.23,5811799.63,5556757.19,16371668.48,2210053.32,4583147.35,12120059.7,15581135.44,3361085.17,5067709.98,5356181.33
North America (WB),NA,2008,1641054.58,7682059.19,5997198.31,5646930.06,16349765.78,2225375.5,4705055.75,12270720.94,15808985.46,3412882.73,5047529.02,5559188.25
North America (WB),NA,2009,1680463.08,7750794.16,6135765.5,5725302.06,16246291.78,2241074.73,4841279.11,12426640.16,15973129.78,3458763.94,5019744.28,5725672.78
North America (WB),NA,2010,1699902.37,7798240.3,6255473.91,5809629.61,16158313.11,2259429.68,4992058.37,12596721.35,15995773.53,3485950.22,5012930.53,5856717.13
North America (WB),NA,2011,1752822.08,7804348.19,6394653.22,5905435.4,16300168.94,2279133.33,5217442.84,12775173.71,16209729.62,3560880.24,5071791.14,5974339.27
North America (WB),NA,2012,1795448.83,7767888.02,6518702.93,6002346.95,16404235.31,2299051.86,5469806.73,12961778.84,16386599.15,3625678.29,5168370.92,6090626.58
North America (WB),NA,2013,1839086.43,7715986.61,6653490.3,6105368.22,16588902,2319717.93,5783775.2,13160258.74,16583862.62,3697495.82,5290167.31,6225667.43
North America (WB),NA,2014,1885378.44,7676456.15,6775812.41,6199816.36,16821051.01,2340024.61,6157114.35,13371190.48,16822312.86,3774782.75,5412199.59,6380829.83
North America (WB),NA,2015,1930358.82,7672176.49,6919225.68,6297656.09,17155551.26,2361271.38,6588143.12,13602354.06,17071822.57,3854327.31,5514008.8,6556134.31
North America (WB),NA,2016,1970264.1,7696634.97,7029263.87,6380259.92,17566313.25,2379959.2,7094703.62,13981822.03,17431064.66,3926430.74,5563089.53,6715013.18
North America (WB),NA,2017,1952253.81,7728673.15,7099915.71,6442010.83,17779318.02,2397225.03,7433151.72,14419565.88,17679811.92,3925579.17,5572814.16,6798803.2
North America (WB),NA,2018,1960110.94,7820886.28,7286138.4,6521175.47,18286560.93,2415830.47,7596926.47,14816308.03,18173555.65,3968574.5,5610048.37,6988669.79
North America (WB),NA,2019,1955206.29,7981089.11,7450515.48,6570458.66,18672968.19,2433191.17,7786955.24,15256873.87,18598339.37,3998755.61,5665015.7,7198614.54
North Korea,PRK,1990,122841.55,261181.89,492235.43,200958.58,1212283.4,131585.34,63374.8,335663.2,784729.64,246410.82,730177.39,202749.11
North Korea,PRK,1991,124282.7,265956.85,509064.84,204372.2,1251445.18,133520.72,64743.77,343670.16,803361.94,248464.57,721632.92,208818.39
North Korea,PRK,1992,125569.64,270749.32,526413.09,207424.42,1293512.12,135481.81,65976.72,351720.1,820334.65,250181.02,708618.81,215115.04
North Korea,PRK,1993,126969.01,275382.08,544499.28,210687.69,1340068.08,137514.53,67166.67,359798.72,838050.15,252135.96,694542.31,221900.36
North Korea,PRK,1994,128769.03,280074.47,562526,213752.71,1388272.45,139518.73,68218.88,367854.13,854344.63,254513.71,675164.4,228492.63
North Korea,PRK,1995,130674.21,284290.58,575946.14,215769.67,1430926.97,141194.96,69166.25,374669.21,868558.21,256747.48,652949.64,234380.29
North Korea,PRK,1996,132538.18,288288.55,583347.02,216785.37,1467801.71,142539.38,69988.43,381169.44,880770.18,258862.14,627026.34,239602.35
North Korea,PRK,1997,134117.7,292559.32,594345.22,218373.93,1515779.09,143915.32,70537,388490.62,893884.66,261052.21,602050.34,245698.09
North Korea,PRK,1998,135010.44,296856.37,603134.77,219886.26,1561918.62,145188.42,70923.85,395664.66,903638.61,262476.82,578841.03,251350.95
North Korea,PRK,1999,135897.17,301089.22,611276.01,221877.32,1609741.79,146367.68,71230.42,402905.58,915142.21,263939.94,559671.56,257054.78
North Korea,PRK,2000,136146.29,304899.61,614187.15,223990.98,1658891.78,147423.6,71368.12,409649.7,923955.72,264432.3,542424.89,262013.63
North Korea,PRK,2001,135674.81,308460.94,613874.13,226051.6,1707353.69,148299.73,71434.5,416112.05,931421.28,263751.03,525215.91,266794.65
North Korea,PRK,2002,134846.46,312071.16,614508.59,228230.41,1753119.51,149120.82,71426.76,422699.86,939206.29,263041.08,509980.72,271877.64
North Korea,PRK,2003,134344.66,315987.69,618567.53,231104.27,1801046.8,150085.49,71603.44,430212.53,946087.63,263218.6,496814.36,277700.24
North Korea,PRK,2004,134812.14,320143.07,629416.53,235409.95,1860442.59,151322.5,72110.69,438877.7,959477.63,264750.69,485500.95,284701.88
North Korea,PRK,2005,136039.4,324070.33,640011.58,239879.77,1913600.73,152426.46,72841.1,447407.07,974102.38,266588.97,474764.71,291176.25
North Korea,PRK,2006,138146.92,327629.2,653334.09,244615.29,1964003.36,153432.66,73940.11,455914.17,992582.36,269109.15,464857.63,297908.9
North Korea,PRK,2007,140370.35,330497.58,666229.27,249086.95,2009679.98,154329.42,75151.28,463987.85,1010252.23,271722.29,454744.36,304660.31
North Korea,PRK,2008,142995.08,333334.74,677483.02,254182.45,2051943.07,155268.7,76557.58,471943.55,1032247.73,276070.28,456214.73,311861.51
North Korea,PRK,2009,145375.83,335929.78,686212.8,258398.3,2087543.81,155957.29,77798.7,479636.77,1046440.66,278787.5,446642.8,318109.46
North Korea,PRK,2010,147091.58,338581.98,692840.52,262376.96,2117593.39,156569.3,79003.34,487084.31,1058085.56,280438.84,437978.22,323528.95
North Korea,PRK,2011,148769.58,341444.46,698816.76,266585.78,2149478.09,157088.89,80138.16,494334.72,1068709.27,282311.88,430170.48,328617.99
North Korea,PRK,2012,150130.79,344322.28,703356.26,270541.82,2173356.33,157477.08,81141.63,501849.64,1077691.2,283755.43,422525.45,333472.49
North Korea,PRK,2013,150912.06,347206.07,705328.89,274258.81,2197277.01,157873.4,82106.94,509374.6,1084314.68,284371.91,415017.5,337908.15
North Korea,PRK,2014,151753.77,349905.83,707299.55,278263.76,2217945.62,158265.93,83078.9,516903.35,1091958.52,285362.25,408697.54,342624.76
North Korea,PRK,2015,152014.38,352463.28,707992.17,282188.13,2242231.02,158563.54,84108.05,524143.34,1098135.14,285358.41,403040.68,347024.09
North Korea,PRK,2016,153111.78,354487.68,710739.29,287075.76,2259062.11,158891.65,85762.46,531408.79,1109365.05,286648.96,397026.59,352484.43
North Korea,PRK,2017,154709.61,356505.44,713457.06,291963.3,2282290.54,159230.26,87363.9,538736.69,1121189.19,288701.69,391493.36,357581.05
North Korea,PRK,2018,155094.15,359005.87,716979.38,296197.32,2305777.57,159517.33,88260.68,546206.25,1134023.93,288704.06,387097.43,363053.63
North Korea,PRK,2019,155742.34,362021.54,720735.47,300061.84,2328942,159701.35,88913.45,553848.02,1146190.36,289277.68,383700.4,368953.89
North Macedonia,MKD,1990,6321.36,28626.4,20215.02,23543.24,190482.51,8859.75,5849.19,28318.99,83177.15,17341.24,40399.27,22422.82
North Macedonia,MKD,1991,6382.27,28769.63,20588.49,23596.66,192314.11,8852.83,5907.44,28611.38,84274.5,17405.87,38286.62,22977.87
North Macedonia,MKD,1992,6731.38,28865.74,21399.89,23835.55,205995.57,8826.03,6010.31,28903.19,89232.57,18003.84,37801.49,24466.33
North Macedonia,MKD,1993,6931.58,28862.71,21473.21,23862.15,212390.97,8770.29,6084.51,29121.48,92063.82,18159.37,35503.63,25592.63
North Macedonia,MKD,1994,7029.6,28878.94,21280.45,23828.18,215318.24,8713.44,6066.94,29375.15,93754.3,18212.56,35036.89,26581.32
North Macedonia,MKD,1995,7208.67,28997.2,21201.21,23905.62,220545.21,8691.64,6152.13,29705.82,96341.82,18388.45,33907.58,27687.46
North Macedonia,MKD,1996,7311.6,29232.66,20982.63,24010.3,225559.6,8698.96,6259.44,30105.16,99363.71,18465.96,32303.18,29024.44
North Macedonia,MKD,1997,7477.67,30338.07,20801.99,24705.16,230590.5,8989.26,6577.67,31145.22,102676.52,18810.34,32247.29,30426.88
North Macedonia,MKD,1998,7738.59,31549.09,20681.55,25628.52,237097.28,9315.81,7081.2,32295.27,107165.39,19418.23,33869.91,31965.94
North Macedonia,MKD,1999,7701.29,30639.44,20159.74,25123.33,237084.91,8969.64,6959.56,32052.65,107854.83,19233.37,32116.29,32868.13
North Macedonia,MKD,2000,7626.23,29631.3,19722.82,24598.94,237235.27,8580.07,6746.38,31709.65,108009.97,18981.61,30713.61,33892.08
North Macedonia,MKD,2001,7849.2,30062.61,19759.39,25032.99,242031.99,8644.87,6981.8,32320.52,110838.06,19378.31,30660.51,35398.04
North Macedonia,MKD,2002,8096.83,30662.16,20031.41,25642.43,249001.69,8762.53,7338.6,33050.78,114763.5,19837.31,30658.37,37315.38
North Macedonia,MKD,2003,7997.37,30953.07,19925,25917.56,247897.28,8796.71,7403.84,33581.27,115952.08,19735.1,31483.64,38857.99
North Macedonia,MKD,2004,7880.16,31138.04,19662.64,26012.13,242706.45,8797.01,7371.29,34054.13,115486.92,19473.06,30822.01,39986.91
North Macedonia,MKD,2005,7912.25,31316.59,19616.96,26208.52,244872.56,8790.8,7331.51,34519.5,117865.15,19443.62,29961.04,41492.37
North Macedonia,MKD,2006,8212.99,31496.43,19588.31,26611.8,249710.09,8794.6,7379.23,34957.67,122215.15,19792.1,30346.64,43238.27
North Macedonia,MKD,2007,8374.87,31643.73,19577.1,27024.76,252900.5,8796.32,7477.65,35419.69,125075.35,19959.54,29976.73,44860.99
North Macedonia,MKD,2008,8304.51,31776.9,19159.26,27185.38,245183.33,8799.18,7454.81,35860.37,123746.02,19763.13,29786.85,45178.02
North Macedonia,MKD,2009,8480.17,31894.38,19138.89,27526.94,245189.75,8804.27,7467.75,36284.68,126013.14,19945.28,29969.42,46049.48
North Macedonia,MKD,2010,8454.04,32012.5,19098.71,27766.64,243570.71,8806.11,7436,36698.89,126662.21,19882.69,29158.95,46827.94
North Macedonia,MKD,2011,8349.5,32164.9,18982.31,27981.3,240329.75,8815.16,7357.89,37110.92,125586.75,19713.49,29128.86,47153.3
North Macedonia,MKD,2012,8450.21,32336.71,19244.42,28416.22,243056.05,8832.03,7324.19,37555.36,127667.17,19948.11,29689.32,48506.16
North Macedonia,MKD,2013,8438.82,32452.49,19159,28593.4,238621.46,8842.86,7369.03,37956.09,127082.98,19965.24,29899.61,48678.5
North Macedonia,MKD,2014,8551.2,32536.59,19465.29,28933.2,243658.13,8843.82,7378.32,38338.07,129511.33,20225.32,30030.28,49686.45
North Macedonia,MKD,2015,8613.06,32673.69,19776.99,29311.31,249161.27,8863.3,7381.77,38720.12,131747.99,20453.04,30083.16,50798.77
North Macedonia,MKD,2016,8733.77,32799.46,19852.78,29658.55,251148.61,8884.16,7397.15,39045.66,133509.93,20796.88,30965.29,51014.38
North Macedonia,MKD,2017,8781.93,32896.37,19864.8,29910.12,253203.08,8903.32,7370.92,39331.05,134509.84,20975.41,30308.92,51160.64
North Macedonia,MKD,2018,8809.57,33008.67,19914.96,30160.98,254477.22,8903,7449.97,39685.21,135407.41,21038.09,30138.5,51928.47
North Macedonia,MKD,2019,8846.12,33117.37,20062.78,30399.23,256624.92,8897.83,7656.65,40051.05,136610.12,21135.01,29946.49,53285.44
Northern Ireland,NA,1990,3158.02,34693.48,25564.01,25212.8,130623.52,14137.32,6225.72,37184.44,85149.74,11985.08,32640.62,8693.73
Northern Ireland,NA,1991,3180.14,34923.11,25615.81,25534.89,126939.28,14366.54,6665.3,37544.8,84702.76,12005.88,32428.87,8728.78
Northern Ireland,NA,1992,3188.82,35193.87,25778.53,25802.48,123142.65,14588.91,7065.67,37926.12,83857.13,12005.15,31956.53,8694.25
Northern Ireland,NA,1993,3409.37,35487.9,26356.42,26233.96,124089.45,14803.84,7523.17,38348.05,86008.57,12512.12,31890.08,8968.02
Northern Ireland,NA,1994,3577.08,35796.19,26157,26520.33,120024.39,14989.73,7941.33,38753.58,84532.43,12714.79,31391.24,9064.78
Northern Ireland,NA,1995,3867.89,36145.57,26636.68,26978.7,119416.16,15155.28,8348.17,39209.62,83869.42,13228.62,31295.07,9272.24
Northern Ireland,NA,1996,3997.38,36921.61,26661.17,27197.08,114238.22,15301.66,8659.18,39657.88,82436.26,13422.81,30940.39,9494.89
Northern Ireland,NA,1997,4197.72,38278.84,26802.82,27495.92,111747.73,15464.51,8987.14,40114.4,82186.35,13739.53,30923.12,10043.99
Northern Ireland,NA,1998,4597.66,39845.01,26970.79,27819.7,109348.06,15630.83,9380.19,40599.2,82551.59,14352.28,30927.01,10643.83
Northern Ireland,NA,1999,5014.06,41231.55,27483.83,28263.09,107887.97,15779.68,9810.29,41115.45,83558.49,15065.11,30977.5,11355.14
Northern Ireland,NA,2000,5256.13,42061.71,27308.68,28586.12,102271.08,15916.25,10193.64,41624.74,82642.93,15437.02,30737.33,11723.78
Northern Ireland,NA,2001,5544.38,42465.62,27138.6,28954.44,96694.79,16040,10738.25,42173.76,81790.41,15713.07,31031.59,12025.15
Northern Ireland,NA,2002,6049.36,42882.44,27568.16,29489.46,95416.12,16156.95,11297.81,42702.2,83842.13,16460.51,31299.63,12496.52
Northern Ireland,NA,2003,6151.79,43293.12,27843.32,29871.05,91341.71,16265.97,11783.19,43224.75,84223.92,16686.63,31955.88,12731.86
Northern Ireland,NA,2004,6549.12,43689.4,28024.31,30416.33,88715.9,16391.82,12305.36,43718.4,85910.16,17315.78,32599.24,13100.35
Northern Ireland,NA,2005,6676.96,44073.23,28154.63,31032,85347.87,16509.35,12856.9,44229.04,86519.48,17558.95,33321.32,13365.51
Northern Ireland,NA,2006,7024.06,44450.5,28532.16,31726.41,83589.82,16630.25,13280.79,44768.57,89093.64,18174.69,33803.62,13699.21
Northern Ireland,NA,2007,7308.77,44856.74,29011.58,32323.95,81831.06,16757.69,13660.46,45299.59,91063.45,18670.5,34010.83,14039.68
Northern Ireland,NA,2008,7323.69,45240.56,29463.51,32818.6,79301.61,16891.94,13911.8,45830.4,92479.11,18769.2,33981.01,14285.77
Northern Ireland,NA,2009,7328.99,45589.61,29750.21,33194.89,76587.41,17028.51,14053.61,46370.72,93377.41,18801.18,33974.07,14495
Northern Ireland,NA,2010,7349.45,45930.69,30143.48,33599.92,75087.17,17151.71,14209.71,46908.73,95338.02,18968.89,34021.27,14749.61
Northern Ireland,NA,2011,7091.85,46051.49,30545.72,33937.18,72299.98,17250.9,14293.37,47448.19,94122.39,18686.8,33910.51,14873.83
Northern Ireland,NA,2012,7144.75,45853.86,31352.22,34483.82,72147.16,17339.17,14365.23,48004.96,95829.52,18947.06,34309.93,15135.35
Northern Ireland,NA,2013,7239.15,45535.41,32127.4,34873.57,71373.56,17404.02,14396.36,48576.33,97027,19191.92,34966.54,15289.7
Northern Ireland,NA,2014,7271.28,45273.31,32425.55,35224.58,70136.68,17452.98,14509.34,49160.93,97941.63,19369.5,35587.85,15452.61
Northern Ireland,NA,2015,7606.51,45250.88,33333.16,35765.77,71011.11,17509.21,14565.78,49727.17,100205.76,19978.31,36041.61,15794.92
Northern Ireland,NA,2016,7722.33,45019.42,33693.46,36149,71456.59,17577.58,14268.66,50267.99,101831.42,20291.18,35845.22,16189.53
Northern Ireland,NA,2017,7678.68,44840.31,34257.95,36590.4,73960.42,17636.6,13922.43,50832.71,103315.72,20374.85,35766.81,16601.93
Northern Ireland,NA,2018,7755.17,45063.63,35279.99,37229.9,77512.27,17673.58,13965.54,51435.15,106810.53,20773.29,36044.78,17199.93
Northern Ireland,NA,2019,7736.83,45337.03,35803.79,37706.37,79547.13,17682.48,13940.44,52079.74,108501.15,20937.77,36184.12,17727.11
Northern Mariana Islands,MNP,1990,423.92,618.3,437.79,397.74,1744.46,301.49,187.03,678.5,1117.13,574.7,609.44,694.03
Northern Mariana Islands,MNP,1991,436.23,644.68,448.34,415.78,1813.9,314.06,197.56,716.8,1169.03,594.65,642.71,737.95
Northern Mariana Islands,MNP,1992,431.4,645.65,444.2,418.17,1811.68,316.41,198.87,726.96,1179.75,591.04,649.05,758.82
Northern Mariana Islands,MNP,1993,419.86,634.57,433.46,412.36,1772.01,313.71,195.51,721.92,1162.93,576.69,638.57,762.81
Northern Mariana Islands,MNP,1994,415.15,630.09,426.7,410.53,1749.73,313.66,193.89,722.69,1152.31,569.4,631.14,772.46
Northern Mariana Islands,MNP,1995,427.46,647.13,433.06,421.85,1790.5,322.01,199.3,746.72,1179.22,583.13,642.04,807.04
Northern Mariana Islands,MNP,1996,455.29,693.02,453.43,450.5,1887.45,341.7,213.69,801.11,1240.96,617.63,683.81,871.02
Northern Mariana Islands,MNP,1997,494.07,764.02,484.35,495,2029.98,372.73,236.48,880.8,1331.75,667.88,756.41,959.41
Northern Mariana Islands,MNP,1998,535.06,853.85,520.33,550.98,2186.3,412.14,263.26,978.45,1441.14,724.51,852.97,1066.7
Northern Mariana Islands,MNP,1999,596.59,947.3,550.44,609.16,2404.05,450.21,308.91,1080.01,1521.5,796.63,954.13,1143.2
Northern Mariana Islands,MNP,2000,610.64,1014.21,582.96,655.03,2545.21,479.78,326.46,1168.73,1652.65,825.39,1026.12,1271.61
Northern Mariana Islands,MNP,2001,593.55,1017.54,598.05,663.68,2613.91,483.63,323.17,1197.91,1744.12,814.07,1033.64,1371.64
Northern Mariana Islands,MNP,2002,554.54,967.94,591.39,638.48,2581.42,466.9,303.93,1164.56,1761.42,771.08,978.79,1419.14
Northern Mariana Islands,MNP,2003,516.61,908.97,577.35,605.97,2525.02,445.06,281.15,1114.52,1756.93,726.35,906.79,1441.74
Northern Mariana Islands,MNP,2004,489.54,867.94,564.77,584.43,2489.38,429.56,262.57,1083.02,1766.34,694.44,856.36,1482.34
Northern Mariana Islands,MNP,2005,479.76,846.87,565.59,575.29,2520.51,420.43,251.16,1077.46,1819.96,684.1,826.98,1548.57
Northern Mariana Islands,MNP,2006,488.21,837.6,557.84,572.52,2606.97,414.11,246.25,1085.15,1863.71,694.93,818.39,1595.4
Northern Mariana Islands,MNP,2007,491.38,830.25,550.68,571.24,2692.33,409.04,243.84,1091.96,1908.09,701.64,809,1638.65
Northern Mariana Islands,MNP,2008,489.47,818.16,543.78,567.38,2776.59,401.85,240.74,1090.57,1945.09,703.22,796.66,1677.01
Northern Mariana Islands,MNP,2009,482.97,798.93,540.33,560.39,2874.09,391.57,235.35,1081.98,1981.91,700.4,782.03,1717.47
Northern Mariana Islands,MNP,2010,471.61,774.2,535.5,549.81,2926.49,381.53,227.01,1068.84,2008.95,687.64,757.38,1737.24
Northern Mariana Islands,MNP,2011,459.11,749.19,531.26,539.17,2984.69,371.87,218.53,1052.81,2039.62,674.19,735.25,1764.36
Northern Mariana Islands,MNP,2012,444.22,725.67,523.05,528.77,3006.39,363.28,210.2,1034.5,2048.23,657.39,711.29,1773.89
Northern Mariana Islands,MNP,2013,431.67,707.19,513.73,520.06,3020.19,356.87,203.02,1018.64,2059.87,643.25,690.63,1786.93
Northern Mariana Islands,MNP,2014,421.86,692.86,506.64,514.56,3042.56,352.55,196.61,1009.67,2083.8,633.03,675.45,1811.4
Northern Mariana Islands,MNP,2015,418.79,681.17,507.82,513.53,3108.97,350.52,193.41,1008.11,2148.15,633.81,666.84,1867.78
Northern Mariana Islands,MNP,2016,417.61,669.83,504.18,512.22,3194.59,347.9,190.51,1008.33,2207.21,629.81,659.59,1883.45
Northern Mariana Islands,MNP,2017,418.88,658.55,513.04,511.21,3224.28,340.21,186.63,1005.44,2233.29,634.03,643.4,1910.09
Northern Mariana Islands,MNP,2018,415.46,647.74,513.85,508.31,3241.08,332.67,182.95,1001.29,2247.97,631.36,628.78,1933.09
Northern Mariana Islands,MNP,2019,409.74,637.71,515.94,506.89,3261,325.29,178.74,998.38,2261.07,626.34,615.72,1957.53
Norway,NOR,1990,9408.05,86140.58,58177.15,76584.91,356789.54,29441.52,32737.41,104440.2,221474.43,38285.8,96672.51,35585.72
Norway,NOR,1991,9076.6,86752.75,58579.16,77295.84,347092.57,29545.83,33847.45,104831.08,220331.86,37939.86,95951.58,36234.14
Norway,NOR,1992,9070.72,87253.18,59749.39,77997.18,342277.98,29676.68,34740.89,105200.5,221962.81,38024.96,94890.99,37151.35
Norway,NOR,1993,9037.42,87687.58,61003.83,78508.9,336598.63,29824.7,35603.68,105575.32,223978.6,38292.6,93958.53,37837.38
Norway,NOR,1994,9035.19,88068.93,61647.69,78911.12,327081.35,29972.69,36777.27,106027.78,225191.48,38358.91,93424.48,38443.84
Norway,NOR,1995,8979.89,88410.11,62554.23,79411.32,317991.61,30138.33,37622.64,106504.26,224852.44,38213.73,92085.95,39043.27
Norway,NOR,1996,9072.69,88476.98,63324.73,80075.66,308725.3,30349.03,38718.96,107032.49,225506.02,38310.48,92338.06,39543.68
Norway,NOR,1997,9200.91,88172.49,63714.31,81028.1,300773.58,30612.14,39824.36,107495.54,226409.61,38622.31,92269.77,40643.83
Norway,NOR,1998,9397.24,87757.39,64343.69,82047.5,296262.5,30899.9,41374.06,107957.66,228746.33,38990.46,91769.03,41482.53
Norway,NOR,1999,9286.11,87573.62,64848.9,82885.2,287856.79,31209.51,42590.21,108461.91,229679.93,39065.85,91907.08,42146.7
Norway,NOR,2000,9352.66,87879.16,65157.95,83557.84,277369.89,31502.19,44023.84,109121.34,231178.88,39191.5,91211.12,42811.27
Norway,NOR,2001,9173.98,88834.74,65411.94,84696.53,268216.48,31790.77,44636.47,109944.66,231092.42,38851.65,89950.98,43490.95
Norway,NOR,2002,9251.77,90245.34,66037.41,85600.18,260632.5,32074.53,43940.36,110905.06,233153.89,38821.06,87366.49,44031.37
Norway,NOR,2003,9163.33,91830.28,65906.61,86365.68,247488.43,32359.04,43008.96,111849.41,231445.97,38404.74,84659.91,44359.38
Norway,NOR,2004,9089.25,93312.09,65910.15,87189.99,236151.64,32660.28,42687.98,112916.3,231448.15,38131.55,82588.45,44693.06
Norway,NOR,2005,8758.69,94450.38,66291.36,88158.44,227081.98,32980.39,41989.13,114079.42,230940.26,37595.47,81892.56,45472.53
Norway,NOR,2006,8706,95226.99,67001.97,89700.77,221942.64,33321.88,41492.08,115034.17,232843.62,37641.48,83560.43,46068.12
Norway,NOR,2007,8819.8,95932.29,68034.99,91380.81,218514.66,33710.07,40504.33,115793.4,237007.01,37934.8,86540.63,46665.52
Norway,NOR,2008,8857.95,96680.25,68731.33,92930.25,213090.44,34132.29,39878.05,116582.78,238987.64,38143.96,89737.37,46858.94
Norway,NOR,2009,8872.81,97586.54,68876.33,94395.48,207382.36,34564.7,39463.02,117548.19,240949.32,38277.23,93238.26,47107.23
Norway,NOR,2010,8821.97,98746.51,69112.47,95736.25,202414.79,35025.46,38973.2,118913.33,242264.22,38310.66,94809.73,47438.06
Norway,NOR,2011,8952.79,100117.16,70208.46,97259.36,201986.47,35513.24,38831.93,120601.01,246642.33,38837.88,94604.04,47998.78
Norway,NOR,2012,8813.3,101584.69,70543.46,98550.02,197278.18,36006.19,38600.48,122335.93,246119.95,38821.09,93526.14,48184.12
Norway,NOR,2013,8871.8,103064.2,70940.04,99828.37,193774.79,36449.58,38524.73,124141.27,247804.09,38941.22,91803.22,48491.13
Norway,NOR,2014,8605.65,104544.79,70580.72,100862.03,187456.98,36859.48,38456.16,125953.58,245020.11,38684.31,90339.53,48491.3
Norway,NOR,2015,8475.38,105994.65,71030.16,101911.54,184145.13,37252.84,38048.47,127706.94,244039.21,38730.85,90257.77,48836.2
Norway,NOR,2016,8519.88,107682.02,72291.27,103416.66,183162.16,37583.99,37413.55,128906.17,245437.25,39150.98,93518.25,49805.55
Norway,NOR,2017,8294.04,109174.54,72697.69,104256.5,180236.11,37864.8,36695.8,130005.67,242599.27,39146.26,96786.65,50735.41
Norway,NOR,2018,8312.02,110028.04,73353.74,105278.47,185291.61,38089.02,37476.5,131737.08,246311.76,39716.41,100270.41,53155.45
Norway,NOR,2019,8302.03,110510.99,73970.95,105900.38,188308.81,38290.73,38603.52,133710.12,249846.87,40340.06,106814.92,56479.01
OECD Countries,NA,1990,6458073.75,20432680.34,13729019.3,15893956.07,68357309.82,6982821.2,6357676.34,28399236.99,52223859.92,12995479.39,23038355.16,11854550.93
OECD Countries,NA,1991,6504690.64,20653760.58,13785281.32,16141452.78,67831737.76,7018970.41,6539381.17,28708470.8,52829606.35,13048069.9,22797149.11,12010049.77
OECD Countries,NA,1992,6538841.88,20879414.91,13818599.9,16377495.53,66940947.07,7058199.33,6703472.26,29048066.93,53284196.84,13083627.66,22528795.21,12162867.07
OECD Countries,NA,1993,6613973.43,21103902.01,13953466.57,16634088.61,66704681.99,7098635.78,6858843.52,29411325.25,53997629.77,13186062.39,22288172.65,12411518.78
OECD Countries,NA,1994,6647689.95,21327403.24,14009055.68,16871612.99,65991546.96,7140934.79,7007056.89,29791773.31,54431624.36,13238499.34,22107794.05,12636911.11
OECD Countries,NA,1995,6676227.64,21547160.89,14146522.47,17128936.2,65680137.36,7185981.09,7129478.1,30199116.87,55097413.67,13303599.37,21934338.42,12942499.44
OECD Countries,NA,1996,6610109.52,21820907.65,14186266.61,17340870.82,64576169.14,7234946.63,7225398,30638502.56,55156641.73,13240505.75,21780462.3,13206974
OECD Countries,NA,1997,6602681.02,22171472.24,14226687.18,17548888.64,63691440.76,7290734.62,7339995.49,31134262.14,55359803.31,13256832.59,21653662.7,13558510.69
OECD Countries,NA,1998,6631223.82,22550662.23,14326585.2,17780006.1,63187470.33,7350545.33,7472742.73,31654660.95,55940946.08,13336282.01,21572993.71,14007946.61
OECD Countries,NA,1999,6622687.41,22904415.6,14452170.73,18026191.58,62678006.25,7410671.67,7634259.58,32170184.09,56523730.26,13379708.44,21499701.96,14469477.48
OECD Countries,NA,2000,6563714.97,23177209.55,14426520.25,18283226.98,61290842.42,7463872.1,7799745.53,32662206.23,56587965.24,13341322.27,21498858.27,14813702.49
OECD Countries,NA,2001,6557014.18,23375432.3,14489756.17,18589414.7,60517888.48,7511625.31,7999043.73,33111769.31,56765933.11,13378440.5,21511995.7,15216648.46
OECD Countries,NA,2002,6584325.48,23546412.3,14650038.96,18925570.1,60121176.95,7557486.88,8237596.6,33544571.55,57177295.78,13468830.46,21483344.9,15716582.05
OECD Countries,NA,2003,6623959.87,23701673.16,14824300.61,19275285.75,59614710.71,7599782.22,8493151.64,33962507.04,57617855.66,13574420.12,21546070.17,16215223.64
OECD Countries,NA,2004,6528916.06,23856070.88,14838152.19,19562957.09,58126154.12,7641219.92,8727888.25,34377123.73,57615687.47,13490307.65,21549977.13,16530693.72
OECD Countries,NA,2005,6570853.39,24019204.58,15024930.82,19926865.36,57676072.84,7686709.58,8960050.2,34816610.82,58096258.36,13602542.2,21589145.2,17025332.76
OECD Countries,NA,2006,6535565.32,24215146.52,15129560.68,20267165.55,56866453.41,7732411.11,9140341.23,35253903.31,58358873.6,13612647.16,21570489.05,17406839.81
OECD Countries,NA,2007,6540648.23,24439545.67,15345201.72,20645128.46,56377519.52,7780988.96,9277231,35702570.52,58914017.35,13679785.86,21474178.08,17905405.41
OECD Countries,NA,2008,6576131.65,24672218.44,15615782.44,21042007.82,56089811.15,7831175.02,9403196.9,36152871.3,59573897.97,13784485.28,21327360.52,18533006.91
OECD Countries,NA,2009,6584030.83,24885891.15,15848671.1,21416885.68,55837800.62,7880208.65,9526456.73,36604022.54,60189098.36,13844477.04,21207811,19098910.01
OECD Countries,NA,2010,6510294.71,25055869.17,16030207.9,21782378.26,55410682.78,7929869.37,9665427.08,37053806.29,60319678.02,13810095.19,21166998.15,19456780.43
OECD Countries,NA,2011,6494041.27,25161370.93,16253624.12,22152819.91,55401988.3,7979529.47,9887874.24,37509404.86,60749633.34,13866872.01,21257706.55,19797353.38
OECD Countries,NA,2012,6486822.56,25214786.69,16465327.41,22540043.38,55496744.27,8031638.31,10140309.62,37988208.97,61120302.34,13946235.35,21470873.22,20199645.28
OECD Countries,NA,2013,6532825.18,25249676.12,16684725.56,22920632.92,55724584.96,8084000.27,10465125.92,38483478.72,61506522.16,14084420.91,21752088.68,20684860.5
OECD Countries,NA,2014,6536657.54,25296539.13,16858226.26,23273197.4,55810001.68,8137632.82,10856058.57,38983827.81,61757469.17,14158010.26,22022905.11,21113575.17
OECD Countries,NA,2015,6623089.62,25381969.05,17166633.79,23665455.7,56692961.34,8188949.7,11319885.12,39485783.26,62466822,14358359.98,22211865.66,21633877.74
OECD Countries,NA,2016,6681623.74,25469054.41,17385667.82,23964594.14,57164253.18,8222142.34,11848715.52,40082540.57,62908967.81,14495267.11,22302138.76,22176578.57
OECD Countries,NA,2017,6749901.37,25557179.63,17618261.48,24242530.77,57934925.44,8251466.23,12204598.98,40729824.05,63571622.18,14645897.4,22308240.48,22748525.07
OECD Countries,NA,2018,6819477.87,25714764.63,17959533.97,24546208.7,59155381.29,8295176.45,12393090.25,41289513.29,64620318.6,14818735.65,22389169.42,23314029.21
OECD Countries,NA,2019,6866185.99,25933619.25,18298337.23,24808755.15,60199040.67,8344437.22,12595942.66,41815983.65,65625918.49,14954342.56,22510909.36,23915727.37
Oman,OMN,1990,5562.05,31121.35,8126.22,16130.8,98698.98,8415.1,2382.74,19334.04,19320.77,9737.39,63592.12,13537.6
Oman,OMN,1991,5545.33,32173.58,8218.43,16611.73,100426.35,8638.6,2449.51,20232.96,19811.68,9739.83,62311.82,14194.25
Oman,OMN,1992,5560.86,33398.45,8365.03,17176.23,102127.9,8895.82,2552.99,21184.59,20471.38,9790.8,59704.55,14847.31
Oman,OMN,1993,5505.78,34360.4,8474.62,17652.31,103209.53,9134.04,2629.74,21845.07,20935.9,9733.57,57799.35,15405.88
Oman,OMN,1994,5526.34,34982.95,8594.94,18045.41,104914.39,9313.12,2674.26,22189.49,21626.63,9737.82,56140.96,16022.38
Oman,OMN,1995,5593.76,35645.74,8705.67,18482.04,106985.25,9466.53,2708.22,22647.25,22406.89,9807.22,55068.05,16728.14
Oman,OMN,1996,5684.47,36715.95,8840.48,19029.79,109498.48,9655.29,2801.09,23620.83,23241.61,9951.91,53440.93,17559.27
Oman,OMN,1997,5737.34,38050.32,8977.85,19674.82,111272.05,9893,2934.47,24685.97,23973.32,10072.73,51775.51,18315.71
Oman,OMN,1998,5686.63,39014.04,9041.47,20197.33,111617.98,10088.5,3025.05,25264.98,24390.97,10034.01,50008.74,18864.81
Oman,OMN,1999,5602.74,39354.3,9015.21,20482.85,110790.58,10171.08,3054.07,25372.93,24556.42,9905.18,48213.71,19232.94
Oman,OMN,2000,5638.29,39718.65,9023.24,20770.7,110708.21,10221.35,3100.1,25719.46,25014.91,9940.04,46729.1,19782.74
Oman,OMN,2001,5843.01,40750.39,9121.87,21279.15,111618.64,10367.43,3217.8,26821.03,25926.74,10238.82,46040.74,20533.16
Oman,OMN,2002,6014.24,42202.55,9325.26,22001.23,113687.06,10604.04,3399.49,28063.73,26817.14,10527.93,45442.52,21297.01
Oman,OMN,2003,5986.19,42983,9385.76,22436,112652.34,10777.1,3523.46,28529.79,27131.38,10514.54,44577.55,21520.16
Oman,OMN,2004,5816.27,42641.42,9247.43,22384.7,108591.75,10742.75,3510.27,28250.36,26914.99,10258.81,43390.19,21349.63
Oman,OMN,2005,5845.93,42560.78,9332.98,22477.14,109860.23,10703.57,3554.96,28479.58,27521.59,10299.38,42509.51,22010.98
Oman,OMN,2006,6111.9,43924.62,9687.54,23227.22,116149.56,10920.54,3776.93,30014.75,29365.52,10739.11,43356.23,23570.06
Oman,OMN,2007,6732.59,46253.47,10233.25,24370.46,120628.61,11324.25,4166.36,32047.15,31637.49,11619.78,45029.65,24672.37
Oman,OMN,2008,7225.88,48003.44,10801.41,25296.7,121558.23,11620.25,4501.49,33401.84,33275.52,12360.15,47243.01,25782.46
Oman,OMN,2009,7674.34,49371.99,11286.58,26098.85,119232.95,11804.1,4757.25,34661.23,34503.44,13048.88,49756.63,26618.59
Oman,OMN,2010,7773.81,52669.71,11658.36,27550.94,122682.67,12316.85,5218.8,37905.63,35564.33,13476.59,52111.45,28016.01
Oman,OMN,2011,8458.41,59972.84,12569.9,30652.45,129968.63,13478.92,6163.7,44600.66,38525.27,14892.76,56924.84,30882.3
Oman,OMN,2012,9113.02,69184.02,13533.96,34392.17,134682.89,14957.76,7328.5,52621.4,41180.59,16404.98,62109.17,33924.35
Oman,OMN,2013,9101.84,74316.59,13941.73,36530.01,133199.35,15803.3,7869.45,56917.88,41384.52,16825.37,65643.3,35479.22
Oman,OMN,2014,8937.41,76746.97,14136.77,37568.75,131181.56,16241.59,8014.58,59272.77,41311.21,16854.91,68062.64,36777.66
Oman,OMN,2015,9023.17,80079.94,14666.41,39052.01,134093.88,16840.34,8296.42,62628.12,42381.36,17297.2,71038.87,38850.44
Oman,OMN,2016,9268.85,84931.2,15678.23,41295.2,137061.2,17726.95,8994.4,67453.08,43896.93,18050.5,74520.3,41062.64
Oman,OMN,2017,9422.4,87525.53,16374.86,42554.91,138787.93,18240.33,9442.81,70391.95,44950.46,18491.16,74861.7,42344.34
Oman,OMN,2018,9247.85,87998.01,16229.11,42663.74,134247.88,18370.5,9419.13,70614.23,44690.8,18277.47,74333.92,42146.79
Oman,OMN,2019,9193.86,89657.86,16301.97,43187.11,132928.69,18652.08,9490.77,71584.8,44977.28,18293.38,74059.57,42715.33
Pakistan,PAK,1990,932501.27,1434242.24,1678454.6,1010859.82,4522335.12,548739.91,267211.44,1037219.47,2414827.96,1558922.16,3686538.75,1083792.58
Pakistan,PAK,1991,957370.98,1461557.42,1718097.01,1031209.87,4723036.61,561008.37,273848.64,1061544.07,2506676.33,1596215.89,3751716.55,1137172
Pakistan,PAK,1992,985003.32,1490970,1761509.55,1051992,4958627.98,573372.19,281016.28,1086797.87,2608677.24,1638092.33,3788154.75,1198117.8
Pakistan,PAK,1993,1009182.22,1522014.68,1809643.55,1073138.33,5202843.73,586052.98,288643.89,1113098.58,2701510.51,1674634.73,3796960.6,1260500.93
Pakistan,PAK,1994,1042769.63,1555378.76,1861887.28,1099397.33,5481661.34,599002,297946.1,1140043.5,2826797.89,1722833.12,3833148.49,1332438.88
Pakistan,PAK,1995,1085495.28,1591022.71,1920138.5,1129264.12,5798117.31,612249.1,308398.71,1168729.49,2979149.02,1780232.14,3880777.41,1414612.03
Pakistan,PAK,1996,1114949.72,1629598.58,1956418.59,1155639.32,6016496.58,626028.4,319019.38,1199027.71,3088118.83,1817121.04,3884531.96,1481734.29
Pakistan,PAK,1997,1138310.15,1671215.51,1992887.27,1181502.15,6230343.99,640579.28,330272.33,1232168.1,3225731.35,1846026.14,3897244.24,1554819.45
Pakistan,PAK,1998,1153058.67,1715672.47,2007896.52,1206075.43,6363644.51,655612.96,340896.43,1267143.82,3333081.75,1862416.24,3906030.85,1613897.24
Pakistan,PAK,1999,1176584.23,1761666.81,2027805.75,1233962.8,6521548.62,671658.59,352244.55,1304071.97,3469638.26,1891489.62,3973781.8,1682135.97
Pakistan,PAK,2000,1213402.71,1808423.82,2048940.89,1266741.49,6717941.13,688540.96,364209.93,1342033.73,3639168.07,1938395.31,4080992.5,1761911.42
Pakistan,PAK,2001,1246630.41,1856870.34,2070963.75,1300633.75,6913914.54,706040.92,377651.26,1381572.83,3751541.34,1982515.52,4178551.02,1857095.08
Pakistan,PAK,2002,1272093.19,1906942.44,2092319.68,1332980.2,7086079.11,724479.03,394084.52,1424298.3,3860902.28,2016131.53,4271550.04,1951083.01
Pakistan,PAK,2003,1289260.48,1959115.31,2107614.47,1364609.65,7237958.36,743287,412696.51,1468676.65,3959578.87,2040880.59,4352052.42,2060660.01
Pakistan,PAK,2004,1308087.96,2013770.75,2119171.12,1398015.14,7369925.08,763238.95,431501.82,1514561,4059867.46,2067813.4,4441265.07,2164484.02
Pakistan,PAK,2005,1327182.31,2069252.86,2132893.43,1431364.38,7495512.4,783173.63,448872.9,1560362.15,4161923.44,2093422.82,4498888.57,2272341.3
Pakistan,PAK,2006,1348590.68,2125192.08,2145837.83,1467343.67,7614706.86,803838.4,465115,1607052.7,4264793.87,2125522.87,4569742.41,2353103.61
Pakistan,PAK,2007,1368796.74,2181311.85,2153852.12,1501128.12,7696476.25,825151.19,482646.25,1655899.23,4342424.45,2153907.35,4581252.53,2429322.96
Pakistan,PAK,2008,1409340.78,2238194.72,2179413.25,1548427.17,7866888.92,847027.62,502056,1707653.9,4528361.16,2214117.95,4762168.37,2544010.58
Pakistan,PAK,2009,1440193.8,2297892.18,2197897.32,1590938.76,8010171.13,869299.84,520216.7,1761257.13,4665212.26,2259464.24,4860926.7,2645359.81
Pakistan,PAK,2010,1462399.6,2360896.96,2219074.35,1631984.42,8160981.14,891395.41,536957.88,1817702.44,4778562.88,2292187.79,4914849.47,2748105.31
Pakistan,PAK,2011,1482530.38,2428810.59,2242777.95,1672891.91,8325324.27,913522.12,544983.1,1881080.44,4884893.46,2326431.02,4961830.52,2830783.56
Pakistan,PAK,2012,1504806.55,2501806.95,2275453.5,1717972.47,8512473.08,935957.08,543301.62,1951872.94,5039949.19,2361823.25,5050170.84,2935832.35
Pakistan,PAK,2013,1546759.14,2576970.06,2306630.14,1770225.53,8761867.32,958120.98,539505.09,2028389.99,5262384.46,2420802.02,5165097.2,3066085.43
Pakistan,PAK,2014,1577470.78,2654806.18,2342386.8,1822322.82,8984013.68,980203.19,538064.93,2105579.39,5458481.22,2466582.44,5257158.86,3194762.98
Pakistan,PAK,2015,1596186.89,2733231.67,2370856.88,1873586,9180019.33,1002308.04,545129.01,2178310.43,5616500.86,2498272.6,5318057.54,3306736.26
Pakistan,PAK,2016,1624116.96,2810114.98,2400923.77,1938351.59,9384587.13,1024169.12,567242.67,2246400.53,5801575.8,2547748.91,5394484.26,3430600.21
Pakistan,PAK,2017,1665049.88,2891141.35,2429917.52,1998697.39,9577998.81,1045777.36,589032.55,2316217.78,5960176.81,2611143.97,5414651.44,3520879.84
Pakistan,PAK,2018,1677744.94,2989065.83,2449064.16,2048746.02,9728589.34,1065952.7,590320.88,2392623.61,6106682.6,2633590.26,5370630.86,3611434.08
Pakistan,PAK,2019,1699392.32,3105741.25,2466318.53,2103931.88,9898771.34,1085932.49,571282.51,2474100.98,6268082.68,2668882.99,5415419.86,3715442.24
Palau,PLW,1990,89.26,212.57,390.61,148.51,1068.67,95.36,34.87,233.27,543.06,150,211.96,429.81
Palau,PLW,1991,91.45,220.07,395.07,153.41,1094.41,97.6,36.41,244.02,560.42,153.48,217.03,453.48
Palau,PLW,1992,93.93,228.04,400.63,158.52,1122.97,99.92,38,255.46,579.69,157.49,222.65,481.17
Palau,PLW,1993,97.24,236.17,410.01,163.74,1164.06,102.39,39.73,267.58,601.97,162.88,229.07,513.29
Palau,PLW,1994,98.31,244.46,415.25,168.64,1201.06,104.87,41.1,280.33,624.02,165.02,234.27,546.73
Palau,PLW,1995,102.09,252.78,424.73,173.89,1248.56,107.42,42.88,292.92,650.38,170.75,238.79,586.33
Palau,PLW,1996,106.05,260.78,433.18,178.99,1290.02,109.89,44.9,304.35,671.12,176.48,242.01,623.95
Palau,PLW,1997,110.28,268.61,441.86,183.9,1334.71,112.29,46.95,315.3,691.02,182.5,244.31,664.1
Palau,PLW,1998,114.75,276.33,451.25,188.55,1384.63,114.57,48.91,326.51,712.8,188.86,245.99,708.21
Palau,PLW,1999,119.62,283.52,462.51,192.99,1442.6,116.76,50.7,337.69,738.52,195.83,247.98,758.44
Palau,PLW,2000,122.71,290.04,468.99,196.87,1482.01,118.73,52.07,348.24,758.46,200.43,249.02,801.69
Palau,PLW,2001,124.45,295.6,472.79,200.32,1510.32,120.37,53.13,357.35,773.8,203.19,250.1,841.48
Palau,PLW,2002,125.08,299.87,473.84,202.91,1529.91,121.56,53.88,365.46,786.66,204.44,251.44,881.06
Palau,PLW,2003,124.92,302.71,474.1,204.79,1545.68,122.28,54.15,372.38,797.18,204.81,252.36,915.24
Palau,PLW,2004,124.9,303.88,476.73,206.01,1571.98,122.41,54,378.05,818.39,205.53,253.84,964.96
Palau,PLW,2005,126.73,302.98,480.09,206.33,1590.24,121.78,53.98,381.23,836.37,208.55,254.34,1005.04
Palau,PLW,2006,125.56,299.91,476.94,205.09,1595.59,120.11,53.1,380.53,840.81,206.88,251.4,1007.78
Palau,PLW,2007,123.99,295.07,472.39,202.79,1595.87,117.84,51.98,377.63,842.48,204.52,247.07,1005.42
Palau,PLW,2008,122.23,289.67,468.85,200.07,1599.05,115.27,50.78,373.85,844.76,202.2,242.52,1004.8
Palau,PLW,2009,120.81,283.89,467.29,197.22,1608.9,112.6,49.51,370.15,849.11,200.28,237.96,1008.42
Palau,PLW,2010,119.43,278.42,465.5,194.54,1617.03,110.14,48.33,367.3,852.75,198.42,233.67,1012.62
Palau,PLW,2011,118.62,273.98,462.84,192.33,1624.39,108.04,47.26,365.57,856.22,197.05,229.79,1024.24
Palau,PLW,2012,118.62,271.21,462.1,190.96,1636.3,106.53,46.49,366.21,863.55,196.83,227.01,1040.6
Palau,PLW,2013,119.59,270.95,466.43,191.25,1665.57,105.82,46.19,370.68,881.02,198.68,225.83,1071.42
Palau,PLW,2014,121.41,271.98,473.48,192.73,1704.19,105.63,46.17,377.78,904.67,201.62,225.32,1108.59
Palau,PLW,2015,123.16,273.84,480.04,194.61,1743.02,105.72,46.3,385.74,931.15,204.48,225.42,1149.07
Palau,PLW,2016,125.21,275.27,486.04,196.59,1779.85,105.75,46.7,392.81,955.12,207.57,224.95,1188.43
Palau,PLW,2017,127.45,276.58,494.07,198.83,1823.58,105.73,47.01,399.53,980.79,211.03,224.55,1222.83
Palau,PLW,2018,129.21,278.12,502.28,200.97,1867.17,105.71,47.15,406.73,1007.37,214.42,224.71,1262.32
Palau,PLW,2019,131.07,279.5,511.72,203.53,1911.78,105.61,47.26,414.03,1034.63,217.77,225.08,1303.26
Palestine,PSE,1990,6165.87,40898.72,12579.11,20789.75,87142.3,8742.03,2361.99,17608.07,34949.03,12097.66,105554,25427.93
Palestine,PSE,1991,6201.74,42435.43,12796.37,21381.04,88776.06,9079.39,2468.56,18297.48,35571.23,12221.51,106180.25,26041.86
Palestine,PSE,1992,6169.36,44095.71,12964.08,21997.25,90027.39,9439.77,2574.4,19004.24,36091.61,12294.45,106343.99,26618.64
Palestine,PSE,1993,6184.27,45840.66,13152.1,22691.06,91534.79,9811.48,2685.07,19775.9,36847.83,12392.35,106853.26,27277.29
Palestine,PSE,1994,6196.77,47695.75,13334.24,23404.06,92902.24,10195.93,2800.03,20583.27,37626.1,12478.96,106679.65,27952.11
Palestine,PSE,1995,6230.79,49666.88,13558.39,24206.69,94563.39,10603.48,2918.61,21439.63,38555.95,12603.99,107013.91,28719.7
Palestine,PSE,1996,6279.72,52006.67,13829.43,25081.01,96664.55,11019.88,3035.6,22357.16,39631.72,12758.72,107981.5,29629.35
Palestine,PSE,1997,6303.08,54865.9,14079.28,25988.35,98606.73,11449.04,3171.42,23322.73,40670.91,12905.34,108866.06,30250.81
Palestine,PSE,1998,6315.59,58106.61,14331.75,26891.01,100343.74,11893.68,3296.11,24360.25,41602.86,13014.71,108850.41,30952.64
Palestine,PSE,1999,6311.21,61432.52,14576.71,27827.93,101969.06,12351.34,3433.28,25440.86,42537.74,13111.58,108618.91,31741.99
Palestine,PSE,2000,6384.79,64467.69,14907.27,28910.22,104300.12,12822.98,3578,26552.87,43858.77,13345.99,109279.82,32593.23
Palestine,PSE,2001,6511.07,67290.11,15289.05,30044.87,106958.64,13286.68,3729.31,27645.98,45401.25,13675.41,110436.46,33557.34
Palestine,PSE,2002,6637.4,70179.9,15701.65,31194.83,110160.59,13763.93,3890.17,28741.32,46839.89,14035.21,111449.99,34813.22
Palestine,PSE,2003,6737.59,73127.8,16034.88,32281.6,112322.43,14252.29,4050.04,29872.61,48029.33,14340.17,112164.59,36090.42
Palestine,PSE,2004,6904.28,76116.39,16338.71,33376.5,114539.16,14729.81,4220.75,31048.31,49460.02,14728.68,113180.9,37680.11
Palestine,PSE,2005,7186.44,79148.74,16636.19,34618.52,115748.24,15226.81,4396.03,32285.43,51447.07,15263.3,115743.9,39291.61
Palestine,PSE,2006,7429.35,82129.38,16922.5,35767.8,117385.29,15707.81,4592.05,33570.81,53178.75,15714.3,116693.98,40806.25
Palestine,PSE,2007,7544.63,85066.13,17081.76,36813.77,117422.06,16178.12,4820.05,34849.4,54198.04,16013.42,117087.65,41995.25
Palestine,PSE,2008,7733.41,87902.78,17328.31,37860.79,117984.69,16637.6,5033.03,36161.77,55677.84,16387.69,117482.66,43578.01
Palestine,PSE,2009,7958.34,90579.76,17581.76,38809.41,118478.07,17069.36,5246.08,37458.6,57462.86,16798.17,116635.17,45329.47
Palestine,PSE,2010,8180.61,93232.6,17883.88,39682.73,119896.89,17501.7,5440.31,38812.71,59419.05,17191.71,115200.8,47449.29
Palestine,PSE,2011,8481.29,95726.09,18277.42,40746.43,121715.55,17929.75,5658.56,40261.13,62410.75,17684.97,114268.6,49619.2
Palestine,PSE,2012,8723.19,97914.26,18525.71,42033.68,120164.29,18348.14,5865.57,41784.52,65527.84,18113.28,113699.6,50966.25
Palestine,PSE,2013,9008.17,99811.06,19050.93,43281.61,122222.04,18752.91,6079.48,43363.19,69143.65,18616.01,113097.01,53132.1
Palestine,PSE,2014,9199.81,101521.32,19853.19,44289.51,129254.26,19142.66,6275.54,44953.31,72968.31,19039.77,110981.73,56641.33
Palestine,PSE,2015,9304.75,103152.48,20493.51,45407.53,135213.38,19504.29,6448.94,46575.86,76509.9,19326.04,108891.64,59435.57
Palestine,PSE,2016,9432.87,104058.89,20917.17,46664.01,139493.16,19856.13,6713.62,48306.14,79001.83,19663.88,106693.29,61303.29
Palestine,PSE,2017,9508.75,105381.79,21376,47817.28,143485.62,20191.85,6973.56,50060.18,81480.98,19956.57,103604.68,62840.22
Palestine,PSE,2018,9688.84,107899.37,21964.32,48980.36,147888.07,20538.56,7191.13,51808.12,84509.56,20332.75,103273.83,65348.24
Palestine,PSE,2019,10036.88,110721.01,22688.26,50323.67,153865.01,20879.13,7419.1,53659.01,88415.87,20951.08,103803.86,68496.65
Panama,PAN,1990,6467.88,34075.3,15166.86,23920.16,63452.57,10731.33,6106.18,34013.54,47194.41,21104.48,55310.86,21244.18
Panama,PAN,1991,6457.97,34955.52,15378,24551.15,63235.98,10965.58,6269.84,35156.45,47780.96,21055.29,56388.97,22359.68
Panama,PAN,1992,6634.57,35845.09,15801.57,25300.54,65163.65,11202.14,6437.23,36359.65,50110.16,21340.36,57569.03,24159.86
Panama,PAN,1993,6940.18,36740.63,16362.77,26104.13,67594.29,11441.34,6628.9,37537.27,52344.69,21773.32,58946.46,26123.53
Panama,PAN,1994,6790.59,37630.45,16509.06,26777.4,66377.26,11664.27,6784.88,38744.17,52123.08,21530.46,60333.42,27324.71
Panama,PAN,1995,6998.34,38540.55,16981.92,27516.03,68091.35,11899.07,6968.38,39988.02,54083.59,21911.52,62001.21,29205.46
Panama,PAN,1996,6871.26,39445.42,17044,28156.88,67791.56,12128.26,7152.35,41277.16,54016.05,21992.58,64134.36,30272.97
Panama,PAN,1997,7196.3,40388.78,17704.16,28994.26,71190.93,12384.29,7348.5,42623.26,56961.47,22422.29,64718.95,32788.5
Panama,PAN,1998,7202.16,41326.67,18472.24,29785.58,69720.92,12616.1,7646,43963.21,58225.55,21830.81,63987.94,35200.77
Panama,PAN,1999,6949.01,42267.32,18613.95,30650.07,68033.42,12908.8,7867.9,45237.62,57934.91,21572.14,63106.47,36781.32
Panama,PAN,2000,6921.4,43231.47,18275.11,31429.89,65657.63,13164.34,8073.66,46663.53,57012.59,21504.71,63270.28,38061.42
Panama,PAN,2001,7231.17,44220.48,18550.97,32276.42,66926.7,13429.1,8178.2,48072.47,58411.57,22082.72,62786.87,40257.13
Panama,PAN,2002,7538.53,45234.18,18834.79,33279.28,68904.39,13675.62,8293.83,49580.21,60336.31,22739.13,62805.75,42628.25
Panama,PAN,2003,8118.47,46256.24,19206.69,34319.09,72489.47,13919.49,8509.6,51067.08,63704.02,23853.62,63427.55,45022.55
Panama,PAN,2004,8244.57,47285.46,19346.35,35150.23,73714.23,14134.52,8555.61,52623.75,64876.15,24236.78,63676.29,46702.45
Panama,PAN,2005,8599.98,48328.55,19591.98,36041.87,76294.18,14380.03,8706.76,54113.46,66780.49,24862.49,63522.91,48788.19
Panama,PAN,2006,9099.88,49383.55,19668.69,37015.89,78661.98,14681.68,9016.39,55691.87,69654.18,25867.68,64480.65,51280.77
Panama,PAN,2007,9229.61,50437.5,19618.55,37977.23,79171.39,14960.86,9121.41,57333.91,70809.62,26314.88,64747.99,52389.82
Panama,PAN,2008,9814.78,51478.04,19849.9,39025.3,81930.14,15288.13,9337.85,58984.72,74108.69,27331.86,65400.62,55143.5
Panama,PAN,2009,10146.82,52557,20069.18,40084.42,84737.25,15563.76,9570.55,60655.46,76521.94,28181.69,66123.38,57305.31
Panama,PAN,2010,10295.7,53637.7,20374.59,41189.3,85621.33,15888.86,9780.85,62305.57,78052.44,28757.26,67083.43,59748.17
Panama,PAN,2011,10830.96,54783.48,20608.75,42330.72,88146.36,16264.48,10018.75,64003.17,81183.36,29895.16,68813.22,63071.79
Panama,PAN,2012,11428.96,55905.86,21168.12,43527.58,90485.29,16646.65,10159.26,65733.98,84066.65,31046.18,70994.24,66624.7
Panama,PAN,2013,11567.04,57074.97,21635.26,44749.66,92280.5,16967.45,10269.92,67509.79,86044.37,31485.59,72056.7,69786.8
Panama,PAN,2014,11888.47,58223.56,22132.81,46002.12,94129.27,17318.52,10441.6,69303.83,88442.87,32135.63,73054.06,73022.1
Panama,PAN,2015,12036.02,59511.82,22401.64,47149.52,94710.72,17675.66,10667.15,71163.12,89614.79,32472.4,73839.94,75593.66
Panama,PAN,2016,12317.13,61137.05,23028.43,48727.27,96434.51,18171.89,10839.37,73247.59,91800.47,33204.03,75404.15,78211.21
Panama,PAN,2017,12537.47,62835.66,23703.35,50227.18,98535.26,18635.7,11042.91,75402.24,94576.52,33964.19,75663.19,80946.44
Panama,PAN,2018,12734.18,64158.65,24226.25,51519.48,99830.71,18998.32,11408.86,77430.98,96957.18,34602.05,76370.12,83733.5
Panama,PAN,2019,12929.29,65276.08,24815.86,52751.14,101793.07,19327.3,11900.96,79375.13,99326,35161.27,76738.87,86931.97
Papua New Guinea,PNG,1990,11841.71,51464.03,110460.71,34127.12,188123.77,26932.47,7112.27,47894.51,71491.25,30518.82,139009.33,66796.34
Papua New Guinea,PNG,1991,12153.3,52921.67,113320.15,35201.65,193776.4,27718.14,7340.03,49278.59,73699.64,31317.06,142382.26,69771.57
Papua New Guinea,PNG,1992,12422.01,54435.42,116087.61,36314.4,199230.16,28564.35,7562.92,50756.51,75949.36,32030.51,145731.81,73041.74
Papua New Guinea,PNG,1993,12565.12,56043.16,117726.15,37377.71,202702.1,29416.52,7766.32,52279.34,77415.18,32442.76,148609.55,75877.11
Papua New Guinea,PNG,1994,12726.67,57711.35,119300.49,38485.46,206444.1,30328.49,7991.29,53874.45,78951.21,32887.41,151284.07,78915.15
Papua New Guinea,PNG,1995,12973.31,59490.91,121478.91,39673.17,211632.65,31286.88,8245.28,55484.08,81093.96,33535.8,154342.77,82500.91
Papua New Guinea,PNG,1996,13392.51,61335.61,124260.15,41012.16,218557.45,32312.78,8565.71,57251.63,84093.84,34541.2,158534.79,86210.12
Papua New Guinea,PNG,1997,13729.51,63236.7,127414.3,42328.74,226016.02,33379.07,8886.04,59132.14,86862.42,35413.32,162515.82,90124
Papua New Guinea,PNG,1998,14266.28,65210.9,132370.94,43963.71,236837.91,34536.53,9255.94,61141.24,91107.5,36929.76,170952.23,94994.48
Papua New Guinea,PNG,1999,14758.92,67284.95,136320.88,45483.62,246983.37,35701.96,9640.46,63225.51,94774.79,38207.48,176823.28,99573.09
Papua New Guinea,PNG,2000,14985.83,69500.08,138947.19,46880.5,255735.57,36881.78,9991.4,65410.18,97329.64,38835.77,181827.52,103502.77
Papua New Guinea,PNG,2001,15402.21,71863.18,142070.93,48348.69,266470.52,38132.51,10386.15,67731.19,100701.4,39791.85,188096.31,108094.4
Papua New Guinea,PNG,2002,15949.41,74294.98,146335.02,49968.33,279343.72,39423.63,10815.98,70265.49,104776.72,41024.07,193864.98,113693.44
Papua New Guinea,PNG,2003,16414.87,76830.79,150032.53,51484.24,291614.07,40709.31,11237.82,72920.63,108334.34,42007.3,199009.65,119190.65
Papua New Guinea,PNG,2004,16966.83,79491.76,154753.22,53203.6,305640.89,42062.27,11692.02,75705.66,112817.3,43329.61,206509.98,125585.67
Papua New Guinea,PNG,2005,17699.29,82248.22,160635.63,55200.47,321498.77,43459.79,12188.48,78567.09,118497.89,45194.15,216747.68,132491.5
Papua New Guinea,PNG,2006,18346.91,85051.43,165156.9,57078.91,335343.02,44841.48,12640.72,81501.08,123249.67,46805.24,225953.33,137151.29
Papua New Guinea,PNG,2007,19076.55,87985.86,169644.39,59036.8,350090.95,46273.39,13182.22,84666.69,128440.7,48365.33,231914.01,142540.5
Papua New Guinea,PNG,2008,19548.38,90938.42,173020.79,60877.54,360650.84,47650.52,13658.5,87899.65,132245.99,49379.54,237144.44,146817.78
Papua New Guinea,PNG,2009,19961.71,93986.84,175675.96,62626.68,369934.39,49056.27,14142.78,91228.1,135652.35,50235.12,240941.96,150910.73
Papua New Guinea,PNG,2010,21014.4,97132.34,182007.23,64881.8,388084.43,50587.81,14785.19,94737.59,143634.23,52370.69,247017.65,158135.96
Papua New Guinea,PNG,2011,21925.66,100341.55,186852.65,66849.82,402946.52,52147.76,15351.95,98319.37,150076.4,54158.72,251813.36,165783.45
Papua New Guinea,PNG,2012,22502.91,103521.06,191227.83,68932.88,414672.88,53699.58,15858.27,101931.98,155071.64,55437.64,257089.29,172669.43
Papua New Guinea,PNG,2013,22944.09,106776.56,194709.95,70964.36,423923.02,55285.36,16338.78,105606.81,158987,56453.46,262545.56,178870.13
Papua New Guinea,PNG,2014,23637.58,110033.09,198956.29,73099.35,436368.11,56914.3,16922.15,109398.74,164638.55,57876.27,266838.15,186555.53
Papua New Guinea,PNG,2015,24590.44,113325.74,204482.6,75432.89,453209.3,58612.99,17579.34,113303.69,172304.81,59700.23,270172.92,196023.23
Papua New Guinea,PNG,2016,25094.03,116574.32,208598.77,77863.8,464066.39,60282.6,18198.91,117331.18,177459.14,61000.27,276577.07,203795.34
Papua New Guinea,PNG,2017,25998.63,119905.68,215059.38,80619.08,480118.19,62067.88,18889.69,121453.56,184828.55,63083.23,281466.87,212346.88
Papua New Guinea,PNG,2018,26868.21,123326.1,222073.66,83140.39,498952.55,63868.66,19585.72,125696.27,193213.29,64840.44,286499.26,222694.62
Papua New Guinea,PNG,2019,27531.38,126862.44,227960.88,85404.77,514492.68,65631.96,20170.05,129948.65,199989.37,66276.07,291527.39,231977.61
Paraguay,PRY,1990,10207.03,68527.14,20351.43,43823.37,113657.6,24633.62,15365.47,51140.61,62116.26,36464,81355.16,29843.68
Paraguay,PRY,1991,10136.88,70886.3,20297.75,45035.43,111182.88,25342.55,15718.04,53102.88,62694.29,35832.39,80841.52,30580.75
Paraguay,PRY,1992,10789.74,73216.92,21123.59,46782.42,120075.8,26055.58,16317.06,55190.3,67867.84,36792.75,81573.88,33463.14
Paraguay,PRY,1993,11120.05,75594.95,21680.41,48428.1,125518.64,26738.33,16862.17,57245.03,71179.46,37080.5,81271.11,35908.09
Paraguay,PRY,1994,11461.58,77940.73,22144.73,49980.18,129779.75,27399.08,17402.74,59273.74,74182.82,37389.6,80806.01,37938.43
Paraguay,PRY,1995,11798.89,80239.95,22767.94,51682.21,133608.07,28070.25,17989.39,61414.32,78600.49,37748.51,81325.96,40600.64
Paraguay,PRY,1996,12145.8,82506.35,23461.75,53382.69,136516.75,28687.37,18641.9,63571.65,83565.74,38098.57,80919.26,43664.63
Paraguay,PRY,1997,12162.41,84667.25,23578.54,54654.66,131548,29289.95,19115.35,65781.29,85552.35,37926.77,80487.74,45202.34
Paraguay,PRY,1998,12478.74,86780.52,24125.06,56157.97,132562.54,29904.05,19693.02,68068.97,89166.68,38412.42,80165.06,47965
Paraguay,PRY,1999,12854.59,88969.26,24719.31,57794.16,135655.21,30541.17,20275.34,70379.61,94356.38,39268.15,81033.03,51527.91
Paraguay,PRY,2000,12853.31,91242.2,25127.06,59337.09,135622.32,31223.36,20842.8,72708.05,97996.24,39753.66,83313.19,55103.17
Paraguay,PRY,2001,12753.68,93667.7,25330.33,60686.04,133553.54,31874.98,21324.96,75027.74,99482.1,40084.8,86136.93,58255.5
Paraguay,PRY,2002,12797.43,96152.25,25819.16,62166.87,135363.34,32512.77,21857.45,77461.88,102569.09,40848.5,89523.41,62627.3
Paraguay,PRY,2003,13221.45,98720.67,26654.97,63982.72,141908.43,33119.35,22591.17,79996.55,107846,42440.68,93543.96,68437.8
Paraguay,PRY,2004,13855.28,101197.83,27641.35,65758.83,151105.64,33700.44,23349.52,82636.11,113243.43,44279.71,97483.88,74628.1
Paraguay,PRY,2005,14145.61,103715.42,27977.43,67012.84,154614.51,34259.25,24034.13,85049.01,114406.45,45114.87,99598.74,77968.18
Paraguay,PRY,2006,14833.66,106153.06,28596.48,68537.87,160637.51,34807.8,24845.79,87665.96,117287.02,46666.88,102380.36,81239.52
Paraguay,PRY,2007,15331.97,108632.52,29048.84,69810.11,161485.71,35380.36,25634.92,90187.39,117390.51,47677.58,104613.82,82310.38
Paraguay,PRY,2008,16187.95,111099.45,29748.23,71459.75,165951.97,35956.53,26710.28,92921.18,120293.96,49377.73,106799.37,85099.05
Paraguay,PRY,2009,17290.9,113613.52,31003.41,73248.24,175271.51,36573.63,27973.41,95733.32,125267.09,51541.97,109402.97,89879.83
Paraguay,PRY,2010,17841.13,116145.47,32017.35,74767.98,178840.71,37201.24,29054.7,98368.76,127289.69,52882.89,111435.11,93805.32
Paraguay,PRY,2011,17982.55,118797.67,32725.03,76069.62,177303.19,37807.25,30138.3,100990.18,127670.92,53535.19,113413.48,96763.28
Paraguay,PRY,2012,18174.2,121809.3,33692.97,77370.37,177157.72,38402.37,31417.15,103642.51,128880.22,54397.43,115620.85,100710.9
Paraguay,PRY,2013,18827.59,124939.95,35097.45,79031.92,182274.08,39008.48,32870.19,106400.07,134443.78,56010.51,117491.12,107487.96
Paraguay,PRY,2014,19241.28,127965.39,35901.21,80206.55,180399.73,39555.74,34279.61,108972.16,135582.09,56883.55,117381.35,110256.35
Paraguay,PRY,2015,20180.58,130759.47,37340.54,81716.34,185675.59,40129.42,35877.07,111689.3,140434.89,58442.7,113495.99,115163.34
Paraguay,PRY,2016,21364.11,133228.42,39324.77,83937.87,198245.92,40725.65,37411.28,114587.3,149952.51,60934.51,112879.37,122904.48
Paraguay,PRY,2017,21765.81,135609.41,39878.2,85751.82,202823.96,41174.85,38101.58,117254.45,154471.46,62100.07,113405.03,125251.85
Paraguay,PRY,2018,22220.79,137910,40281.68,87345.17,207280.08,41633.63,38893.47,120289.92,159114.71,63253.53,113165.79,128656.33
Paraguay,PRY,2019,22716.2,140095.14,40774.39,88961.84,212880.11,42096.7,39796.35,123742.73,164011.66,64496.94,112931.62,133287.7
Peru,PER,1990,144448.91,319411.49,180500.96,187555.01,539132.17,134217.93,72415,234644.25,478071.4,602440.2,494821.36,164988.37
Peru,PER,1991,139367.62,326947.32,173643.11,188059.49,501588.33,136458.81,72579.61,241636.61,467266.17,582694.26,494863.77,162571.14
Peru,PER,1992,147901.29,334678.1,176052.22,193481.27,537729.36,139004.42,75471.28,249131.53,507045.58,583724.6,499730.24,176632.62
Peru,PER,1993,150570.53,342273.03,173609.59,196734.97,541774.16,141349.99,77655.7,256577.25,521198.5,564278.29,499731.45,182274.48
Peru,PER,1994,151320.54,349883.75,170624.2,199840.87,541483.61,143761.56,79512.88,264280.83,538754.74,541971.3,499883.54,188472.86
Peru,PER,1995,153134,357371.56,169373.63,203256.47,546248.33,146247.45,81920.67,272102.88,556796.52,523483.89,502258.99,195869.79
Peru,PER,1996,151540.21,364758.03,165930.1,206197.28,520141.5,148677.81,84105.31,279911.01,549455.95,506756.13,505672.03,193722.51
Peru,PER,1997,153486.15,372330.12,165541.15,212881.82,514588.82,151128.08,87495.88,288834,565028.43,474910.46,519393.53,202093.32
Peru,PER,1998,153519.26,379628.14,164028.86,219086.12,509428.56,153392.18,90703.31,297840.6,576737.55,450744.7,529794.97,208754.84
Peru,PER,1999,150408.24,386866.3,158578.61,225048.82,475450.47,155752.71,93380.58,307688.54,572781.59,410703.62,550303.93,212309.06
Peru,PER,2000,151189.04,394088.46,159480.78,229499.02,483045,156840.72,96130.27,317158.7,594878.9,395878.21,562249.08,222951.14
Peru,PER,2001,144932.95,401209.53,156727.7,231509.9,467950.97,157487.5,97209.43,326627.63,591172.12,369029.36,564822.23,224860.62
Peru,PER,2002,143744.55,408104.17,156520.18,235248.51,467905.86,158108.89,98721.5,336650.32,603415.17,356161.65,571891.94,232406.39
Peru,PER,2003,145526.8,415120.83,158010.38,239945.8,477002.51,158808.23,100602.64,347085.35,623177.96,351717.98,579364.19,242774.63
Peru,PER,2004,143314.22,421843.09,157757.83,242795.45,466547.16,159030.81,100255.91,356844.84,614184.08,342107.77,580744.78,244390.76
Peru,PER,2005,143003.08,428979.33,158600.92,245635,465843.13,159578.8,99401.05,366646.34,620569.36,337206.16,580812.84,250097.1
Peru,PER,2006,141759.34,435430.94,158930.37,248616.39,460382.65,160503.39,98566.12,376800.66,618415.63,331456.15,580917.47,254284.67
Peru,PER,2007,139587.84,441249.52,158881.95,251535.36,450692.42,161534.61,97934.03,387600.23,609675.09,324249.52,578611.51,257210.33
Peru,PER,2008,142549.6,446790.12,164405.28,258126.96,462926.76,162934.72,97471.29,399486.73,636803.04,326841.07,577324.54,269071.69
Peru,PER,2009,158092.77,452972.04,176924.98,267863.81,525261.14,164768.81,101033.41,411475.28,714294.58,350404.01,586163.6,304533.36
Peru,PER,2010,163173.31,460388.59,182524.78,274440.95,545751.96,166701.47,102551.85,423166.86,740390.72,357002.16,592017.7,321349.57
Peru,PER,2011,164369.38,469774.97,184975.01,280273.39,550156.15,169215,103529.68,435338.94,748350.61,357821.17,596979.94,330241.85
Peru,PER,2012,164781.92,481283.66,187223.03,286943.03,550869.66,172570.56,104632.99,448966.88,751334.75,357817.24,602853.61,338152.49
Peru,PER,2013,165117.93,495505.82,189512.72,294554.22,551731.86,176893.83,105672.03,464428.83,755519.01,359187.6,615233.56,345984.3
Peru,PER,2014,164251.99,509008.45,189302.15,301486.32,542915.2,180959.13,106626.76,479863.55,752475.51,358411.7,622254.38,349792.2
Peru,PER,2015,165863.78,520050.81,189741.01,308548.69,542701.19,184268.88,107763.66,494033.65,759250.1,361692.23,624028.78,357066.34
Peru,PER,2016,169324.58,529458.38,191180.22,317571.35,553007.77,187157.29,109077.86,506599.33,775990.47,368440.75,626142.9,371053.39
Peru,PER,2017,173553.56,540624.14,193187.14,327726.5,567508.72,190795.07,111414.82,520240.53,794687.24,376644.16,621607.62,384499.5
Peru,PER,2018,178182.21,549764.65,195338.68,336078.47,582179.32,193262.21,113152.91,533587.96,814349.32,385988.58,623152.05,395316.89
Peru,PER,2019,182835.4,557247.34,198154.85,343382.61,596753.23,194983.7,114087.84,546077.73,833235.47,394879.29,622453.68,405900.43
Philippines,PHL,1990,286216.75,822672.21,822277.84,562164.52,1197596.89,419595.3,166948.05,924435.97,1297174.09,677706.84,1444982.27,861472.09
Philippines,PHL,1991,291909.59,843593.71,819850.62,575427.08,1182547.92,429260.2,170111.05,954025.37,1319029.79,685093.77,1446570.21,872494.94
Philippines,PHL,1992,302583.47,864603.76,834067.78,590852.47,1217401.56,439760.32,174023.32,984928.24,1368706.64,705999.72,1451213.28,906556.36
Philippines,PHL,1993,311635.32,885700.4,848844.42,606704.74,1265186.81,450413.5,177619.3,1016757.63,1414715.1,722958.56,1464371.44,939248.71
Philippines,PHL,1994,318816.2,906863.46,860769.77,622634.69,1326378.87,461092.69,180642.42,1049150.84,1452656.17,735408.85,1468629.41,967836.15
Philippines,PHL,1995,324965.94,927940.63,869890.27,639017.79,1399008.37,471783.6,183099.53,1082070.08,1489212.91,744306.87,1480470.03,993430.55
Philippines,PHL,1996,333822.01,947775.19,885427.98,655984.2,1518760.78,482655.37,186303.96,1113667.43,1540775.2,758772.93,1491159.02,1032479.74
Philippines,PHL,1997,337229.73,966109.81,889203.17,670867.44,1652037.23,493239.84,187667.35,1142987.17,1565111.48,761396.16,1503668.5,1054616.5
Philippines,PHL,1998,339805.84,984026.83,895453.93,684825.79,1869948.64,503877.1,188700.35,1172042.38,1586266.19,764518.2,1517260.35,1082028.98
Philippines,PHL,1999,331274.76,1002914.64,898620.92,697441.76,2189031.76,515050.51,187019.22,1201846.08,1569361.09,750304.73,1563424.91,1093408.34
Philippines,PHL,2000,333120.99,1023985.59,908484.57,712045.21,2527644.27,525497.06,185163.29,1234997.01,1583223.5,752603.08,1591246.1,1122296.1
Philippines,PHL,2001,337879.39,1046965,926770.19,728376.36,2846640.12,536097.92,182374.01,1270045.67,1602116.67,759792.35,1612222.15,1153598.75
Philippines,PHL,2002,342916.91,1070743.26,945914.75,745066.49,3140935.95,546974.78,179656.59,1305033.95,1618866.93,767094.87,1643322.56,1180986.28
Philippines,PHL,2003,346993.17,1095433.35,956048.83,760752.2,3325877.15,557695.07,177441.83,1340886.38,1621618.78,771783.48,1672662.67,1202604.4
Philippines,PHL,2004,351534.44,1121107.62,962743.89,777085.75,3523824.67,567852.68,176862.67,1378103.5,1628304.49,776385.57,1681660.66,1235486.13
Philippines,PHL,2005,359981.02,1147334.52,1009183.02,797777.79,3753746.44,580201.03,178283.78,1416982.76,1685229.39,797535.3,1758471.52,1300877.9
Philippines,PHL,2006,364573.86,1174095.39,1040430.8,817226.55,3908308.27,591505.11,180484.25,1455993.56,1713748.79,812326.04,1806211.5,1352829.75
Philippines,PHL,2007,368683.91,1201304.56,1060408.68,835898.79,4010428.07,601969.82,183066.54,1495546.25,1743815.53,822110.99,1845072.34,1400533.67
Philippines,PHL,2008,381667.08,1228638.94,1094931.03,857415.8,4186927.75,612743.73,187170.1,1536789.92,1813621.46,846393.14,1898340.18,1475068.53
Philippines,PHL,2009,388644.87,1255782.58,1123889.8,877397.46,4356177.69,622476.49,191012.64,1578536.16,1862091.9,860293.5,1926356.54,1540858.69
Philippines,PHL,2010,395735.92,1282570.76,1140261.09,897620.02,4479375.99,632322.03,194982,1620615.31,1907865.1,869276.3,1932595.56,1598174.56
Philippines,PHL,2011,403303.51,1309340.37,1164207.06,919367.98,4610696.21,643327.08,198990.09,1663045.2,1967306.91,881994.66,1959368.29,1659863.51
Philippines,PHL,2012,413148.02,1336393.95,1192435.78,943169.74,4755122.42,656169.25,203447.64,1706434.47,2053550.95,900462.55,2002267.08,1737277.9
Philippines,PHL,2013,422575.65,1363531.11,1207740.62,966854.85,4872678.25,669314.89,207958.88,1750321.17,2135247.22,914822.37,2026548.55,1820821.62
Philippines,PHL,2014,430706.01,1390432.6,1227687.36,989584.72,5008604.26,682650.38,213252.13,1794803.89,2207779.16,931276.1,2042273.08,1904546.38
Philippines,PHL,2015,441198.51,1417115.55,1253704.71,1013619.53,5182090.02,695639.3,219039.46,1839721.93,2299867.25,951509.42,2059506.56,1998354.92
Philippines,PHL,2016,450910.78,1442715.45,1271033.96,1041604.27,5270648.8,707642.19,225568.01,1883761.47,2370399.75,970487.53,2074539.05,2059379.17
Philippines,PHL,2017,460907.98,1468676.75,1277881.26,1069738.05,5341185.88,718845.5,232146.17,1928772.88,2433119.17,987280.24,2074966.09,2108151.4
Philippines,PHL,2018,469435.49,1498377.48,1288083.32,1093113.82,5403251.87,729917.65,237877.64,1976649.06,2495133.85,998499.64,2052461.44,2159078.03
Philippines,PHL,2019,479215.9,1531693.37,1304851.45,1117390.76,5479521.28,741586.39,243500.36,2027516.23,2561597.32,1013153.28,2049466.78,2217844.3
Poland,POL,1990,184375.12,496931.11,514264.98,535925.22,3980893.2,176280.99,271337.67,681971.4,2185435.46,513143.22,798510.33,450626.53
Poland,POL,1991,200548.3,500623.31,516032.92,541926.81,4137477.79,176145.89,286838.13,689426.45,2283354.35,533588.08,784882.85,461665.14
Poland,POL,1992,201346.12,504152.3,498836.06,543351.77,4032453.13,175856.56,295053.39,695720.46,2258630.42,529631.15,765985.64,454537.64
Poland,POL,1993,198355.3,507754.76,482382.71,543826.85,3873922.18,175351.71,296404.15,701851.11,2205895.2,518872.33,740339.75,442526.24
Poland,POL,1994,205894.79,511162.86,472623.03,548988.46,3830765.7,174886.5,301446.12,708564,2233992.92,527504.1,749775.59,441798.63
Poland,POL,1995,218602.4,514238.09,469819.03,554468.05,3832170.35,174420.07,309255.6,714674.36,2294075.43,541881.98,719573.53,440466.21
Poland,POL,1996,218701.83,517307.79,459069.14,557181.11,3717513.1,173824.83,308057.17,720291.53,2280763.47,538672.91,694744.02,433725.64
Poland,POL,1997,229988.22,520361.39,453334.41,562455.16,3666658.08,173015.93,308620.65,725780.25,2332345.37,551111.92,651188.07,433259.85
Poland,POL,1998,237930.73,523438.3,441460.65,567139.04,3550292.1,172263.5,308424.42,731164.95,2355074.43,557570.82,616933.52,428413.16
Poland,POL,1999,252314.07,526136.03,436096.93,574721.95,3532622.18,171531.58,308610.3,736955.36,2429054.55,574722.46,589646.9,429306.1
Poland,POL,2000,244105.94,528377.37,418854.21,578162.96,3336303.28,170938.13,305767.71,743180.04,2394613.21,561806.15,568176.54,422667.71
Poland,POL,2001,243639.42,528902.71,407123.39,584179.85,3234286.22,170373.01,307759.19,750021.13,2406412.67,560030.96,560132.54,422082.35
Poland,POL,2002,244200.84,527349.01,397014.77,589631.36,3144186.64,169914.28,310152.32,757352.03,2410301.05,560310.13,557453.18,423905.3
Poland,POL,2003,248482.8,524907.78,390862.48,595392.96,3099289.75,169550.14,316236.1,765188.33,2425604.25,564936.23,555121.23,429389.07
Poland,POL,2004,263470.64,522824.75,386217.34,602948.44,3097143.5,169239.26,325437.26,772683.65,2475853.01,583270.15,558018.96,437962.85
Poland,POL,2005,275387.85,522454.66,382749.96,611955.37,3077599.27,168986.08,334906.89,779965.99,2501384.92,597501.07,560521.99,447848.83
Poland,POL,2006,287638.73,523374.1,381817.78,620848.79,3077462.35,168744.03,343260.39,786787.52,2540592.83,610643.07,559779.85,464092.98
Poland,POL,2007,298016.02,524566.63,383350.99,629640.72,3082209.4,168468.88,349328.25,792985.3,2577147.22,621215.42,558745.64,484809.78
Poland,POL,2008,300693.42,525712.17,381006.35,637236.75,3056458.54,168278.96,351644.24,798784.55,2576579.77,620896.48,555175.35,501384.92
Poland,POL,2009,296524.44,526689.27,378726.79,645290.44,3030583.17,168246.64,351347.03,804778.5,2580315.95,613336.32,550407.92,517311.3
Poland,POL,2010,287754.76,527569.46,371142.64,651928.85,2941889.82,168505.19,351782.96,810841.55,2539976.7,599463.1,542967.45,523564.92
Poland,POL,2011,286035.23,528301.52,368616.68,661267.57,2906909.09,168950.58,354225.96,818186.08,2550060.79,598131.98,536194.18,532265.06
Poland,POL,2012,286063.41,528741.43,367842.08,672146.26,2914603.97,169445.99,357439.41,825768.08,2595948.08,599467.25,527886.36,544679.44
Poland,POL,2013,277294.28,529083.74,365032.79,679360.18,2864162.72,169815.85,358621.12,833031.19,2592557.42,589627.99,514478.18,551293.82
Poland,POL,2014,265343.51,529332.75,358190.05,684761.15,2778806.75,170152.97,359187.35,839665.37,2562963.48,573036.12,501387.82,551952.83
Poland,POL,2015,270544.83,529432.02,363352.25,695886.56,2821931.92,170473.27,364117.78,845551.17,2633158.27,579986.64,495093.97,566510.19
Poland,POL,2016,268922.63,528714.7,364094.71,703296.87,2794447.92,170799.43,361898.07,847135.21,2629661.59,578575.38,495361.16,572717.4
Poland,POL,2017,266764.03,528168.83,370188.3,710335.15,2825703.93,170847.74,357534.02,848827.17,2654588.54,578072.78,491414.58,581261.62
Poland,POL,2018,265692.54,533418.26,374578.8,718243.91,2865533.82,170940.69,356835.78,854015.32,2677204.88,579217.22,491378.46,593952.06
Poland,POL,2019,264518.37,544873.73,378423.91,725231.29,2890231.46,170932.04,356539.65,859943.08,2697612.12,579379.54,493836,608285.55
Portugal,PRT,1990,105573.42,259954.19,154174.21,142994.85,812741.42,75581.82,46113.88,256681.22,515865.07,155874.71,189408.82,133157.85
Portugal,PRT,1991,106534.96,260437.28,156938.3,145369.83,814714.53,75562.82,47254.31,260980.51,528247.52,157517.5,189501.85,140059.77
Portugal,PRT,1992,104661.37,261606.84,157601.35,146826.47,796602.48,75665.51,48541.59,265264.72,532128.44,155477.73,187307.81,144070.75
Portugal,PRT,1993,102920.14,263141.88,159965.33,148577.01,795013.11,75901.57,49549.15,269838.09,541593.06,154389.06,186503.83,149612.92
Portugal,PRT,1994,95539.44,264728.13,159194.44,149882.56,761923.26,76235.46,50590.94,274174.24,535481.56,146726.63,184821.74,150346.94
Portugal,PRT,1995,94308.85,266614.91,162240.93,152084.23,761525.51,76672.18,51684.56,278347.12,547315.17,146373.88,184281.53,155024.31
Portugal,PRT,1996,93187.26,269840.37,164847.46,154392.85,761817.08,77186.7,52627.18,282554.59,560048.63,146333.75,183921.52,159068.44
Portugal,PRT,1997,89692.68,275356.15,163041.2,156544.75,745807.46,77734.71,53777.32,286811.26,564890.71,143011.6,183562.36,161824.81
Portugal,PRT,1998,87151.51,281556.46,161283.47,159010.91,735911.81,78396.32,54959.03,291275.19,571638.32,141086.42,183152.4,166490.95
Portugal,PRT,1999,84142.44,286990.37,161365.1,161162.07,726694.96,79019.77,55853.44,295681.36,578230.83,138463.42,181553.77,171315.17
Portugal,PRT,2000,81490.68,290383.88,159748.71,163434.99,703807.6,79331.4,56434.05,299748.66,581764.29,135769.99,181878.73,175773.24
Portugal,PRT,2001,80365,290654.99,160750.59,166258.42,686334.38,79627.8,57224.44,303540.16,587420.47,135093.08,181903.6,183819.09
Portugal,PRT,2002,78407.57,289031.13,164183.08,169241.96,673779.36,79647.82,57818.99,306918.67,592801.68,133354.29,182377.4,192523.18
Portugal,PRT,2003,76924.65,286528.44,167327,171878,657764.81,79225.22,57922.9,310135.55,598645.85,132232.15,182531.47,200268.55
Portugal,PRT,2004,73564.42,284230.73,168168.01,173853.85,620168.72,79471.98,58107.81,313098,591855.94,128078.42,182932.9,202271.27
Portugal,PRT,2005,72221.37,283528.22,170792.19,176118.31,598842.3,79273.22,57877.26,316163.02,600058.29,125968.9,183595.8,204804.46
Portugal,PRT,2006,69893.72,284233.51,170786.79,179095.62,575553.62,79184.59,57702.47,319711.13,601592.82,124070.65,183738.2,205021.87
Portugal,PRT,2007,68346.04,285095.41,171570.39,183231.18,562392.75,79052.9,57964.45,323871.31,607506.76,124911.82,184946.67,209957.34
Portugal,PRT,2008,66012.44,286011.48,171855.78,186821.02,547484.5,79091.89,57914.93,328039.37,612567.67,124146.12,185009.29,213201.49
Portugal,PRT,2009,64468.85,286725.29,172351.38,190514.57,535063.31,79170.11,57655.79,331973.46,618630.3,123925.05,185431.33,216186.06
Portugal,PRT,2010,62308.23,287055.9,171842.95,193902.98,522129.36,79300.97,57334.85,335370.45,620017.98,122703.59,185659.14,217307.53
Portugal,PRT,2011,60220.19,285570.52,170589.67,197455.29,509942.42,79363.28,56672.3,338407.83,621135.49,121194.11,188068.26,215865.97
Portugal,PRT,2012,57868.42,282015.46,168862.91,200919.46,502931.96,79402.09,56232.37,341225.41,620644.99,119445.21,190280.7,213949.68
Portugal,PRT,2013,55651.92,277738.83,166021.54,203992.62,496975.2,79409.48,55801.63,343821.41,618767.53,117743.91,192053.03,210738.03
Portugal,PRT,2014,53341.45,273999.58,163801.68,206991.18,493034.09,79377.51,55498.31,346362.41,612588.55,115588.5,193436.81,207507.64
Portugal,PRT,2015,51092.03,272355.95,163783.67,209822.2,492374.83,79341.62,55128.54,348585.09,608993.79,113695.39,194726.27,206853.74
Portugal,PRT,2016,51677.88,274544.4,163786.26,213338.75,501225.49,79407.02,54750.5,349988.57,617643.23,115275.14,195319,208680.83
Portugal,PRT,2017,52468.15,277120.97,163747.38,215262.55,513185.71,79253.51,54490.84,351113.58,622100.23,116178.09,193538.81,211583.26
Portugal,PRT,2018,52637.52,277372.64,165431.97,217374.47,522033.79,79095.06,54298.79,352613.5,623774.53,116770.54,193067.22,215779.82
Portugal,PRT,2019,52938.49,277350.62,167667.82,219300.72,531623.89,78943.98,54050.87,353916.17,628716.14,117540.25,192216.07,220768.72
Puerto Rico,PRI,1990,32008.04,60346.9,37074.52,46460.71,159912.73,19642.24,22625.69,53834.07,108323.95,52462.67,70879.86,84978.73
Puerto Rico,PRI,1991,32394.7,61182.75,38105.83,47312.25,159234.87,19850.52,23906,55067.2,110311.88,53079.07,71242.44,88104.66
Puerto Rico,PRI,1992,32968.73,61999.72,39523.84,48333.53,160329.5,20064.78,25477.19,56309.06,112436.05,54114.2,72717.92,91974.79
Puerto Rico,PRI,1993,34894.9,62809.48,41462.95,49511.39,164009.27,20298.31,27477.98,57583.67,115909.2,56633.24,72731.33,96554.86
Puerto Rico,PRI,1994,34781.44,63543.4,42894.44,50229.58,162130.48,20445.73,30232.2,58822.92,114834.76,56525.96,70352.87,97829.88
Puerto Rico,PRI,1995,37274.56,64214.62,45364.82,51530.12,167737.79,20767.28,34066.92,60106.12,120647.47,59687.99,71565.01,104042.79
Puerto Rico,PRI,1996,36837.18,64810.64,46316.18,52100.78,168094.47,20931.85,35555.39,61359.93,121499.22,59266.29,69933.06,106832.38
Puerto Rico,PRI,1997,35386.27,65344.46,46054.35,52396.04,160954.38,21123.7,37934.57,62504.49,117756.67,57635.31,70019.91,106874.16
Puerto Rico,PRI,1998,36913.84,65805.66,47980.44,53463.43,169154.1,21407.18,40622.6,63828.55,125039.12,59773.92,69429.99,115262.36
Puerto Rico,PRI,1999,33205.27,66234.03,46862.65,53583.49,160899.58,21508.16,40659.5,64976,120755.84,55493.28,68957.16,115768.85
Puerto Rico,PRI,2000,31747.18,66598.07,46334.32,54276.05,158272.7,21632.9,41581.85,66097.45,121589.33,53805.16,68628.65,119005.73
Puerto Rico,PRI,2001,31478.49,66901.35,46418.74,54907.73,160795.77,21781.51,41313.38,67120.74,124708.53,53620.03,68016.14,124663.92
Puerto Rico,PRI,2002,28695.66,67135.07,44777.97,55172.75,151848.97,21824.67,38633.04,68053.05,120966.51,50304.36,67425.13,124493.34
Puerto Rico,PRI,2003,27754.5,67297.32,44921.62,55730.78,151698.88,21878.71,35890.12,69109.8,123284.18,49331.26,67164.42,128883.29
Puerto Rico,PRI,2004,27478.56,67407.62,45174.06,56217.71,152405.8,21947.38,33979.15,70047.84,125758.71,49128.04,66923.26,133500.27
Puerto Rico,PRI,2005,26964.87,67439.68,44985.94,56638.63,151420.01,21963.96,32763.32,70841.13,126457.26,48454.08,67497.48,136652.07
Puerto Rico,PRI,2006,25855.84,67287.4,44092,56865.8,146920.42,21951.58,31377.57,71544.58,126038.01,47068.52,67243.71,137625.57
Puerto Rico,PRI,2007,25295.36,66960.6,44274.24,57279.92,145985.6,21955.51,29638.94,72237.24,128251.57,46500.63,67256.83,140926.25
Puerto Rico,PRI,2008,24252.26,66571.07,44184.71,57654.24,144133.14,21944.59,27601.14,72915.91,130047.01,45295.62,67181.07,143910.07
Puerto Rico,PRI,2009,24249.92,66256.32,44589.05,58269.16,145772.36,22009.58,25938.36,73571.9,134240.63,45320.31,67178.74,148581.86
Puerto Rico,PRI,2010,22204.79,66085.3,43198.7,58498.42,138492.63,21981.7,23888.67,74114.76,130139.62,42856.42,66832.43,146480.73
Puerto Rico,PRI,2011,24315.9,66066.46,43680.15,59783.54,145321.98,22131.67,22913.9,74897.54,137753.75,45338.94,67829.8,153526.53
Puerto Rico,PRI,2012,23105.63,66135.52,41931.87,60076.2,137245.92,22046.46,21546.01,75538.06,131951.75,43640.67,67586.2,149484.39
Puerto Rico,PRI,2013,23666.96,66246.27,42073.92,61002.86,140029.45,22093.78,20480.24,76420.73,135698.99,44307.86,67498.63,153345.61
Puerto Rico,PRI,2014,23159.64,66340.37,41397.11,61220.97,137312.5,22065.37,19539.66,77174.85,134500.92,43679.73,67522.41,152704.02
Puerto Rico,PRI,2015,22554.24,66313.5,40303.59,61270.32,132399.84,21995.91,18555.73,77777.43,130777.79,42737.84,66915.18,149515.59
Puerto Rico,PRI,2016,23727.96,66178.9,41390.7,62476.72,138268.61,21970.67,18137.08,78344.3,135955.34,44524.23,67459.39,155096.52
Puerto Rico,PRI,2017,24082.4,65192.9,41720.92,63080,142165.49,21710.95,17717.66,78318.96,138309.1,45133.48,66962.84,157818.11
Puerto Rico,PRI,2018,24244.43,64320.74,42207.18,63613.98,146050.2,21453.75,17355.57,78340.98,139967.19,45449.67,66648.29,160550.48
Puerto Rico,PRI,2019,24290.61,64382.58,42567.73,64312.84,148130.24,21399.84,17211.78,78930.75,140974.49,45646.54,66705.54,162794.8
Qatar,QAT,1990,1327.83,8724.17,1686.4,4148.82,11716.18,1700.12,996.41,5759.06,4798.17,2375.77,13538.12,3902.58
Qatar,QAT,1991,1377.11,9021.7,1757.08,4290.14,12356.64,1749.55,1020.54,6018.74,5076.51,2453.54,13548.61,4187.74
Qatar,QAT,1992,1432.65,9317.18,1816.52,4420.78,12993.75,1798.14,1044.22,6280,5315.47,2537.17,13506.29,4475.73
Qatar,QAT,1993,1469.74,9606.29,1860.24,4543.19,13450.5,1845.68,1067.37,6546.16,5468.75,2598.45,13461.04,4757.1
Qatar,QAT,1994,1531.36,9893.21,1904.59,4674.04,13744.4,1892.28,1101.93,6822.93,5703.5,2690.19,13450.08,4860.16
Qatar,QAT,1995,1618.25,10185.42,1975.36,4822.27,14272.47,1938.83,1138.31,7096.11,6068.15,2813.67,13532.92,5088.83
Qatar,QAT,1996,1693.17,10483.62,2061.39,4973.95,14991.35,1989.72,1158.76,7378.49,6405.03,2924.8,13630.4,5723.37
Qatar,QAT,1997,1764.34,10787.94,2132.48,5118.06,15476.53,2040.71,1186.86,7674.23,6698.55,3030.69,13642.53,6283.95
Qatar,QAT,1998,1844.18,11111.19,2189.58,5263.67,15795.58,2093.49,1220.66,8002.22,6962.83,3145.22,13663.91,6768.11
Qatar,QAT,1999,1915.74,11485.03,2239.95,5428.7,15972.95,2155.74,1261.43,8375.41,7171.72,3255.01,13730.52,7231.99
Qatar,QAT,2000,1985.63,11951.21,2292.7,5632.75,16004.58,2234.34,1307.8,8813.01,7443.94,3369.3,13873.25,7677.55
Qatar,QAT,2001,2071.77,12550.17,2376.06,5913.62,16301.11,2339.02,1344.21,9357.68,7837.48,3518.96,14169.54,8255.72
Qatar,QAT,2002,2213.88,13342.69,2491,6273.7,17130.27,2475.66,1366.11,10058.86,8407.98,3752.03,14567.45,9125.07
Qatar,QAT,2003,2353.16,14398.2,2607.99,6726.4,17730.86,2653.05,1395.4,10968.22,8938.64,3998.45,15086.3,10059.91
Qatar,QAT,2004,2480.8,15831.71,2750.67,7334.39,18065.1,2888.43,1470.26,12162.1,9492.29,4261.81,15864.21,11013.88
Qatar,QAT,2005,2663.99,17840.46,2997.28,8179.97,19142.49,3208.62,1670.4,13759.48,10364.46,4640.4,16943.65,12253.06
Qatar,QAT,2006,2987.46,20491.26,3266.74,9304.27,20587.01,3610.78,1983.54,15846.07,11539.08,5257.27,18451.71,13642.21
Qatar,QAT,2007,3284.17,23844.88,3577.95,10762.5,21779.98,4116.91,2419.07,18474.78,12901.04,5905.15,20304.31,15388.64
Qatar,QAT,2008,3557.14,27893.72,3927.34,12446.9,22960.6,4749.57,2964.32,21672.11,14156.43,6588.53,22351.46,16959.13
Qatar,QAT,2009,3822.39,32543.47,4364.94,14296.07,24475.84,5459.54,3637.02,25353.28,15507.78,7282.89,24510.78,18846.7
Qatar,QAT,2010,4079.53,37389.25,4805.08,16241.16,25705.12,6191.51,4305.23,29222.49,16897.39,7983.32,26722.56,20705.61
Qatar,QAT,2011,4291.78,41703.74,5238.81,17990.86,26670.54,6858.74,4859.29,32771.11,17997.52,8593.94,28805.73,22477.55
Qatar,QAT,2012,4480.31,45300.66,5665.32,19474.53,28012.09,7434.6,5301.98,35790.22,19169.01,9118,30655.83,24245.2
Qatar,QAT,2013,4677.18,48120.78,6076.22,20715.4,29484.54,7926.56,5642.24,38303.12,20390.11,9598.36,32226.42,26138.07
Qatar,QAT,2014,4877.47,50449.57,6462.99,21782.33,30706.6,8361.53,5905.83,40393.88,21584.89,10058.38,33553.77,27929.67
Qatar,QAT,2015,5017.04,52536.94,6793.38,22727.32,31951.76,8759.04,6154.38,42327.31,22519.04,10410.96,34726.33,29182.44
Qatar,QAT,2016,5203.11,54719.83,7153.33,23711.78,32911.56,9166.75,6551.6,44429.53,23725,10833.44,35874.6,30269.63
Qatar,QAT,2017,5416.52,56894.58,7518.53,24713.63,34224.31,9573.21,6954.38,46611.1,24980.97,11291.14,37054.5,31565.52
Qatar,QAT,2018,5755.14,59189.36,7903.2,25770.59,36301.08,9970.86,7218.7,48777.27,26847.28,11888.62,38238.12,33940.43
Qatar,QAT,2019,6072.41,61591.87,8290.96,26834.32,38383.47,10360.7,7464.76,50960.4,28697.74,12480.72,39447.94,36679.32
Region of the Americas (WHO),NA,1990,4017635.54,12823555.52,8016040.34,9169809.87,34449264.18,4303235.64,4551338.72,16070085.7,24443448.45,9214453.3,17392212.29,8556861.67
Region of the Americas (WHO),NA,1991,4030604.97,13135445.44,8075417.75,9333202.31,34239754.13,4356787.48,4639923.91,16312459.86,24674546.38,9202347.14,17214391.95,8705612.76
Region of the Americas (WHO),NA,1992,4084243.51,13452224.28,8183405.17,9504755.91,34302085.95,4413676.31,4738802.56,16586427.39,25057119.7,9251952.93,17076260.44,8939202.3
Region of the Americas (WHO),NA,1993,4195137.17,13767163.25,8371854.04,9693498.29,34817744.38,4473512.4,4851782.42,16887027.25,25674020.8,9371645.61,17005442.12,9256457.5
Region of the Americas (WHO),NA,1994,4257589.38,14079370.52,8487222.05,9866036.17,34827495.33,4534347.94,4954743.32,17205889.73,26058396.06,9418982.91,16920892.79,9532344.6
Region of the Americas (WHO),NA,1995,4303328.02,14381129.01,8639763.56,10042889.41,34948528.27,4597093.18,5050204.39,17555430.38,26467206.48,9459785.41,16860155.36,9862239.04
Region of the Americas (WHO),NA,1996,4325220.91,14750512.81,8784119.46,10197659.77,34879752.73,4667376.17,5158778.6,17938397.25,26701358.76,9485295.18,16813407.52,10177275.46
Region of the Americas (WHO),NA,1997,4369896.69,15224292.91,8909461.83,10336976.43,34660877.89,4742540.97,5307524.64,18365664.37,26896427.18,9513738.62,16801819.1,10524377.17
Region of the Americas (WHO),NA,1998,4438682.92,15739843.54,9097661.47,10483027.86,34778540.46,4821136.86,5476401.67,18816559.36,27268094.89,9595077.86,16831600.58,10975018.89
Region of the Americas (WHO),NA,1999,4469503.08,16230955.63,9280626,10639458.08,34899608.7,4899419.5,5668632.98,19264249.29,27673010.05,9637255.53,16892631.96,11436143.91
Region of the Americas (WHO),NA,2000,4516877.49,16622757.85,9372666.47,10823430.8,34732764.8,4968775.52,5867042.3,19691186.4,27976251.88,9709977.75,16983127.59,11835313.73
Region of the Americas (WHO),NA,2001,4585983.4,16933439.06,9496417.8,11034105.81,34743230.35,5030816.82,6089829.67,20080376.69,28336791.44,9824695.8,17076157.85,12266631.72
Region of the Americas (WHO),NA,2002,4685431.69,17226549.52,9644793.53,11264744.43,34998749.25,5089453.89,6346871.59,20451596.05,28850395.36,9990206.06,17197148.08,12808600.73
Region of the Americas (WHO),NA,2003,4771575.15,17502864.45,9771708.9,11492202.73,35062625.86,5143685.65,6606248.64,20810124.22,29236540.67,10140165.24,17341274.08,13330571.75
Region of the Americas (WHO),NA,2004,4784429.4,17766574.78,9830730.62,11692650.17,34744494.89,5194915.22,6844787.18,21163500.34,29388863.42,10191464.47,17418198.7,13717569.45
Region of the Americas (WHO),NA,2005,4858444.66,18015063.6,9953185.69,11917618.79,34737947.21,5247728.58,7081283.18,21541878.49,29736198.44,10329561.55,17509978.8,14201867.64
Region of the Americas (WHO),NA,2006,4910083.36,18234248.45,10074591.85,12138862.35,34745962.69,5299697.34,7284246.17,21910937.47,30119832.02,10446252.34,17591789.28,14620383.53
Region of the Americas (WHO),NA,2007,4974340.27,18418814.84,10250075.51,12366425.16,34781431.43,5348059.31,7450927.49,22260220.51,30512791.83,10572661.42,17655357.2,15093352.21
Region of the Americas (WHO),NA,2008,5097959.53,18584019.18,10494501.09,12614451.87,35113089.21,5397959.68,7618949.89,22613019.87,31130714.66,10780556.41,17680831.23,15712039.62
Region of the Americas (WHO),NA,2009,5211519.71,18748206.65,10715912.38,12852406.3,35447492.2,5450550.62,7800499.72,22979482.6,31757039.61,10988252.41,17717260.93,16299111.29
Region of the Americas (WHO),NA,2010,5233408.23,18925785.5,10885236.3,13078132.93,35518250.66,5507675.6,7991315.78,23377862.01,31996977.81,11075109.81,17772297.91,16672823.65
Region of the Americas (WHO),NA,2011,5310954.48,19066435.93,11067877.82,13314377.09,35819004.27,5569857.67,8261754.32,23814744.28,32431577.48,11229963.55,17896329.1,17092648.51
Region of the Americas (WHO),NA,2012,5398340.23,19133789.34,11247757.05,13557950.04,36147311.78,5633930.9,8553064.93,24280601.06,32908266.17,11399544.97,18055022.67,17572077.28
Region of the Americas (WHO),NA,2013,5532353.95,19174117.07,11470094.7,13818672.83,36705549.96,5700663.75,8913757.17,24769157.36,33467201.07,11639928.59,18238866.69,18174728.83
Region of the Americas (WHO),NA,2014,5624099.91,19235248.06,11656241.09,14062677.82,37225368.64,5767347.69,9331771.52,25269886.91,33993268.72,11827314.83,18378624.39,18727295.8
Region of the Americas (WHO),NA,2015,5735551.91,19360508.59,11889907.05,14311887.91,37983444.43,5834727.04,9801804.36,25770722.56,34602740.82,12047774.67,18469994.22,19293566.12
Region of the Americas (WHO),NA,2016,5896147.92,19546346.32,12120967.84,14580803.94,39020092.36,5891144.32,10341904.71,26382072.53,35458730.79,12333452.83,18503758.13,20018033.91
Region of the Americas (WHO),NA,2017,5972257.72,19736435.79,12280491.23,14819855.74,39627258.69,5937300.56,10714571.3,27046574.01,36037616,12494681.69,18461104.1,20601672.29
Region of the Americas (WHO),NA,2018,6079365.02,19978386.46,12586705.89,15037350.24,40533181.68,5988643.22,10912040.81,27726808.27,36881722.02,12691702.06,18457568.88,21168868.59
Region of the Americas (WHO),NA,2019,6169223.48,20290366.76,12904454.16,15225218.57,41443050.48,6044244.96,11109048.08,28495646.21,37733288.15,12862447.54,18522633.55,21775847.6
Romania,ROU,1990,264143.18,338955.74,366550.32,310750.5,2710913.41,96751.67,142063.57,409978.34,1035056.04,456340.02,467163.21,205017.09
Romania,ROU,1991,270827.7,339735.73,352658.52,310443.49,2762946.29,96441.79,144366.43,412956.93,1034846.33,458770.84,425726.37,204011.6
Romania,ROU,1992,297286.73,340101.03,348205.91,312232.53,2927526.39,95983.83,149031.65,415234.79,1084111.26,487988.1,414407.51,206876.65
Romania,ROU,1993,317809.54,340332.64,327812.06,312689.11,2983823.07,95342.19,153163.49,417223.87,1103858.77,507543.91,408720.6,203121.66
Romania,ROU,1994,339419.66,340753.73,314713.12,313149.61,3044391.64,94684.55,158706.89,419065.44,1126406.19,528427.45,402429.27,201136.22
Romania,ROU,1995,365932.55,340823.42,310620.52,315248.8,3175281.86,94008.68,164568.7,420842.21,1166646.52,554692.83,388777.1,201128.22
Romania,ROU,1996,388460.11,340648.7,312061.02,316791.74,3304081.89,93355.24,171235.47,422068.82,1207495.15,576947.92,390252.42,202016.03
Romania,ROU,1997,397404.91,340112.43,305626.95,316252.93,3290644.43,92608.83,170738.5,422761.74,1214089.14,583246.41,390276.53,199624.24
Romania,ROU,1998,377184.34,339535.36,293011.67,313302.97,3146208.15,91797,162430.24,423904.81,1169778.29,556634.73,383238.02,194004.43
Romania,ROU,1999,351028.55,338808.65,288887.92,310249.34,2983180.86,91050.18,150031.77,425253.41,1122393.81,524536.56,373037.78,188780.14
Romania,ROU,2000,340211.14,338238.6,280411.35,309999.49,2891199.37,90394.62,141516.61,426788.14,1118090.99,511146.62,369583.06,186941.53
Romania,ROU,2001,353473.45,337225.51,280923.35,311818.68,2948484.15,89763.31,136294.01,427806.65,1164024.38,526999.38,364673.23,190628.42
Romania,ROU,2002,357275,336051.3,281276.88,313611.99,2999494.47,89170.46,130877.03,428086.6,1194903.23,531577.63,359939.23,195288.1
Romania,ROU,2003,349357.33,334269.46,274651.62,314331.28,2970242.08,88553.37,124189.69,428416.21,1202683.03,523733.65,358730.64,199018.4
Romania,ROU,2004,333261.08,332411.26,263395.58,314108.74,2859991.26,87893.97,117437.13,428680,1185524.16,505284.96,357937.26,198844.43
Romania,ROU,2005,326656.62,330302.22,256804.4,316314.64,2842040.43,87194.5,111450.22,428798.63,1193873.48,498013.22,353289.53,202132.14
Romania,ROU,2006,318372.61,327812.21,247529.03,317158.5,2760653.88,86368.82,106417.75,428706.69,1189264.74,488040.77,344873.6,204397.59
Romania,ROU,2007,316531.7,325082.85,239447.85,318939.81,2677675.42,85649.99,102222.18,428581.9,1188892.22,485146.46,332680.16,207944.51
Romania,ROU,2008,328491.44,322262.23,237157.91,322198.03,2674674.06,84981.5,99610.82,428998.16,1227568.57,498361.41,325367.88,214196.04
Romania,ROU,2009,334140.15,319749.83,234887.12,325061.96,2669008.26,84366.06,96870.57,428918.99,1255700.56,504601.33,318118.7,219882.35
Romania,ROU,2010,328443.51,317132.85,230682.29,327706.8,2636632.59,83846.68,94120.25,428725.42,1260786.2,497720.15,311281.95,223953.42
Romania,ROU,2011,298719.45,314846.69,220555.46,327600.92,2491874.24,83224.07,90128.54,428160.55,1211669.15,462546.12,306558.79,223268.99
Romania,ROU,2012,295329.96,313021.35,219716.39,330349.74,2490203.97,82644.55,87839.93,427888.61,1236982.09,459270.78,304982.75,229848.52
Romania,ROU,2013,279404.9,311469.9,213793.25,330807.6,2387506.45,82008.59,85567.93,427796.76,1210370.55,440125.15,303205.95,232006.95
Romania,ROU,2014,288668.96,309580.48,219072.74,334575.34,2446754.45,81470.54,84856.71,427333.86,1266880.4,452571.02,304698.88,240499.89
Romania,ROU,2015,283285.85,306973.81,218980.22,336405.09,2428109.02,80815.64,83105.05,426220.41,1263970.26,446357.34,302351.28,244734.79
Romania,ROU,2016,285036.54,304405.64,219486.73,338458.25,2420164.59,80371.84,81133.84,424989,1274529.58,448561.1,299239.7,249086.5
Romania,ROU,2017,286525.65,302284.87,220567.33,341163.7,2425627.59,80007.46,79636.58,423897.24,1278750.85,450441.67,297407.86,252307.42
Romania,ROU,2018,285630.66,300483.73,222198.13,343093.7,2440535.07,79578.93,80050.1,423692.46,1276994.25,447697.72,293511.74,254987.11
Romania,ROU,2019,284065.63,298785.25,223367.19,344869.08,2455242.78,79019.01,80563.03,423752.07,1271011.02,443335.08,286925.7,258877.04
Russia,RUS,1990,515451.46,2304628.53,1769632.15,1938308.39,18326816.94,745640.27,2343494.66,2837264.51,7721729.59,1646786.43,3123715.92,1010100.68
Russia,RUS,1991,543772.08,2326218.9,1775638.4,1966590.45,18708803.56,748099.93,2503730.75,2874031.37,7766893.59,1694039.68,3075564.96,1034440.69
Russia,RUS,1992,633013.13,2346170.61,1860849.71,1996658.98,20295804.2,750255.62,2808666.87,2914955.53,8244874.24,1866322.84,3017055.3,1095700.57
Russia,RUS,1993,844221.8,2361569.21,2086192.24,2045097.61,24392913.52,753108.33,3254480.22,2948698.8,9491294.42,2244601.62,3043148.67,1227215.7
Russia,RUS,1994,1022035.67,2371334.17,2192407.27,2072526.37,27027810.58,751698.28,3567336.75,2968430.09,10052018.18,2522281.27,3036223.77,1307248.44
Russia,RUS,1995,1025679.1,2379648.07,2059971.38,2064556.94,25840058.74,744767.93,3575944.23,2979469.44,9395748.27,2481633.59,2984620.65,1268953.68
Russia,RUS,1996,955225.93,2388216.26,1930091.84,2058010.55,24315277.7,736322.73,3495821.1,2991420.19,8630017.75,2338184.9,2905570.18,1208943.84
Russia,RUS,1997,884809.14,2395753.7,1814647.29,2054596.76,23176065.11,727197.92,3413496.63,3008783,8022373.38,2204271.13,2866977.63,1159921.81
Russia,RUS,1998,888074.06,2401862.77,1734765.33,2064661.52,23099395.07,720496.23,3472054.88,3025364.26,7790307.44,2200116.1,2836570.21,1145548.18
Russia,RUS,1999,1028804.1,2404192.17,1781416.49,2097888.59,25253831.89,717582.09,3694814.69,3044684.74,8204853.42,2427219.45,2851063.66,1186578.42
Russia,RUS,2000,1185678.75,2404399.57,1766538.33,2109954.59,26730712.4,714678.59,3917166.05,3059431.71,8406219.14,2640226.04,2840346.33,1199929.78
Russia,RUS,2001,1329372.87,2401230.28,1693293.07,2115259.98,27500864.54,711579.49,3979217.16,3070697.43,8362549.21,2808105.99,2835471.81,1193754.11
Russia,RUS,2002,1510698.45,2393652.62,1653871.01,2119167.84,28580917.94,710058.04,3999506.34,3080203.47,8436626.62,3020735.77,2812611.89,1201279.42
Russia,RUS,2003,1709659.83,2382332.65,1597499.79,2125160.74,29294736,709102.95,4016921.06,3082245.68,8506234.44,3257620.59,2812676.19,1210103.1
Russia,RUS,2004,1833557.6,2369720.86,1493456.37,2131218.33,28619546.34,708053.73,3961863.44,3080238.27,8288172.43,3380009.69,2767733.18,1192705.37
Russia,RUS,2005,2090451.02,2356794.44,1466339.46,2149537.25,29835006.73,708890.58,3971136.73,3081576.48,8634705.2,3712924.71,2747064.89,1215405.73
Russia,RUS,2006,1984857.24,2342600.22,1338460,2145954.86,27388090.95,703667.05,3746178.55,3076173.18,8032071.14,3535188.04,2715312.52,1167653.05
Russia,RUS,2007,1931252.76,2327431.47,1267404.04,2153927.63,25969960.25,700683.64,3502675.09,3074087.61,7753242.96,3448931.08,2709487.76,1146791.46
Russia,RUS,2008,2007807.28,2312251.48,1249131.26,2172945.15,25890426.73,700642.52,3339863.98,3072668.09,7918904.68,3550051.08,2702702.59,1157358.08
Russia,RUS,2009,1941825.9,2299104.42,1195556.73,2186227.93,24462505.11,700106.6,3108423.82,3073716.09,7718425.17,3456670.99,2690866.34,1145491.96
Russia,RUS,2010,2007091.22,2290511.97,1190782.37,2207229.04,24363844.84,703171.18,2969047.64,3087071.53,7918732.38,3551469.49,2668345.7,1167264.51
Russia,RUS,2011,1881993.66,2289496.18,1141644.49,2215078.44,22424394.99,704114,2768303.26,3108716.02,7566125.98,3376082.6,2678900.34,1158290.43
Russia,RUS,2012,1850802.09,2294505.27,1126648.72,2236621.99,21592580.07,707971.95,2649606.71,3139554.6,7515801.1,3346545.86,2734082.16,1183729.51
Russia,RUS,2013,1843176.54,2302108.24,1119354.5,2256397.36,20871685.23,712977.52,2564228.24,3171271.4,7504330.65,3347771.06,2717955.03,1218867.52
Russia,RUS,2014,1916029.29,2307651.66,1139749.72,2282571.61,20858610.61,719154.59,2523870.05,3201686.67,7721350.89,3463436.63,2715510.78,1285650.18
Russia,RUS,2015,1864144.9,2308313.87,1135067.15,2296794.68,20283693.71,723964.18,2415846.24,3226761.42,7724460.8,3406507.32,2672930.8,1334860.65
Russia,RUS,2016,1786871.07,2305274.01,1124053.18,2318099.73,19808659.61,728754.39,2313041.62,3251183.67,7670614.49,3325056.97,2655346.81,1398304.2
Russia,RUS,2017,1652821.36,2302075.11,1087445.12,2337577.08,18801907,731172.28,2218955.5,3276913.02,7346924.24,3153608.5,2609647.23,1424713.07
Russia,RUS,2018,1622067.98,2298105.9,1092474.44,2336036.25,18859929.88,733713.41,2244941.04,3304116.87,7354375.85,3112973.09,2616268.2,1410361.42
Russia,RUS,2019,1611988.32,2290609.32,1110123.96,2321758.99,19129124.01,736518.39,2262654.52,3336912.72,7467666.62,3108298.06,2613829.96,1410057.02
Rwanda,RWA,1990,83901.74,106465.74,138387.09,58526.39,307533.61,38618.17,22795.03,52520.56,170829.41,155209.48,304821.12,84453.27
Rwanda,RWA,1991,87519.88,110440.61,142521.47,60291.08,321079.12,39937.24,23557.24,52362.01,178451.66,161389.83,308639.12,88834.82
Rwanda,RWA,1992,81137.36,101794.54,133822.53,56021.77,302270.24,36758.8,21642.82,46815.43,167995.05,150478.11,290854.49,84208.23
Rwanda,RWA,1993,67594.55,84086.87,113733.79,47067.69,258269.92,30232.94,17814.83,37991.97,142157.44,126184.76,244047.52,72125.43
Rwanda,RWA,1994,66031.26,80803.13,107354.59,44945.79,248784.19,29173.58,16764.28,35406.6,135880.64,122309.67,218210.01,69886.1
Rwanda,RWA,1995,71942.04,89936.63,112448.29,48931.24,263947.25,32684.26,18260.29,38260.91,146275.14,132579.85,231697.26,75431.96
Rwanda,RWA,1996,81781.05,104612.36,122337.36,55732.13,289933.5,37936.83,21161.03,43973.02,162729.19,149445.88,253406.28,84317.89
Rwanda,RWA,1997,86799.2,114330.38,126826.9,60187.41,299967.72,41311.26,23041.74,47801.75,171237.79,157952.61,268376.41,88772.1
Rwanda,RWA,1998,86783.88,117166.55,125360.31,61568.38,293363.28,42174.79,23519.48,48987.76,171988.92,158106.59,275603.24,88577.24
Rwanda,RWA,1999,84019.73,119511.63,121477.2,62416.64,278836.2,42747.98,23841.53,50021.9,168400.29,153614.36,275019.72,86139.53
Rwanda,RWA,2000,80923.49,122541.51,117757.74,63548.12,264179.86,43513.32,24313.4,51338.94,163339.45,148792.25,275901.24,83449.14
Rwanda,RWA,2001,77743.36,125811.02,114555.16,64620,251157.41,44328.19,25013.92,52921.98,158486.93,143623.05,279168.64,80649.92
Rwanda,RWA,2002,76597.04,128907.07,113876.78,66263.23,245287.35,45221.93,26110.14,54651.21,158632.31,142551.82,288793.79,79898.86
Rwanda,RWA,2003,75999.45,131909.51,113664.19,67876.75,240062.46,46133.05,27339.66,56512.83,160145.85,141815.9,299805.63,79297.48
Rwanda,RWA,2004,76326.58,134773.85,115534.77,70008.14,237403.23,47163.67,28584.22,58441.28,165542.08,143566.06,321198,79705.02
Rwanda,RWA,2005,75287.43,137962.05,115107.25,71428.62,232604.38,48175.29,29684.77,60492.94,166688.95,141909.62,327512.76,79049
Rwanda,RWA,2006,73381.23,141155.65,114438.81,72796.33,229516.98,49238.44,30616.7,62796.86,166896.55,139439.53,324040.11,78852.04
Rwanda,RWA,2007,72019.06,143484.36,114697.93,74227.46,229358.44,50262.24,31475.31,65005.65,169141,138234.78,323388.42,79468.74
Rwanda,RWA,2008,70753.47,145528.53,114402.86,75293.02,229945.87,51106.73,32213.27,67251.74,170811.93,136395.21,320097.15,80107
Rwanda,RWA,2009,69308.16,148266.2,112737.38,76133.95,228859.7,52059.87,33010.88,69703.05,169737.76,133454.92,303363.37,80226.05
Rwanda,RWA,2010,69883.16,152401.51,114275.87,78051.01,233580.35,53376.57,34076.02,72502.62,175055.9,135148.29,305882.14,82495.33
Rwanda,RWA,2011,71046.02,157055.9,115416.51,79938.64,239555.54,54758.3,35212.14,75617.34,180207.7,137389.47,303923.78,85116.5
Rwanda,RWA,2012,72773.93,161973.68,116621.48,81916.78,248138.99,56282.35,36347.75,78948.5,186783.74,140851.33,306572.43,88477.59
Rwanda,RWA,2013,73802.9,166483.65,115696.78,83072.18,252186.02,57581.93,37288.69,82032.06,189871.33,141967.82,289473.27,90605.13
Rwanda,RWA,2014,76220.69,170579.42,117687.94,85194.55,260385.41,58836.61,38231.83,85008.15,199080.18,147182.95,297381.75,94583.6
Rwanda,RWA,2015,78666.35,175551.38,119125.95,87496.22,268854.09,60062.22,39458.33,88400.39,206088.77,151711.03,299752.79,98392.28
Rwanda,RWA,2016,80891.94,181493.81,120170.52,90313.58,278051.47,61347.8,40971.77,92247.68,212002.57,155388.59,297947.26,102021.59
Rwanda,RWA,2017,83346.97,187316.57,121414.14,93162.15,286841.5,62568.85,42461.97,96190.28,218001.97,159065.32,293881.67,105470.63
Rwanda,RWA,2018,86108.83,193062.39,125153.09,95965.35,299388.92,64036.27,42749.44,100116.82,228669.64,163600.59,297465.86,110437.36
Rwanda,RWA,2019,88101.66,199306.77,128813.56,98188.67,310453.24,65468.01,41716.31,104411.96,236562.22,166514.15,296898.78,114721.33
Saint Kitts and Nevis,KNA,1990,315.92,705.23,324.57,593.66,4155.98,271.75,284.38,544.39,1845.04,683.1,950.28,1284.66
Saint Kitts and Nevis,KNA,1991,295.37,708.6,305.5,585.05,3619.5,265.67,286.65,548.72,1676.99,640.67,920.27,1178.55
Saint Kitts and Nevis,KNA,1992,287.72,715.72,304.31,589.35,3561.81,267.29,293.14,556.98,1648.59,629.28,915.37,1168.47
Saint Kitts and Nevis,KNA,1993,285.37,724.79,304.16,599.9,3467.65,269.68,296.86,566.63,1623.88,624.83,910.07,1167.85
Saint Kitts and Nevis,KNA,1994,288.65,736.16,310.7,612.66,3500.21,274.24,304.08,576.97,1642.04,632.36,905.64,1194.61
Saint Kitts and Nevis,KNA,1995,288.16,749.67,317.05,622.67,3544.19,279.08,312.5,587.45,1656.25,634.49,913.04,1228.12
Saint Kitts and Nevis,KNA,1996,284.19,765.2,319.88,632.6,3451.67,282.46,326.24,600.86,1651.23,630.94,912.67,1241.29
Saint Kitts and Nevis,KNA,1997,273.81,782.88,321.31,636.45,3327.47,285.58,334.32,614.38,1630.36,617.71,909.39,1239.54
Saint Kitts and Nevis,KNA,1998,263.93,802.01,325.93,646.38,3217.54,290.47,350.03,630.04,1636.53,608.75,918.05,1248.99
Saint Kitts and Nevis,KNA,1999,251.94,822.5,324,648.27,3109.43,293.1,356.87,645.64,1617.79,594.97,906.84,1239.11
Saint Kitts and Nevis,KNA,2000,240.69,843.17,319.67,654.38,3009.03,296,369.4,662.94,1608.61,582.85,912.46,1253.38
Saint Kitts and Nevis,KNA,2001,234.64,864.05,319.54,658.08,2932.55,299.54,367.77,681.58,1593.28,575.42,915.48,1265.15
Saint Kitts and Nevis,KNA,2002,233.19,885.34,318.14,664.9,2859.1,303.54,372.95,701.3,1601.34,573.73,919.99,1273.7
Saint Kitts and Nevis,KNA,2003,229.46,906.17,318.57,669.15,2757.84,307.18,368.08,721.3,1596.59,568.36,920.16,1290.23
Saint Kitts and Nevis,KNA,2004,231.59,927.62,321.46,673.53,2716.74,310.28,363.8,742.23,1625.67,570.54,922.22,1322.18
Saint Kitts and Nevis,KNA,2005,231.67,948.19,323.75,682.26,2665.22,314.78,373.35,763.81,1652.35,573.53,933.19,1360.75
Saint Kitts and Nevis,KNA,2006,236.7,968.64,328.27,693.64,2674.84,319.71,381.17,786.45,1701.43,587.47,950.85,1405.6
Saint Kitts and Nevis,KNA,2007,239.6,988.84,332.95,700.61,2660.37,323.19,391.57,809.35,1739.84,595.08,960.8,1437.47
Saint Kitts and Nevis,KNA,2008,222.54,1008.85,329.35,718.28,2505.25,326.92,392.07,833.55,1710.61,579.18,991.94,1430.85
Saint Kitts and Nevis,KNA,2009,223.46,1028.96,331.3,725.17,2496.23,330.31,401.59,857.14,1736.54,584.61,1003.55,1466.86
Saint Kitts and Nevis,KNA,2010,231.47,1048.8,335.58,735.58,2520.8,334.54,412.18,881.21,1785.98,600.01,1017.09,1521.77
Saint Kitts and Nevis,KNA,2011,235.06,1068.53,339.06,743.24,2563.45,338.97,414.54,906.08,1836.42,606.55,1024.26,1574.37
Saint Kitts and Nevis,KNA,2012,246.31,1088.11,345.73,759.07,2618.96,344.78,432.97,931.46,1901.74,627.84,1045.24,1643.97
Saint Kitts and Nevis,KNA,2013,258.38,1107.61,353.48,770.06,2681.5,350.44,446.6,957.19,1964.29,649.63,1063.25,1710.79
Saint Kitts and Nevis,KNA,2014,274.29,1126.3,362.81,782.37,2771.22,356.25,461.51,982.93,2030.05,676.53,1087.44,1784.6
Saint Kitts and Nevis,KNA,2015,289.3,1144.48,371.76,790.66,2845.82,360.96,479.67,1007.24,2089.31,698.43,1105.21,1851.57
Saint Kitts and Nevis,KNA,2016,300.74,1160.99,383.18,798.4,2918.78,365.9,489.05,1031.32,2153.73,720.33,1115.17,1924.28
Saint Kitts and Nevis,KNA,2017,308.81,1176.77,394.51,814.11,3011.1,370.74,497.04,1055.15,2238.35,740.01,1125.02,2004.38
Saint Kitts and Nevis,KNA,2018,322.19,1192.79,404.27,824.56,3127,375.67,510.15,1079.55,2337.81,764.1,1133.77,2103.03
Saint Kitts and Nevis,KNA,2019,365.96,1208.53,424.26,824.16,3437.53,381.68,548.09,1103.47,2558.86,826.32,1121.88,2288.78
Saint Lucia,LCA,1990,704.32,2085.53,1203.91,1637.23,6607.21,813.3,482.68,1573.39,3925.26,1426.81,2945.35,3226.8
Saint Lucia,LCA,1991,710.61,2123.84,1229.81,1665.9,6601.46,823.55,495.48,1618.21,3995.42,1440.16,2946.88,3372.57
Saint Lucia,LCA,1992,718.42,2162.12,1263.55,1699.53,6606.93,834.5,509.44,1664.97,4086.21,1456.23,2953.13,3529.97
Saint Lucia,LCA,1993,724.41,2202.45,1291.11,1739.48,6571.22,845.21,521.33,1712.91,4125.15,1466.31,2936.93,3633.84
Saint Lucia,LCA,1994,715.1,2244.8,1310.44,1770.86,6462.18,855.37,536.69,1762.88,4129,1456.28,2906.69,3688.46
Saint Lucia,LCA,1995,709.84,2289.25,1332.11,1800.19,6388.06,866.19,554.62,1814.26,4194.05,1454.47,2914.63,3809.64
Saint Lucia,LCA,1996,701.51,2336.45,1354.42,1830.83,6231.94,871.9,572.79,1867.15,4247.39,1445.33,2911.52,3841.41
Saint Lucia,LCA,1997,698.81,2385.11,1378.45,1859.92,6099.12,894.63,595.21,1921.14,4272.41,1451.39,2903.33,3828.61
Saint Lucia,LCA,1998,694.71,2434.25,1398.22,1889.58,5978.51,909.72,618.94,1977.07,4316.67,1451.69,2871.12,3882.45
Saint Lucia,LCA,1999,682.97,2484.55,1412.88,1917.8,5947.25,921.64,642.87,2035.59,4384.76,1446.66,2842.53,3956.99
Saint Lucia,LCA,2000,664.02,2534.13,1416.94,1943.73,5824.34,932.43,662.56,2092.02,4432.55,1432.07,2840.99,4085.94
Saint Lucia,LCA,2001,651.81,2582.53,1439.71,1970.55,5886,942.68,666.42,2151.23,4495.03,1425.38,2850.86,4197.5
Saint Lucia,LCA,2002,647.19,2631.14,1450.38,2003.28,5963.52,952.6,673.64,2211.83,4592.71,1426.9,2867.45,4289.38
Saint Lucia,LCA,2003,648.86,2678.16,1467.94,2037.86,6054.94,963.6,679.38,2274.53,4660.37,1439.59,2899.98,4406.99
Saint Lucia,LCA,2004,651.14,2724.49,1483.84,2067.94,6121.03,971.47,686.08,2336.22,4743.71,1452.18,2919.4,4530.53
Saint Lucia,LCA,2005,651.37,2768.75,1476.24,2090.5,6222.3,978.59,696.36,2399.88,4783.52,1461.42,2942.86,4580.6
Saint Lucia,LCA,2006,664.45,2811.78,1469.48,2124.45,6222.11,985.51,709.52,2463.99,4883.15,1488.62,2943.96,4665.35
Saint Lucia,LCA,2007,668.51,2852.61,1479.06,2163.13,6192.63,988.24,734.32,2531.8,4968.1,1503.53,2966.49,4731.57
Saint Lucia,LCA,2008,678.1,2891.66,1494.48,2204.2,6271.41,995.6,759.07,2600.38,5110.02,1531.2,2990.77,4881.19
Saint Lucia,LCA,2009,676.91,2932.04,1500.57,2229.95,6317.11,999.42,774.16,2666.64,5179.66,1534.53,2986.63,4995.26
Saint Lucia,LCA,2010,687.92,2971.2,1502.16,2267.03,6319.97,1004.92,786.96,2733.22,5263.74,1554.25,3001.44,5120.08
Saint Lucia,LCA,2011,699.43,3011.04,1509.68,2311.92,6404.08,1015.47,799.53,2801.7,5446.42,1581.05,3031.25,5301.25
Saint Lucia,LCA,2012,724.75,3052.66,1529.87,2366.17,6632.44,1027.51,821.92,2871.01,5685.06,1627.2,3081.37,5465.49
Saint Lucia,LCA,2013,762.55,3091.94,1575.41,2414.59,7047.21,1039.99,840.79,2936.37,5934.46,1691.41,3100.07,5712.26
Saint Lucia,LCA,2014,808.78,3128.78,1625.03,2467.15,7310.71,1053.47,855.04,3002.11,6176.05,1767.3,3144.43,5985.67
Saint Lucia,LCA,2015,829.5,3162.11,1654.56,2499.41,7590.95,1059.56,870,3065.31,6366.78,1803.74,3156.76,6196.98
Saint Lucia,LCA,2016,875.27,3189.37,1734.45,2546.92,8212.28,1076.13,876.44,3124.66,6765.02,1885.65,3179.39,6557.68
Saint Lucia,LCA,2017,899.67,3214.44,1772.23,2580.06,8476.18,1083.67,879.71,3182.99,6970.5,1931.8,3197.26,6770.14
Saint Lucia,LCA,2018,922.25,3245.23,1803.4,2609.3,8701.72,1090.32,887.7,3242.57,7166.3,1971.46,3221.66,6988.08
Saint Lucia,LCA,2019,939.89,3283.62,1827.92,2637.94,8869.63,1095.87,893.61,3304.64,7325.7,2001.67,3238.39,7181.37
Saint Vincent and the Grenadines,VCT,1990,377.22,1675.06,575.47,1290.98,5310.09,609.48,376.02,1205.74,3028.33,1099.66,2589.76,2474.43
Saint Vincent and the Grenadines,VCT,1991,380.4,1684.83,581.41,1295.41,5374.81,616.3,386.89,1230.63,3087.24,1104.87,2574.61,2565.77
Saint Vincent and the Grenadines,VCT,1992,383.22,1694.2,585.28,1299.91,5424.39,621.97,400.41,1253.73,3144.93,1107.09,2540.07,2670.07
Saint Vincent and the Grenadines,VCT,1993,384.47,1703.53,588.17,1306,5436.73,627.86,414.82,1275.29,3188.9,1108.59,2522.29,2758.39
Saint Vincent and the Grenadines,VCT,1994,390.75,1712.79,589.18,1311.7,5435.18,634.2,430.8,1295.76,3226.91,1117.89,2505.03,2844.51
Saint Vincent and the Grenadines,VCT,1995,392.91,1721.9,589.2,1320.8,5306.01,639.18,444.01,1320.25,3261.91,1120.59,2512.9,2894.92
Saint Vincent and the Grenadines,VCT,1996,392.83,1732.87,594.15,1331.18,5273.14,645.25,457.29,1341.6,3334.99,1120.59,2500.87,2944.88
Saint Vincent and the Grenadines,VCT,1997,392.15,1744.09,595.58,1334.73,5225.21,649.24,472.16,1360.38,3302.13,1120.37,2466.33,2926.28
Saint Vincent and the Grenadines,VCT,1998,390.12,1755.73,598.21,1345.89,5216.15,652.89,489.4,1381,3326.05,1119.93,2438.51,2999.83
Saint Vincent and the Grenadines,VCT,1999,386.71,1767.16,601.48,1359.01,5169.61,656.49,508.03,1403.67,3410.46,1120.82,2417.57,3062.89
Saint Vincent and the Grenadines,VCT,2000,377.98,1778.42,597.37,1361.81,5095.25,658.33,517.65,1422.19,3437.18,1106.69,2376.49,3135.06
Saint Vincent and the Grenadines,VCT,2001,366.32,1791.26,593.11,1365.07,4959.2,658.36,521.64,1444.35,3408.38,1088.4,2360.22,3168.08
Saint Vincent and the Grenadines,VCT,2002,368.11,1804.3,592.69,1369.58,4973.89,659.3,522.96,1470.11,3433.41,1085.98,2317.42,3205.07
Saint Vincent and the Grenadines,VCT,2003,375.57,1818.62,599.26,1383.86,4993.31,662.04,529.99,1498.48,3472.74,1098.98,2320.04,3289.21
Saint Vincent and the Grenadines,VCT,2004,373.02,1834.13,600.31,1384,4992.63,661.82,530.12,1524.75,3459.16,1093.55,2302.22,3333.8
Saint Vincent and the Grenadines,VCT,2005,381.19,1848.98,599.5,1398.27,5045.85,663.76,546.15,1552.62,3458.03,1109.46,2302.07,3341.99
Saint Vincent and the Grenadines,VCT,2006,384.16,1863.86,601.26,1410.89,5075.57,666.67,553.03,1582.63,3535.37,1120.25,2311.14,3360.28
Saint Vincent and the Grenadines,VCT,2007,382.25,1877.48,602.98,1415.34,5157.22,667.66,559.6,1614.12,3577.63,1118.37,2309.46,3373.63
Saint Vincent and the Grenadines,VCT,2008,397.02,1892.36,613.21,1434.59,5457.27,672.74,574.87,1647.79,3754.21,1150.66,2316.82,3473.34
Saint Vincent and the Grenadines,VCT,2009,403.04,1906.45,618.56,1448.39,5612.46,676.49,588.56,1679.14,3856.76,1166.32,2316.44,3623.24
Saint Vincent and the Grenadines,VCT,2010,409.16,1920.45,620.93,1457.31,5731.48,679.96,593.06,1706.58,3945.39,1177.55,2309.16,3763.46
Saint Vincent and the Grenadines,VCT,2011,414.57,1937.17,623.88,1463.01,5925.58,684.11,596.26,1734.07,4038.66,1184.95,2291.25,3911.22
Saint Vincent and the Grenadines,VCT,2012,436.63,1954.49,639.55,1487.24,6127.41,691.19,612.22,1767.3,4231.94,1228.12,2314.44,4109.73
Saint Vincent and the Grenadines,VCT,2013,465.38,1972.79,654.08,1509.17,6325.39,698.39,626.96,1799.94,4426.27,1284.2,2342.01,4282.71
Saint Vincent and the Grenadines,VCT,2014,495.75,1988.6,669.96,1525.51,6544.27,704.42,640.33,1830.01,4573.59,1334.55,2357.73,4429.19
Saint Vincent and the Grenadines,VCT,2015,519.52,2001.71,683.69,1538.42,6626.64,709.51,653.75,1859.57,4717.7,1370.62,2366.53,4533.97
Saint Vincent and the Grenadines,VCT,2016,542.85,2010.92,700.45,1556.11,6757.62,713.96,653.83,1886.31,4816.03,1411.44,2378.01,4655.88
Saint Vincent and the Grenadines,VCT,2017,548.91,2019.45,713.09,1578.6,6881.76,716.14,651.8,1912.77,4919.57,1429.06,2383.6,4802.02
Saint Vincent and the Grenadines,VCT,2018,556.65,2034.58,720.48,1590.23,6978.64,718.67,655.08,1941.54,5010.06,1445.79,2391.18,4937.76
Saint Vincent and the Grenadines,VCT,2019,563.74,2056.99,726.99,1599.31,7068.95,721.38,659.38,1972.32,5096.61,1460.76,2391.13,5073.24
Samoa,WSM,1990,891.07,2037.25,2983.65,1551.44,9554.35,1106.74,303.7,2225.64,3164.87,1656,2607.29,3123.3
Samoa,WSM,1991,887.03,2050.42,2977.22,1563.8,9658.4,1111.01,309.08,2258.35,3209.97,1649.19,2558.17,3235.15
Samoa,WSM,1992,881.58,2065.9,2979.24,1576.51,9786.71,1115.73,314.63,2292.81,3247.25,1641.97,2516.26,3355.24
Samoa,WSM,1993,875.24,2081.9,2979.93,1588.17,9904.55,1121.46,320.23,2328.98,3268.83,1635.74,2473.49,3463.46
Samoa,WSM,1994,872.2,2097.86,2976.65,1603.47,10032.59,1127.68,326.26,2367.2,3301.26,1632.12,2447.37,3587.49
Samoa,WSM,1995,872.34,2114.63,2969.58,1620.73,10175.12,1134.33,331.4,2406.14,3347.27,1632.11,2426.26,3723.1
Samoa,WSM,1996,871.14,2130.79,2956.06,1636.26,10295.61,1141.31,336.34,2446.32,3379.34,1630.07,2405.28,3863.02
Samoa,WSM,1997,874.75,2147.12,2938.22,1651.32,10409.97,1147.67,341.92,2487.88,3408.97,1634.07,2387.65,4002.99
Samoa,WSM,1998,879.05,2162.27,2913.48,1667.55,10517.3,1154.61,347.33,2531.14,3443.23,1637.73,2370.17,4148.37
Samoa,WSM,1999,886.11,2177.24,2912.43,1687.76,10704.68,1162.23,351.93,2574.76,3509.6,1650.36,2403.27,4332.51
Samoa,WSM,2000,884.33,2194.02,2884.06,1705.31,10878.75,1170.17,355.82,2618.6,3555.6,1649.05,2406.09,4514.02
Samoa,WSM,2001,879.86,2210.9,2843.96,1722.16,11047.89,1179.2,358.28,2660.7,3593.42,1642.92,2409.53,4697.3
Samoa,WSM,2002,877.33,2227.27,2801.67,1740.69,11196.96,1188.5,360.23,2701.97,3632.7,1638.6,2408.16,4891.94
Samoa,WSM,2003,882.28,2243.22,2781.13,1760.11,11391.22,1195.31,362.26,2742.24,3678.04,1644.89,2408.19,5041.08
Samoa,WSM,2004,886.9,2259.05,2760.05,1779.09,11554.86,1202.35,364.18,2780.65,3725.33,1650.72,2420.42,5203.52
Samoa,WSM,2005,893.09,2274.13,2743.26,1799.3,11715.37,1208.43,366.42,2816.19,3775.27,1658.83,2428.97,5344.25
Samoa,WSM,2006,902.65,2288.65,2736.87,1819.91,11909.47,1214.25,369.21,2844.79,3829.5,1672.17,2433.64,5405.63
Samoa,WSM,2007,908.27,2300.56,2724.37,1840.24,12037.53,1220.05,371.53,2865.33,3874.46,1678.49,2432.56,5443.94
Samoa,WSM,2008,915.09,2314.29,2713.94,1860.97,12163.71,1226.25,374,2882.12,3920.34,1686.74,2428.89,5488.2
Samoa,WSM,2009,922.3,2330.28,2714.68,1880.46,12312.43,1233.86,376.68,2897.76,3968.09,1697.81,2434.52,5543.61
Samoa,WSM,2010,926.53,2349.02,2719.81,1899.59,12448.5,1243.93,379.36,2920.2,4007.15,1707.41,2451.26,5592.17
Samoa,WSM,2011,935.57,2375.42,2726.15,1921.87,12611.76,1257.16,382.87,2950.5,4067.62,1722.06,2470.14,5663.9
Samoa,WSM,2012,946.19,2409.4,2734.21,1946.41,12750.69,1274.03,386.75,2989.13,4121.67,1739.95,2496.17,5736.61
Samoa,WSM,2013,952.22,2448.28,2749.43,1968.48,12912,1293.49,390.69,3031.41,4152.68,1755.47,2505.2,5804.64
Samoa,WSM,2014,962.61,2490.1,2760.2,1995.47,13084.37,1314.57,395.89,3078.88,4209.4,1773.79,2523.99,5894.14
Samoa,WSM,2015,976.14,2533.07,2765.64,2026.43,13253.67,1336.97,402.63,3132.24,4296.38,1793.7,2552.58,6008.75
Samoa,WSM,2016,990.43,2574.61,2786.4,2064.67,13419.04,1359.51,411.71,3188.71,4380.87,1815.66,2574.14,6128.71
Samoa,WSM,2017,1004.7,2617.33,2807.6,2103.36,13589.61,1381.41,421.7,3247.36,4466.8,1837.42,2590.98,6252.64
Samoa,WSM,2018,1018.95,2669.17,2819.33,2138.61,13752.32,1404.63,431.57,3309.31,4562.94,1860.26,2631.67,6409.57
Samoa,WSM,2019,1028.73,2722.93,2815.26,2167.22,13894.77,1426.37,442.33,3373.91,4611.17,1872.32,2583.35,6560.31
San Marino,SMR,1990,110.97,513.49,200.29,332.73,973.08,165.64,98.19,585.95,1332.31,186.03,398.7,139.52
San Marino,SMR,1991,111.99,521.8,203.48,340.62,983.84,167.78,100.74,597.9,1350.46,188.22,404.84,143.6
San Marino,SMR,1992,113.25,530.31,206.82,348.84,996.07,170,103.13,610.16,1369.59,190.68,410.91,147.89
San Marino,SMR,1993,114.36,538.84,210.01,357.49,1005.23,172.36,105.44,622.54,1387.82,192.98,416.99,152.17
San Marino,SMR,1994,116.04,547.67,213.98,366.82,1023.4,174.74,107.69,635.08,1415.16,196.16,424.47,157.32
San Marino,SMR,1995,116.25,556.14,216.66,375.54,1027.22,177.22,109.78,647.96,1423.76,197.56,431.37,161.56
San Marino,SMR,1996,116.66,564.98,220.04,384.88,1030.09,179.87,111.8,660.77,1435.76,199.34,438.17,166.21
San Marino,SMR,1997,117.41,573.96,223.68,394.43,1032.69,182.75,113.8,674.02,1453.38,201.58,444.2,171.27
San Marino,SMR,1998,118.22,582.99,227.65,404.51,1043.69,185.63,115.84,687.73,1476.22,204.24,451,176.92
San Marino,SMR,1999,119.22,592.3,231.82,414.66,1052.48,188.59,117.7,701.49,1502.8,207.08,456.31,182.96
San Marino,SMR,2000,121.68,601.35,237.19,425.51,1064.81,191.48,119.37,715.2,1541.8,212.13,463.79,190.46
San Marino,SMR,2001,123.77,610.22,242.33,435.76,1081.23,194.3,120.97,728.66,1572.65,216.77,471.28,197.56
San Marino,SMR,2002,125.82,619.01,247.85,446.11,1096.96,197.14,122.5,741.88,1604.97,221.45,479.07,205.05
San Marino,SMR,2003,128.69,627.77,254.25,456.7,1119.1,199.91,124,754.95,1651.46,227.24,486.89,213.13
San Marino,SMR,2004,132.62,636.42,261.64,467.37,1147.21,202.64,125.3,768.11,1713.91,234.35,494.55,222.19
San Marino,SMR,2005,135.65,644.8,268.29,477.7,1170.67,205.3,126.91,780.81,1763.76,240.35,502.56,231.06
San Marino,SMR,2006,137.45,653.05,273.39,487.23,1180.54,207.93,128.39,793.51,1804.36,244.1,509.31,238.53
San Marino,SMR,2007,138.74,661.18,278.01,496.49,1183.9,210.57,129.89,806.03,1839.3,247.17,515.57,246.13
San Marino,SMR,2008,140.04,668.75,282.52,505.69,1186.27,213.16,131.36,818.47,1873.53,250.27,521.64,254.04
San Marino,SMR,2009,141.76,676.52,287.61,515.33,1196.04,215.59,132.94,831,1910.49,253.93,528.01,262.45
San Marino,SMR,2010,143.66,683.85,292.76,524.38,1207.86,217.86,134.29,843.01,1946.55,257.85,534.54,270.88
San Marino,SMR,2011,145.53,691.14,297.95,533.25,1221.39,219.92,135.48,854.89,1980.06,261.59,540.79,278.6
San Marino,SMR,2012,148.25,698.04,303.6,542.29,1237.72,221.84,136.34,866.47,2016.91,266.56,546.66,286.71
San Marino,SMR,2013,150.65,704.29,308.52,550.67,1257.07,223.62,137.06,877.45,2055.63,270.87,552.09,294.57
San Marino,SMR,2014,153.37,710.28,313.24,558.76,1281.45,225.36,137.79,888.51,2092.8,275.58,557.28,302.59
San Marino,SMR,2015,156.52,715.9,317.93,567.08,1307.93,226.91,138.48,899.24,2124.88,280.72,562.24,310.49
San Marino,SMR,2016,159.34,721.29,322.73,575.78,1330.94,228.45,139.55,908.71,2155.06,285.45,566.91,318.57
San Marino,SMR,2017,161.8,726.04,327.36,583.85,1351.62,229.9,140.53,917.94,2180.23,289.64,570.9,326.83
San Marino,SMR,2018,163.59,730.66,330.94,590.43,1367.98,231.34,141.44,928.27,2202.97,292.77,574.48,335.23
San Marino,SMR,2019,164.86,735.05,333.93,596.44,1381.85,232.79,142.68,939.91,2223.42,295.21,577.28,344.2
Sao Tome and Principe,STP,1990,1400.26,1448.7,1964.8,1238.57,4238.97,593.39,162.03,942.18,2423.88,2259.44,5011.53,1293.75
Sao Tome and Principe,STP,1991,1417.5,1476.86,2004.88,1261.84,4342.63,606,166.13,959.33,2475.51,2285.85,5052.98,1333.99
Sao Tome and Principe,STP,1992,1432.88,1503.86,2047.46,1286.86,4460.63,618.11,169.91,976.12,2529.53,2310.74,5113.09,1374.53
Sao Tome and Principe,STP,1993,1410.47,1530.19,2076.38,1301.78,4547.23,629.23,174.98,992.36,2554.23,2280.96,5116.16,1389.9
Sao Tome and Principe,STP,1994,1426.17,1557.33,2108.74,1329.78,4647.73,639.51,178.71,1008.51,2602.84,2305.87,5186.18,1429.26
Sao Tome and Principe,STP,1995,1437.54,1585.72,2142,1349.63,4747.24,648.46,182.76,1023.49,2640.35,2314.92,5133.44,1455.71
Sao Tome and Principe,STP,1996,1490.85,1612.85,2206.27,1381.12,4935.75,657.52,189.24,1041.11,2721.93,2380.15,5087.13,1516.27
Sao Tome and Principe,STP,1997,1538.82,1642.4,2257.58,1412.06,5092.76,665.52,195.69,1059,2791.98,2433.34,4965.73,1572
Sao Tome and Principe,STP,1998,1594.15,1671.47,2310.05,1445.96,5251.9,673.21,203.35,1078.37,2872.65,2496.59,4830.02,1631.13
Sao Tome and Principe,STP,1999,1635.19,1702.97,2332.4,1478.98,5348.21,682.57,209.09,1098.7,2931.99,2549.36,4792.92,1671.83
Sao Tome and Principe,STP,2000,1572.21,1736.17,2264.93,1463.89,5235.5,683.19,212.37,1117.23,2777.8,2395.76,3987.34,1616.54
Sao Tome and Principe,STP,2001,1600.27,1771.25,2283.38,1489.4,5296.57,693.03,218.78,1140.82,2792.52,2418.54,3888.53,1649.52
Sao Tome and Principe,STP,2002,1677.15,1807.81,2342.87,1552.61,5474.33,710.12,224.3,1166.55,2977.02,2567.13,4372.66,1744.63
Sao Tome and Principe,STP,2003,1583.86,1847.82,2268.98,1539.64,5320.79,713.37,225.19,1190.45,2795.82,2396.68,3712.74,1682.08
Sao Tome and Principe,STP,2004,1688.5,1890.31,2359.35,1619.73,5590.97,735.15,232.22,1222.27,3072.98,2608.95,4438.3,1812.37
Sao Tome and Principe,STP,2005,1539.85,1934.36,2230.59,1598.94,5283,738.83,231.58,1249.27,2825.27,2362.28,3844.74,1684.02
Sao Tome and Principe,STP,2006,1670.01,1979.05,2340.23,1678.17,5581.38,760.02,243.7,1288.22,3105.07,2569.97,4372.79,1824.92
Sao Tome and Principe,STP,2007,1691.3,2025.33,2365.01,1722.19,5688.18,776.87,251.94,1328.24,3224.65,2608.46,4591.9,1882.64
Sao Tome and Principe,STP,2008,1628.11,2074.2,2330.8,1740.07,5611.11,788.31,257.49,1367.86,3192.49,2506.06,4459.64,1860.09
Sao Tome and Principe,STP,2009,1606.86,2124.37,2355.27,1773.53,5696.84,803.34,265.83,1411.52,3270.81,2465.66,4475.55,1898.17
Sao Tome and Principe,STP,2010,1614.38,2179.65,2408.09,1826.03,5866.71,822.61,276.37,1458.96,3462.66,2479.51,4736.15,1977.36
Sao Tome and Principe,STP,2011,1514.36,2239.11,2378.57,1839.32,5789.54,833.4,283.3,1503.76,3366.48,2302.91,4362.28,1938.25
Sao Tome and Principe,STP,2012,1465.45,2301.35,2400.55,1872.88,5853.53,846.65,293.37,1553.31,3397.93,2217.14,4254.05,1956.62
Sao Tome and Principe,STP,2013,1470.96,2368.14,2465.61,1930.89,6058.88,864.55,306.23,1607.13,3576,2224.03,4409.08,2031.98
Sao Tome and Principe,STP,2014,1524.39,2435.98,2572.95,2012.8,6398.12,887.5,322.46,1665.58,3928.6,2315.21,4880.13,2174.95
Sao Tome and Principe,STP,2015,1513.14,2504.47,2603.94,2058.27,6513.87,902.96,333.37,1721.96,4031.02,2290.92,4833.11,2223.94
Sao Tome and Principe,STP,2016,1542.09,2571.01,2632.51,2106.47,6624.26,917.49,344.86,1779.8,4126.19,2323.13,4758.71,2273.24
Sao Tome and Principe,STP,2017,1586.2,2640.58,2671.37,2158.3,6758.04,932.17,356.88,1838.14,4266,2383.4,4768.63,2336.06
Sao Tome and Principe,STP,2018,1624.3,2716.43,2707.44,2207.53,6877.41,945.67,369.61,1898.99,4372.44,2433.54,4706.57,2397.06
Sao Tome and Principe,STP,2019,1661.41,2798.99,2747.26,2258.44,6988.73,958.71,383.63,1962.32,4472.55,2481.95,4660.32,2460.12
Saudi Arabia,SAU,1990,72469.4,258379.56,87020.63,157688.43,543448.35,69004.82,21946.98,157284.76,139767.3,114023.03,723322.81,145635.69
Saudi Arabia,SAU,1991,75327.12,269800.84,89625.08,164656.57,566225.74,71554.03,23004.07,166258.27,148661.66,118017.61,735808.5,153914.07
Saudi Arabia,SAU,1992,77286.14,280819.52,91854.43,171148.8,587269.11,73977.2,24011.86,175394.57,156780.18,120972.47,739660.13,161893.19
Saudi Arabia,SAU,1993,78910.12,291420.04,94108.51,177388.35,609370.5,76266.64,25002.52,184434.3,165241.82,123534.17,739341.13,170574
Saudi Arabia,SAU,1994,80807.19,301592.38,96486.01,183560.25,632703.08,78464.28,26010.92,193452.57,174682.03,126362.55,733965.73,180145.27
Saudi Arabia,SAU,1995,83024.5,311409.38,99059.33,189783.66,656159.64,80509.39,26982.61,202303.72,184385.64,129439.76,733943.27,189863.03
Saudi Arabia,SAU,1996,84390.15,321044.25,101192.85,195386.04,677483.79,82436.2,28103.02,210840.69,193085.96,131407.7,719762.9,199241.36
Saudi Arabia,SAU,1997,85286.11,330581.83,103248.6,200821.67,699014.82,84300.16,29088.41,219353.13,201178.56,132877.21,704407.42,208823.37
Saudi Arabia,SAU,1998,86091.12,340262.77,105453.15,206063.45,722616.75,86267.24,30161.86,228066.39,208722.31,134291.1,686110.55,218013.73
Saudi Arabia,SAU,1999,87756.78,350109.01,108225.51,211834.09,749784.51,88202.23,31398.05,237058.62,217189.05,136812.66,671861.3,227732.2
Saudi Arabia,SAU,2000,88572.38,360424.01,110229.16,217753.68,774411.21,90088.77,32631.45,246325.49,224187.86,138204.56,652232.91,240336.77
Saudi Arabia,SAU,2001,89233.89,371083.89,111063.19,223550.67,799611.91,91952.31,33673.32,255851.08,229109.09,140151.97,634170.13,246719.22
Saudi Arabia,SAU,2002,89032.13,382951.5,112660.66,230138.69,827493.1,93910.78,35601.19,265794.89,232660.33,140957.98,617017.91,255931.52
Saudi Arabia,SAU,2003,87911.04,395820.78,116006.31,238024.51,864926.71,96322.53,36929.05,276514.23,237143.65,140883.72,602796.09,265850.06
Saudi Arabia,SAU,2004,84751.22,410772.03,118479.87,246884.99,902049.96,99040.88,37590.56,288219.29,240657.13,138646.14,592616.26,272591.24
Saudi Arabia,SAU,2005,83257.24,427519.91,122217.18,257180.24,957824.34,101889.07,39506.93,301973.97,249538.62,138483.1,585909.04,282331.67
Saudi Arabia,SAU,2006,81506.85,446599.69,124953.75,267794.32,1002734.87,104903.5,42047.07,317121.9,257896.07,138122.87,582222.13,292266.61
Saudi Arabia,SAU,2007,81313.7,467762.94,127947.24,279047.74,1042354.7,108285.79,45074.92,334050.85,268780.64,139707.77,578999.47,303059.3
Saudi Arabia,SAU,2008,81167.85,490579.28,130995.93,290995.48,1082543.68,111873.7,48523.62,352477.11,281129.07,141524.48,578574.37,314103.21
Saudi Arabia,SAU,2009,80890.9,514271.61,134515.58,302660.03,1108876.23,115218.59,51733.59,372240.65,291786.2,143296.19,579514.78,324837.04
Saudi Arabia,SAU,2010,81728.92,538666.09,139052.41,314430.04,1133844.65,118510.31,54951.91,393111.23,305582.52,146342.61,582180.35,337707.93
Saudi Arabia,SAU,2011,82721.45,562589.87,142712.34,325366.49,1140068.16,121621.63,57268.91,414941.26,315614.31,149524.44,583004.3,348773.32
Saudi Arabia,SAU,2012,84684.59,587094.86,145997.49,336104.26,1150754.33,124717.11,60512.99,437735,327737.07,154001.91,584963.48,360969.43
Saudi Arabia,SAU,2013,87763.07,611302.16,150426.91,346988.61,1177197.57,127913.33,64609.13,461511.57,344248.12,159733.21,590132.36,379418.32
Saudi Arabia,SAU,2014,90881.87,635040.69,155050.73,357766.28,1200545.8,131070.27,68479.97,486438.99,362268.18,165708.84,595860.68,400071.33
Saudi Arabia,SAU,2015,93395.4,657940.99,158926.11,368368.85,1247125.19,134004.97,72526.96,511813.85,378622.64,170777.55,603798.36,418137.08
Saudi Arabia,SAU,2016,97245.31,679003.6,162682.17,379101.5,1280832.24,136826.88,77715.2,538396.73,398562.06,177568.01,612059.52,436559.31
Saudi Arabia,SAU,2017,101119.67,699299.15,166469.23,389734.55,1327673.84,139574.44,82159.23,565698.28,418267.02,184368.61,618985.13,454282.16
Saudi Arabia,SAU,2018,105253.65,720778.89,172795.19,400179.4,1377654.21,142193.74,85316.62,592024.64,439585.44,191419.37,627113.08,480824.36
Saudi Arabia,SAU,2019,109527.28,743258.27,181823.55,410451.4,1432746.27,144823.54,88134.42,618238.55,461775.11,198773.3,636404.37,515775.84
Scotland,NA,1990,17812.56,102671.8,95788.42,93639.22,537256.95,48490.33,35129.75,149629.88,352216.94,53264.64,108417.43,47289.86
Scotland,NA,1991,18340.76,101883.3,95859.14,94146.35,520860.37,48454.35,37227.33,150382.8,353767.55,53717.18,107050.8,47720.01
Scotland,NA,1992,19086.79,101156.7,96570.86,94750.99,509377.71,48458.69,39218.18,151199.53,357539.02,54779.65,105338.86,48086.2
Scotland,NA,1993,20537.14,100574.34,98490.72,95399.55,504819.32,48463.03,41443.28,151948.1,364912.65,56682.47,103299.88,48779.72
Scotland,NA,1994,21784.51,100232.78,97564.07,95604.31,480489.21,48483.58,44127,152664.6,361369.25,57767.03,101138.13,48694.25
Scotland,NA,1995,23609.41,100187.69,98761.09,96220.76,467398.3,48545.14,46476.92,153440.7,362101.63,59818.24,100178.22,49029.68
Scotland,NA,1996,26327.42,100295.36,99752.55,96906.35,457022.32,48612.88,48921.04,154199,363157.69,63069.28,99874.85,49993.48
Scotland,NA,1997,28224.43,100519.07,100260.44,97129.96,440165.05,48753.44,51043.43,155028.12,357485.57,65048.58,99200.88,51325.99
Scotland,NA,1998,30381.38,100709.12,102047.94,97821.83,429593.12,48964.62,53566.18,156014.66,356210.19,68040.1,99136.08,53372.43
Scotland,NA,1999,32810.02,100912.13,104523.08,98595.6,422808.67,49155.37,56355.4,157113.16,357234.34,71585.16,98544.43,55395.92
Scotland,NA,2000,34150.54,101085.8,104287.31,98981.19,403152.32,49371.68,58717.47,158354.65,349768.73,73208.5,98656.7,56004.57
Scotland,NA,2001,36183.98,101028.19,104224.13,99797.66,388424.24,49539.42,61560.19,159225.37,345039.27,75633.44,99019.93,56817.09
Scotland,NA,2002,38085.13,100566.49,106338.94,101024.23,384437.08,49780.1,64244.57,160005.76,340091.77,78520.55,99955.11,57898.45
Scotland,NA,2003,38166.61,99991.31,106573.11,101483.05,369190.33,50009.61,65643.9,160513.44,348456.53,78807.79,100918.03,58583.99
Scotland,NA,2004,37779.59,99537.58,105578.75,101809.18,351330.18,50263.11,67346.26,161187.83,349102.28,78350.79,101543.52,59267.04
Scotland,NA,2005,37804.14,99582.79,105394.78,102683.98,337013.13,50529.34,69197.21,162378.28,349635.26,78612.76,102702.36,60190.55
Scotland,NA,2006,38330.53,100193.65,105865.92,104158.4,327538.44,50810.18,72669.96,163772.4,353473.45,79626.03,103012.82,61922.69
Scotland,NA,2007,37826.98,101140.34,106339.31,105650.74,319345.63,51112.43,75920.54,165283.25,357311.97,79500.44,103563.52,64033.27
Scotland,NA,2008,37053.44,102183.72,106731.81,106849.9,311755.32,51435.51,78679.66,166725.61,360582.04,79229.68,103061.78,66358.18
Scotland,NA,2009,35470.02,103237.91,106119.39,107562.31,299152.39,51749.08,79922.15,168116.29,357946.46,77538.91,102395.94,68035.41
Scotland,NA,2010,34589.22,104093.32,106819.44,108773.27,293380.82,52039.13,80413.09,169584.87,357628.06,76878.31,102179.84,70038.17
Scotland,NA,2011,33319.99,104869.91,108348.16,109835.76,288905.59,52244.54,80463.14,170200.26,358809.24,75936.15,102551.38,71271.32
Scotland,NA,2012,32070.86,105711.1,110129.26,110778.41,285994.09,52440.39,80075.76,169857.24,359233.3,75024.74,103376.62,72076.65
Scotland,NA,2013,31965.12,106427.61,111975.05,111599.68,284996.38,52614.98,79519.59,169079.45,361922.78,75369.65,104057.45,72576.41
Scotland,NA,2014,31425.7,107059.59,112627.58,112137.18,278738.48,52752.09,79714.66,168581.05,360539.93,74870.76,105034.16,72714.4
Scotland,NA,2015,32576.92,107558.07,115661.64,113246.84,282466.49,52885.46,81042.85,169044.53,366152.95,76652.93,105681.85,73315.8
Scotland,NA,2016,33946.92,107804.41,117706.48,114829.58,287398.6,53097.07,83222.49,170029.8,371984.15,78630.18,106102.14,72814.05
Scotland,NA,2017,34118.42,108048.12,118569.09,116169.43,293200.13,53182.36,83435.83,171011.11,374405.32,78978.84,105749,71878.6
Scotland,NA,2018,34693.92,108449.5,123220.44,118132.61,309616.39,53293.64,82900.56,172390.24,390040.92,81115.94,106445.15,73447.63
Scotland,NA,2019,34613.7,109004.2,124583.31,119091.1,313127.45,53287.2,82040.08,173943.23,393452.52,81301.39,106594.23,74318.12
Senegal,SEN,1990,52708.4,89002.23,72389.93,77783.96,221791.05,36946.36,9243.62,55419.04,108714.42,111886.81,380052.34,84189.48
Senegal,SEN,1991,54114.29,91732.97,72733.86,80068.64,226250.19,37980.54,9544.6,57260.36,111359.47,114681.56,382768.4,86557.1
Senegal,SEN,1992,54778.2,94679.58,72272.1,82103.35,228518.44,38963.69,9848.42,59186.62,112343.25,116115.33,382225.02,88102.93
Senegal,SEN,1993,55331.94,97686.5,71782.64,84304.84,231274.88,39957.71,10170.66,61108.13,113183.64,117432.09,383153,89617.2
Senegal,SEN,1994,56684.97,100816.42,72060.36,86924.06,237112.95,40976.46,10515.71,63223.39,115949.02,120258.79,386095.56,92506.34
Senegal,SEN,1995,55864.46,104028.17,70440.43,88690.48,236043.96,41885.46,10792.87,65417.12,114698,118875.05,380123.4,92678.81
Senegal,SEN,1996,55297.73,107248.7,68996.23,90766.59,236691.23,42775.15,11083.61,67673.95,114030.89,117963.83,375618.12,93160.46
Senegal,SEN,1997,54975.21,110387.14,67898.48,93168.27,238077.82,43655.84,11433.88,69901.27,114247.23,117617.58,370133.77,94202.81
Senegal,SEN,1998,55745.33,113532.79,67794.21,96179.64,243393,44663.02,11817.9,72179.36,117047.96,119455.03,372498.1,96777.43
Senegal,SEN,1999,56302.06,116697.63,68058.83,99188.46,250023.01,45663.87,12197.4,74579.99,120582.95,120820.61,375529.93,99763.01
Senegal,SEN,2000,53840.88,120032.76,66759.45,101256.48,247468.36,46537.39,12451.49,76988.48,118695.94,116002.28,369252.72,99653.68
Senegal,SEN,2001,67121.6,123506.03,77912.31,109229.84,294365.85,48426.22,13294.05,79696.92,148545.93,140727.45,425664.38,119562.06
Senegal,SEN,2002,67526.13,126908.47,79072.45,112131.31,299026.23,49482.93,13648.69,82108.9,152880.22,141211.04,430438.47,123594.07
Senegal,SEN,2003,63785.74,130313.99,76973.28,112951.12,288906.17,50309.3,13810.6,84366.58,148504.88,133918.83,418371.36,122017.45
Senegal,SEN,2004,66959.97,133642.83,81181.02,117647.33,303386.8,51764.75,14200.3,86865.4,159950.8,141526.16,450996.51,129946.39
Senegal,SEN,2005,67410.77,137005.05,82513.63,120212.37,308664.93,52964.22,14491.27,89289.83,164228.32,142030.78,455563.86,132993.59
Senegal,SEN,2006,66454.26,140297.91,82838.73,121945.44,310137.15,54110.48,14713.69,91739.18,165272.95,139841.67,450327.21,134083.27
Senegal,SEN,2007,68047.01,143600.54,84541.1,124355.89,317200.62,55398.55,15042.02,94256.97,171025.65,142351.23,452933.16,137862.47
Senegal,SEN,2008,69788.54,146871.23,86402.4,126687.43,325341.31,56700.96,15379.55,96768.26,176858.66,145215.73,454713.49,141811.72
Senegal,SEN,2009,73157.91,150299.62,89511.91,129791.64,339591.81,58128.04,15794.84,99416.41,186249.11,150930.79,456411.9,148220.11
Senegal,SEN,2010,68192.33,153940.49,85964.37,129406.5,324612.71,58974.17,15839.82,101986.09,175693.85,141132.73,427891.74,142974.29
Senegal,SEN,2011,69569.76,157863.55,88586.87,132897.27,335800.26,60453.21,16218.8,104736.19,183501.94,145550.45,430041.51,148383.75
Senegal,SEN,2012,68812.31,162252.02,89219.13,135183.97,337969.05,61708.4,16503.68,107456.03,185209.47,145239.32,420474.25,149979.79
Senegal,SEN,2013,71116.15,166924.74,92178.93,139025.48,348548.87,63234.71,16969.13,110385.35,194456.06,150807.58,427959.71,155714.69
Senegal,SEN,2014,75076.77,171717.11,96871.12,144503.04,367102.23,65082.59,17484.72,113506.86,209221.51,160557.49,456078.4,164654.58
Senegal,SEN,2015,75904.54,176277.72,99015.5,148296,377196.15,66570.2,17894.63,116754.76,215412.43,163123.24,460156.49,169246.24
Senegal,SEN,2016,79161.57,180794.25,102742.96,152830.01,390127,68115.85,18527.07,120107.46,226710.09,169826.63,467609.49,174912.4
Senegal,SEN,2017,80159.4,185352.22,104169.86,156028.4,393738.72,69372.35,19063.37,123677.93,230373.15,170952.69,463055.82,176001.67
Senegal,SEN,2018,79550.33,190367.3,104613.52,158852.33,394016.14,70577.51,19604.78,127889.01,232090.45,168881.06,448123.59,177699.41
Senegal,SEN,2019,80650.7,195967.79,106791.06,163459.26,403280.73,71964.17,20341.67,133185.59,238943.94,170621.61,442712.39,183310.94
Serbia,SRB,1990,46667.08,145232.37,96148.81,128979.27,1039331.33,41375.45,41903.86,163553.41,526624.76,117406.85,207684.48,135393.65
Serbia,SRB,1991,46818.2,148642.61,96538.38,129748.7,1042360.59,42216.23,42749.85,167110.44,532255.11,117738.02,194741.36,138233.04
Serbia,SRB,1992,47908.87,150630.66,99931.55,131048.7,1080363.02,42669.92,43585.88,169724.48,549873.1,120399.68,197518.61,143633.36
Serbia,SRB,1993,49304.85,151535.97,103688.51,131600.3,1132065.66,42787.01,44161.8,171637.49,567988.73,123547.1,198125.77,149828.27
Serbia,SRB,1994,50786.88,152797.3,107306.92,133241.24,1182656.53,43027.02,44926.12,173713.27,587706.41,127035.77,207420.39,156049.69
Serbia,SRB,1995,51779.24,153199.67,110723.46,133574.04,1234832.04,43020.85,45410.47,175035.55,604261.92,129553.16,200512.52,161803.66
Serbia,SRB,1996,52622.52,153259.41,114044.86,133875.89,1290183.86,42916.05,45715.06,176071.34,623420.41,131615.54,194459.6,167917.29
Serbia,SRB,1997,53379.91,150169.88,116967.48,132615.27,1350213.99,41897.61,45214.31,174720.76,644639.75,133054.56,185422.4,174072.9
Serbia,SRB,1998,49411.42,146432.04,109684.85,128162.04,1245528.21,40628.96,42756.28,172527.31,599772.34,124998.93,174353.81,164940.53
Serbia,SRB,1999,48941.74,148386.26,109011.78,129555.85,1249131.32,41074.02,43188.72,174868.76,603208.68,124776.02,165236.88,167382.33
Serbia,SRB,2000,49850.36,150703.76,110833.84,132254.73,1274784.21,41671.85,44453.97,177568.43,619035.15,127635.79,165979.83,171116.63
Serbia,SRB,2001,48302.46,149271.48,107138.47,132048.96,1240197.65,41204.71,43898.5,177714.02,615644.23,125918.15,166581.78,170381.16
Serbia,SRB,2002,47764.35,148148.81,105964.92,132512.09,1221540.37,40879.74,43765,178187.91,618853.64,126195.39,165910.97,172174.78
Serbia,SRB,2003,48169.77,147601.56,106916.05,134263.82,1234814.88,40848.9,44442.34,179241.59,635539.65,128896.73,166881.26,177551.19
Serbia,SRB,2004,48380.53,146506.93,107628.82,135276.94,1241503.5,40620.31,45136.9,179739.11,649491.93,130823.22,162597.45,182006.94
Serbia,SRB,2005,48439.78,145360.36,108790.76,136548.19,1261308.19,40419.38,45505.11,180164.75,666587.12,133158.4,155978.12,187916.59
Serbia,SRB,2006,47451.1,144555.34,107712.88,136831,1235357.77,40282.3,45120.9,180664.59,667437.19,132860.97,150516.36,190112.12
Serbia,SRB,2007,46436.78,143582.04,107381.55,136776.36,1208603.26,40094.45,44843.66,181057.65,667481.6,132505.38,145294.64,193052.56
Serbia,SRB,2008,45717.93,142401.98,108322.96,137223.93,1203922.74,39828.98,44759.45,181400.08,678059.7,132775.49,138622.83,197940.76
Serbia,SRB,2009,44092.82,141316.66,107433.39,137723.46,1172572.36,39626.23,44050.26,181632.66,677888.54,130741.44,139202.15,199494.89
Serbia,SRB,2010,42325.37,140614.93,105671.9,137567.84,1125936.69,39500.33,43085.47,181990.59,670482.7,127901.79,137380.6,198875.26
Serbia,SRB,2011,41020.89,140309.41,104822.17,138134.16,1092001.79,39498.44,42378.39,182614.06,668780.27,125708.15,137545.77,199145.28
Serbia,SRB,2012,39911.79,140152.64,104517.4,138500.66,1070571.92,39552.74,41993.13,183412.63,669304.27,123945.44,131740.75,200823.99
Serbia,SRB,2013,38750.3,139604.88,104343.01,139200.72,1052386.65,39454.7,41497.37,183804.09,664449.3,122135.54,134788.77,201771.17
Serbia,SRB,2014,38475.97,138947.98,104588.57,139564.95,1050430.96,39351.69,41280.04,184053.16,669544.24,121325.89,133462.64,204100.84
Serbia,SRB,2015,38590.91,138593.26,104829.06,140015.76,1046631.35,39287.27,41140.81,184414.59,676176.86,120746.23,132407.69,206549.61
Serbia,SRB,2016,37409.5,138343.2,102425.44,139858.37,1013162.37,39177.06,40346.35,184596.55,660940.2,117877.03,131424.73,204153.42
Serbia,SRB,2017,37433.23,138012.17,102368.85,140579.58,1022037.61,39038.44,40220.79,184783.34,660639.57,117582.4,130064,204680.56
Serbia,SRB,2018,37392.13,137409.09,102472.08,141674.87,1038382.98,38867,40472.14,184937.38,659424.39,117144.7,128671.94,207533.65
Serbia,SRB,2019,37484.41,136734.93,102235.8,142223.8,1046001.79,38645.66,41076.96,185064.26,660011.41,116174.99,126458.33,211291.76
Seychelles,SYC,1990,592.1,931.39,702.36,832.67,4560.94,448.74,166.34,1122.87,2353.65,1021.72,1196.71,899.38
Seychelles,SYC,1991,613.79,945.45,707.12,844.24,4540.4,452.83,172.56,1144.65,2380.71,1049.23,1197.99,932.71
Seychelles,SYC,1992,641.07,959.68,719,857.65,4559.84,457.37,179.34,1168.21,2441.37,1086.15,1208.32,982.45
Seychelles,SYC,1993,672.07,974.62,730.51,871.32,4566.65,462,186.75,1193.36,2504.74,1127.51,1224.65,1039.39
Seychelles,SYC,1994,723.67,989.47,751.86,888.67,4654.01,466.97,196.79,1219.33,2619.59,1198.79,1256.02,1117.03
Seychelles,SYC,1995,753.24,1004.37,758.3,901.2,4621.02,471.34,205.34,1245.75,2667.19,1232.73,1271.59,1174.11
Seychelles,SYC,1996,783.13,1020.11,765.23,915.52,4618.8,476.05,213.96,1273.5,2736.81,1264.84,1282.74,1242.6
Seychelles,SYC,1997,802.79,1035.87,762.11,927.84,4563.91,480.96,222.69,1303.12,2779.95,1280.53,1283.94,1303.14
Seychelles,SYC,1998,823.59,1053.69,760.57,942.01,4540.58,486.1,231.21,1335.22,2827.02,1299.55,1296.71,1361.93
Seychelles,SYC,1999,841.15,1072.75,757.91,956.93,4525.17,491.58,238.76,1369.18,2859.25,1315.15,1316.99,1408.94
Seychelles,SYC,2000,851.03,1093.51,748.25,970.63,4477.66,497.64,246.05,1405.47,2870.3,1319.9,1332.36,1443.58
Seychelles,SYC,2001,867.09,1114.69,753.97,988.83,4519.89,504.01,252.55,1444.15,2933.1,1337.38,1361.32,1489.51
Seychelles,SYC,2002,889.32,1136.12,780.25,1010.99,4651.66,511.15,256.17,1484.49,3072,1370.14,1407.22,1569.4
Seychelles,SYC,2003,909.42,1157.38,810.61,1032.97,4777.59,518.46,258.46,1524.94,3217.68,1402.57,1452.56,1651.94
Seychelles,SYC,2004,899.38,1177.49,812.39,1048.33,4741.03,525.7,260.17,1564.62,3278.2,1391.44,1470.66,1708.74
Seychelles,SYC,2005,874.79,1197.48,827.37,1066.81,4780.7,532.29,256.95,1603.89,3367.53,1366.56,1481.24,1755.48
Seychelles,SYC,2006,874.01,1216.68,829.13,1083.48,4784.29,539.08,256.48,1642.4,3452.7,1368.22,1502.67,1803.66
Seychelles,SYC,2007,880.4,1235.1,828.67,1098.59,4780.34,545.51,258.3,1681.76,3519.32,1374.31,1520.86,1860.31
Seychelles,SYC,2008,883.8,1253.43,826.92,1113.4,4818.09,552.31,256.86,1719.74,3569.17,1377.89,1533.29,1901.39
Seychelles,SYC,2009,887.89,1272.05,827.86,1129.12,4845.1,559.61,259.48,1758.26,3620.89,1384.36,1557.78,1939.26
Seychelles,SYC,2010,901.98,1290.74,818.15,1141.47,4796.44,566.74,264.69,1797.5,3667.96,1399.38,1587.3,1984.49
Seychelles,SYC,2011,921.79,1310.35,816.61,1155.15,4787.69,573.98,267.57,1837.81,3725.58,1418.89,1616.04,2047.85
Seychelles,SYC,2012,932.79,1330.42,832.68,1172.07,4872.13,581.43,267.32,1879.99,3842.99,1432.98,1643.41,2138.53
Seychelles,SYC,2013,944.9,1350.25,835.4,1189.31,4895.64,588.91,267.2,1921.44,3945.27,1446.3,1667.35,2235.31
Seychelles,SYC,2014,969.27,1370.24,840.51,1206.56,4976.43,595.89,271.39,1962.64,4065.07,1476.8,1686.51,2325.17
Seychelles,SYC,2015,991.91,1387.94,853.77,1225.55,5126.22,602.32,273.85,2002.77,4230.56,1509.93,1712.06,2423.44
Seychelles,SYC,2016,1018.37,1403.62,881.33,1245.4,5312.71,608.06,281.12,2041.06,4392.15,1547.46,1724.93,2534.41
Seychelles,SYC,2017,1041.38,1419.01,900.75,1262.09,5438.94,613.32,287.75,2079.41,4515.29,1578.34,1713.89,2621.3
Seychelles,SYC,2018,1061.76,1436.59,922.73,1280.65,5567.66,618.66,291.8,2120.58,4658.98,1605.5,1715.41,2720.09
Seychelles,SYC,2019,1081.35,1456.9,950.19,1300.79,5710.44,623.82,294.78,2164.92,4811.97,1632.73,1718.83,2825.53
Sierra Leone,SLE,1990,34572.03,48510.22,41776.91,40613.32,151205.62,17738.15,5128.85,31597.49,58258.66,68031.64,301872.17,37170.89
Sierra Leone,SLE,1991,33831.83,47408.34,40704.89,39910.41,148441.09,17358.53,4948.19,31192.88,57478.28,66603.07,296515.98,36803.11
Sierra Leone,SLE,1992,33686.09,47643,40154.38,40053.49,147655.18,17435.97,4944.2,31324.09,57414.86,66391.77,294356.28,36915.22
Sierra Leone,SLE,1993,33511.61,48601.54,39515.06,40589.56,146674.99,17786.15,5009.17,31760.35,57298.57,66255.99,294712.01,36999.16
Sierra Leone,SLE,1994,33137.19,49288.69,38684.35,40962.48,145500.83,18014.53,5034.55,32028.87,56939.85,65695.1,293245.58,37013.67
Sierra Leone,SLE,1995,33413.48,50418.9,38441.96,41713.74,146641.52,18417.42,5122.37,32530.56,57505.14,66222.98,293537.45,37566.7
Sierra Leone,SLE,1996,33504.15,51289.52,38089.49,42189.48,147673.89,18685.55,5166.73,32851.71,57941.53,66417.24,294190.23,38052.93
Sierra Leone,SLE,1997,33682.29,51560.71,37893.48,42278.11,149828.94,18696.9,5132.7,32843.48,58533.96,66570.85,292067.13,38805.39
Sierra Leone,SLE,1998,34042.36,53085.88,37837.71,43114.81,151601.06,19148.21,5237.08,33302.46,59247.67,67400.86,294261.92,39484.48
Sierra Leone,SLE,1999,34271.96,55899.23,38130.39,44805.62,154726.35,20070.07,5484.34,34259.12,60261.47,68289.66,301424.71,40363.53
Sierra Leone,SLE,2000,34949.95,59232.46,39107.24,47136.13,159606.23,21218.58,5805.41,35605.22,62217.07,69914.57,315116.33,41800.87
Sierra Leone,SLE,2001,36110.44,62740.71,40625.25,49701.43,165761.71,22408.88,6190.77,37117.56,65069.85,71950.86,329404.21,43684.37
Sierra Leone,SLE,2002,37185.13,66127.2,42356.01,52344.24,172572.9,23536.77,6556.62,38590.58,68364.69,73903.08,344190.72,45859.48
Sierra Leone,SLE,2003,38633.05,69164.74,44130.78,54721.47,178918.42,24529.39,6909.65,40003.53,72050.59,76219.13,357355.89,48103.4
Sierra Leone,SLE,2004,40236.63,71786.31,46175.53,57342.65,185916.3,25455.8,7198.39,41284.66,76390.56,79254.8,378140.08,50602.81
Sierra Leone,SLE,2005,41564.16,74123.8,47982.32,59369.25,192701.72,26267.56,7460.99,42532.22,80268.47,81313.42,388945.34,52761.38
Sierra Leone,SLE,2006,40388.43,76383.49,49188.29,61144.64,197070.06,27055.88,7687.83,43774.87,82762.54,82074.5,395088.36,54306.6
Sierra Leone,SLE,2007,39323.31,78834.27,50341.26,62937.65,201932.13,27892.21,7942.07,45165.9,85651.03,83147.46,397146.7,56156.75
Sierra Leone,SLE,2008,37363.1,81607.41,50352.04,64245.37,201991,28739.85,8179.53,46700.84,86029.33,81850.47,390217.44,56586.48
Sierra Leone,SLE,2009,36892.29,84525.16,51193.61,66129.38,205671.15,29692.83,8475.07,48366.16,88463.58,82800.12,388324.95,58182.86
Sierra Leone,SLE,2010,37383.39,87518.72,52894.85,68600.15,212304.3,30726.89,8800.05,50092.8,92749.77,85474.88,396540.57,60628.64
Sierra Leone,SLE,2011,36855.73,90517.25,53827,70505.51,216180.21,31715.58,9103.53,51836.61,95302.66,86546.36,401839.78,62039.01
Sierra Leone,SLE,2012,37498.81,93553.62,55279.93,72938.37,221130.64,32701.93,9460.73,53737.37,99212.27,89019.05,404094.83,64190.22
Sierra Leone,SLE,2013,38166.35,96808.35,56370.44,75387.72,223936.67,33727.56,9843.59,55752.94,102756.26,91017.66,407084.93,65931.54
Sierra Leone,SLE,2014,39280.57,100035.29,57520.91,77701.1,227551.08,34746.09,10231.36,57791.37,106518.28,93468.13,409269.26,67889.23
Sierra Leone,SLE,2015,39561.91,103399.62,58436.85,79781.47,232050.28,35712.5,10596.21,59904.34,108414.24,94109.39,404097.72,69350.55
Sierra Leone,SLE,2016,40691.75,106916.52,59727.75,82195.79,236420.38,36695.81,11092.95,62188.02,111668.48,96150.56,402467.45,71374.74
Sierra Leone,SLE,2017,42279.39,110535.54,61433.76,84931.97,243108.98,37700.56,11598.33,64568.7,115981.01,99138.99,404313.88,73829.75
Sierra Leone,SLE,2018,43473.68,114271.9,63195.86,87675,250277.64,38760.32,12108.4,66979.03,120512.68,101250.18,405912.45,76496.39
Sierra Leone,SLE,2019,44240.43,118070.36,64602.4,90197.66,254988.08,39744.95,12642.16,69473.85,123650.14,102547.4,404648.41,78451.02
Singapore,SGP,1990,6332.49,50469.25,31581.35,22807.53,124920.88,16836.27,6123.42,58330.96,94487.87,17133.82,49000.87,29926.81
Singapore,SGP,1991,6167.92,52006.56,31642.76,23419.77,124327.18,17134.47,6303.41,60021.39,95808.76,17192.58,48692.39,29794.38
Singapore,SGP,1992,6045.53,53639.01,31617.05,24141.92,124824.21,17557.24,6510.69,61928.42,97218.15,17251.91,49362.77,29718.39
Singapore,SGP,1993,5968.77,54975.03,31208.54,24797.7,125556.73,17896.64,6675,63521.7,98749.13,17347.52,49863.75,30066.43
Singapore,SGP,1994,6124.59,56648.9,31198.03,25681.51,128320.57,18409.16,6904.71,65667.85,101941.99,17826.97,50515.16,30957.57
Singapore,SGP,1995,6189.78,58353.67,31111.78,26598.88,130588.64,18968.71,7118.52,67962.09,104510.15,18224.97,51587.59,31610.71
Singapore,SGP,1996,6164.83,60684.98,30815.39,27693.34,131653.31,19674.77,7502.37,70968.34,107953.47,18532.96,52600.51,32393.62
Singapore,SGP,1997,5995.82,62765.13,30097.84,28682.91,130349.18,20304.41,7840.57,73949.36,109169.39,18540.16,52589.92,32995.75
Singapore,SGP,1998,5907.64,64986.33,29372.69,29761.33,130160.59,20982.38,8184.19,77137.2,110793.01,18752.39,52738.95,34004.4
Singapore,SGP,1999,5632.06,65503.41,28044.08,30245.41,126886.9,21116.43,8241.41,78907.75,109528.82,18428.91,52092.14,34611.94
Singapore,SGP,2000,5421.6,66481.03,27259.19,30981.34,124430.07,21427.06,8406.12,81163.92,108958.37,18167.98,51918.36,35526.29
Singapore,SGP,2001,5309.86,67747.31,26770.48,31898.33,123253.85,21963.44,8602.79,84214.87,110418.78,18262.54,52055.05,37158.22
Singapore,SGP,2002,5291.75,67324.71,26182.01,32400.05,122580.37,22256.65,8561.77,86177.78,111127.61,18477.66,51990.93,38028.18
Singapore,SGP,2003,5122.85,65217.02,25250.29,32435.65,120652.01,22135.29,8299.8,86382.57,109752.6,18232.6,50889.48,38314.77
Singapore,SGP,2004,5076.73,65111.71,24819.84,33199.49,120349.5,22497.72,8360.13,88807.9,111408.07,18391.8,51284.07,39693.97
Singapore,SGP,2005,5049.14,66212.55,24539.07,34119.87,117995.61,23021.58,8638.42,91968.84,111192.5,18508.19,52131.74,40273.03
Singapore,SGP,2006,5116.55,68251.32,24456.55,35508.36,119102.31,23723.79,9020.49,96060.91,114380.75,18942.28,53626.2,41612.98
Singapore,SGP,2007,5321.27,71214.47,24593.36,37233.92,122329.38,24607.27,9533.77,101367.84,118821.45,19619.21,55458.24,43247.06
Singapore,SGP,2008,5543.14,75171.04,24978.1,39424.72,125728.61,25729.32,10252.56,108198.27,124871.12,20505.26,58068.6,44758.22
Singapore,SGP,2009,5552.28,77653.15,25069.09,41077.59,125370.08,26386.94,10624.46,113437.59,127597.88,20883.28,59748.64,45470.95
Singapore,SGP,2010,5669.07,79205.55,25262.41,42511.95,125864.2,26765.84,10883.28,117526.27,130902.75,21362.37,60928.03,46421.18
Singapore,SGP,2011,5799.22,80853.28,25561.36,44386.61,126138.68,27158.21,11117.71,122093.22,134683.29,21847.41,62355.71,48157.4
Singapore,SGP,2012,5919.89,82700.24,26299.64,47049.64,128607.33,27719.7,11335.65,127341.68,139932.79,22479.94,63865.46,50420.17
Singapore,SGP,2013,6013.25,83703.14,26810.82,49644.68,129566.57,28079.18,11418.4,131727.29,141946.63,22934.2,64493.64,52454.83
Singapore,SGP,2014,6071.87,84490.31,27387.57,52135.51,130993.59,28406.89,11423.9,135839.76,143399.32,23364,65298.76,54288.05
Singapore,SGP,2015,6143.46,85198.54,27892.19,54090.13,132973.33,28720.29,11444.04,139756.21,145846.4,23786.52,66427.96,55941.9
Singapore,SGP,2016,6234.63,86113.99,27961.29,55795.72,134898.1,29193.18,11663.56,143397.95,148461.4,24345.27,67700.99,55553.28
Singapore,SGP,2017,6195.63,85891.38,27928.35,56947.01,135883.3,29359.62,11710.47,145563.06,149945.35,24595.39,67910.06,54785.92
Singapore,SGP,2018,6339.29,86244.72,29128.02,58587.59,140570.76,29674.9,11619.95,148448.74,155878.74,25190.92,68984.96,56863.08
Singapore,SGP,2019,6482.99,86810.43,30287.53,60509.74,145239.15,29980.27,11533.67,151460.86,161709.54,25796.83,70102.74,60069.59
Slovakia,SVK,1990,53999.18,78101.63,33221.45,70535.08,575986.43,23337.28,28143.68,85372.5,277893.92,97403.62,102718.83,56309.22
Slovakia,SVK,1991,53214.12,78693.27,32769.87,70871.54,565331.05,23370.27,28256.39,86335.58,278258.82,96172.42,103750.79,56359.43
Slovakia,SVK,1992,52310.24,79289.92,32407.38,70962.81,553067.22,23397.48,28260.86,87311.93,278116.62,94685.93,102082.94,56035.53
Slovakia,SVK,1993,50094.95,79870,31616.92,71391.18,540260.98,23405.09,27914.49,88344.25,276308.88,91543.58,99263.49,55103.26
Slovakia,SVK,1994,47940.9,80434.01,30633.53,71990.7,526526,23400.45,27348.35,89398.17,273995.55,88509.63,97591.06,53942.4
Slovakia,SVK,1995,47854.43,81033.81,30828.64,73089.44,534471.46,23359.36,27214.49,90452.81,280721.14,88364.5,96462.86,54538.62
Slovakia,SVK,1996,46769.64,81597.2,30424.2,73571.71,519900.99,23290.16,27001.68,91493.87,277536.65,86845.12,95216.26,53894.97
Slovakia,SVK,1997,49132.39,82132.82,31138.1,75091.33,538521.2,23222.76,27641.89,92574.07,289352.01,89987.27,94357.14,55895.16
Slovakia,SVK,1998,51302.36,82645.22,32013.46,76224.83,540668.65,23137.7,27848.32,93656.35,293834.84,92901.72,94524.55,57105.02
Slovakia,SVK,1999,52227.37,83073.05,32423.5,77338.59,535830.77,23062.2,27803.71,94704.79,292256.28,94301.81,94346.58,58017.62
Slovakia,SVK,2000,52462.03,83493.52,32517.18,78219.54,524162.56,22983.86,27679.04,95798.4,286337.96,94905.68,94281.4,57665.14
Slovakia,SVK,2001,53872.03,83885.68,32867.84,79342.04,526702.95,22921.55,27573.13,96943.87,284140.31,97040.01,92669.59,58521.88
Slovakia,SVK,2002,55424.01,84258.67,33264.13,80377.1,524066.15,22847.75,27472.46,98030.81,279769.58,99423.17,93249.3,58920.86
Slovakia,SVK,2003,56763.85,84566.15,33775.77,81536.76,527661.42,22772.9,27290.48,99116.99,275902.23,101591.67,93878.77,59753.63
Slovakia,SVK,2004,56654.24,84789.3,33716.04,82123.3,520399.29,22714.23,26989.15,100111,270999.59,101683.55,93521.4,59590.1
Slovakia,SVK,2005,58787.36,84970.07,34516.73,83269.4,530701.3,22679.7,27305.29,101052.78,278848,104771.18,93675.86,60230.74
Slovakia,SVK,2006,59496.3,85121.74,34557.96,83786.82,524309.74,22655.62,27500.45,101884.1,279659.43,105692.58,93705.49,60274.9
Slovakia,SVK,2007,61110.48,85171.12,35253.06,84543.85,526777.19,22648.82,28255.85,102642.29,291288.77,107924.01,94488.2,61305.52
Slovakia,SVK,2008,60354.06,85233.32,35211.52,84563.85,507565.91,22650.17,28948.26,103389.71,297950.06,106907.46,95592.42,61072.47
Slovakia,SVK,2009,59030.72,85286.89,35363.12,84710.54,495428.8,22686.09,29368.75,104111.83,305910.41,105293.17,97105.02,61640.53
Slovakia,SVK,2010,56828.26,85317.17,35354.23,84679.44,474377.72,22764.11,29640.14,104895.97,304629.98,102442.21,97182.69,61673.41
Slovakia,SVK,2011,56158.24,85322.18,35805.81,85290.59,468123.9,22903.52,30240.72,105764.88,311238.73,101902.02,96744.28,62971.11
Slovakia,SVK,2012,54740.74,85222.57,36062.54,85691.78,453584.46,23070.42,30745.01,106594.54,313459.92,100334.28,96619.07,64017.47
Slovakia,SVK,2013,53078.11,85162.44,36062.23,85969.08,443785.95,23185.04,30942.22,107463.61,314973.65,98384.27,96208.62,64978.46
Slovakia,SVK,2014,52553.87,85122.55,36202.32,86468.28,438329.02,23223.19,31218.42,108329.36,316279.86,97865.47,96307.74,66048.9
Slovakia,SVK,2015,53705.2,85076.86,36994.14,87541.75,453589.04,23202.8,31253.52,109178.07,324682.11,99715.64,96428.39,68163.99
Slovakia,SVK,2016,51797.81,85088.14,36521.47,87626.1,441817.82,23187.44,30361.35,109817.66,316927.92,97313.08,96555.79,68234.41
Slovakia,SVK,2017,51860.51,85108.42,36952.03,88380.5,448685.32,23201.14,29938.07,110463.64,320426.16,97687.29,96517.5,69467.5
Slovakia,SVK,2018,51806.56,85174.79,37100.16,89084.34,454334.09,23214.5,29865.03,111412.15,322472.88,97785.35,95576.94,71217.32
Slovakia,SVK,2019,51927.32,85340.31,37384.76,89803.7,461390.12,23208.03,30063.53,112691.65,326024.53,97938.23,93477.95,73671.36
Slovenia,SVN,1990,24751.39,34255.01,20063.82,28422.65,155406.82,8553.56,9986.66,34031.71,102839.61,39106.71,35560.33,17121.84
Slovenia,SVN,1991,24554.06,34521.65,20263.11,28680.02,153085.82,8559.15,10076.94,34360.73,103084.47,38884.8,35154.38,18168.6
Slovenia,SVN,1992,24059.86,34757.39,20391.44,28866.13,150043.15,8547.74,10314.35,34704.82,103954.06,38438.09,34896.65,19408.14
Slovenia,SVN,1993,24140.06,34969.87,20426.88,29161.64,148366.46,8532.77,10515.3,35035.1,105061.89,38517.07,34415.1,20196.81
Slovenia,SVN,1994,23922.91,35156.78,20466.49,29446.6,146451.64,8509.64,10888.43,35391.33,106758.51,38299.84,34116.78,20885.42
Slovenia,SVN,1995,23568.48,35332.38,20813.47,29724.74,143361.83,8513.45,11308.22,35772.23,109245.73,38021.23,33906.97,21727.11
Slovenia,SVN,1996,23349.62,35453.81,20951.86,30033.3,142066.84,8496.71,11603.48,36136.06,111409.52,38121,33828.57,22330.5
Slovenia,SVN,1997,23454.63,35493.99,21096.43,30395.49,140235.73,8483.79,12095.89,36514.78,114633.5,38363.85,33961.43,23397.42
Slovenia,SVN,1998,23710.23,35485.9,21178.87,30795.95,140014.34,8487.05,12397.89,36926.03,117351.28,38811.62,34048.08,23531.41
Slovenia,SVN,1999,23966.64,35467.46,21123.3,31025.99,136644.65,8490.73,12588.28,37317.12,118806.29,39289.39,33829.96,23819.43
Slovenia,SVN,2000,23853.91,35465.03,20567.68,31301.45,131618.23,8488.05,12847.32,37712.21,118466.02,39157.1,33795.62,24164.26
Slovenia,SVN,2001,24669.05,35482.38,20534.78,32002.25,132006.92,8502.11,13191.2,38107.21,122521.02,40358.78,33813.06,24953.46
Slovenia,SVN,2002,23557.48,35491.85,19966.98,32352.99,126690.59,8506.34,13168.05,38502,121193.91,39186.28,33921.76,24950.05
Slovenia,SVN,2003,23999.7,35509.22,19768.69,32816.96,125873.32,8527.12,13067.72,38894.59,124159.25,39705.45,34035.96,25176.55
Slovenia,SVN,2004,22671.13,35514.58,19019.21,33252.32,123442.01,8530.98,13032.17,39260.4,124649.46,38377.84,34091.43,25023.41
Slovenia,SVN,2005,20869.62,35512.5,18244.82,33580.09,118421.07,8527.6,12987.98,39628.86,121327.7,36239.71,34031.7,24339.99
Slovenia,SVN,2006,21043.4,35465.6,17902.24,34133.56,117176.5,8527.55,13176.12,40013.2,124374.6,36287.99,33855.19,23971
Slovenia,SVN,2007,20755.31,35363.09,17594.78,34689.83,115847.91,8580.07,13500.7,40482.87,126352.5,36042.1,33708.18,23539.62
Slovenia,SVN,2008,19854.89,35269.98,17275.28,35171.83,112507.72,8619.78,13946.36,40938.59,126164.98,34962.75,33235.45,23077.76
Slovenia,SVN,2009,18950.33,35157,16985.49,35664.22,110993.71,8663.05,14183.74,41337.99,125814.68,33877.94,32958.17,22944.57
Slovenia,SVN,2010,18300.06,35099.59,16870.68,36213.97,110114.69,8701.16,14522.63,41760.39,127012.98,33184.53,32984.92,23109.84
Slovenia,SVN,2011,17308.81,35093.48,16781.52,36762.51,109084.55,8744.79,14787.27,42171.78,125597.83,32084.65,33321.71,23377.51
Slovenia,SVN,2012,17054.02,35053.26,16833.49,37435.03,110018,8787.06,15236.31,42609.17,127809.26,31849.92,33685.22,23856.49
Slovenia,SVN,2013,16053.95,35011.9,16719.01,37969.02,108401.49,8816.87,15601.28,42968.92,126476.21,30647.24,34182.41,24073.09
Slovenia,SVN,2014,14283.24,34991.55,16375.53,38222.32,103722.35,8832.23,15665.41,43328.45,119996.75,28386.38,34308.47,23940.1
Slovenia,SVN,2015,14586.47,35005.9,16899.03,39119.76,108569.26,8866.06,16227.67,43684.99,126034.8,28899.64,34593.34,24720.19
Slovenia,SVN,2016,14540.85,35058.56,16936.01,39633.17,108311,8906.31,15965.87,43996.5,124122.13,28991.07,34736.54,24963.41
Slovenia,SVN,2017,14760.51,35104.93,17205.62,40318.37,110806.18,8942.14,15900.98,44346.01,126029.83,29454.84,34777.91,25522.45
Slovenia,SVN,2018,14967.57,35128.22,17519.26,40908.62,112956.55,8969.07,15838.23,44867.98,127566.24,29777.88,34681.36,26316.75
Slovenia,SVN,2019,15135.01,35125.5,17806.89,41442.89,114836.71,8986.33,15745.88,45647.9,128869.3,29922.17,34378.5,27400.08
Solomon Islands,SLB,1990,2950.68,4024.37,6510.93,2878.61,33473.93,2296.9,705.47,3571.19,8289.98,4751.88,8478.55,7585.31
Solomon Islands,SLB,1991,3042.23,4165.3,6700.95,2990.21,34662.6,2373.05,734.89,3714.7,8615.91,4893.59,8733.98,8041.36
Solomon Islands,SLB,1992,3115.75,4308.08,6852.62,3097.61,35679.73,2449.04,763.54,3860.39,8913.03,5007.27,8950.39,8505.78
Solomon Islands,SLB,1993,3189.32,4449.75,7001.16,3208.35,36672.07,2524.92,793.41,4009.23,9198.91,5119.69,9153.57,8988.84
Solomon Islands,SLB,1994,3271.71,4590.03,7152.52,3319.94,37702.2,2601.22,822.71,4159.33,9510.36,5241.76,9365.03,9520.7
Solomon Islands,SLB,1995,3353.25,4733.36,7288.05,3430.72,38613.38,2677.99,852.66,4309.96,9824.59,5362.1,9554.23,10081.66
Solomon Islands,SLB,1996,3445.98,4876.48,7462.53,3545.45,39711.91,2755.74,886.15,4462.67,10187.85,5496.26,9794.47,10680.63
Solomon Islands,SLB,1997,3550.68,5014.52,7663.52,3659.7,40964.71,2833.24,921.49,4621.46,10578.67,5647,10026.94,11332.54
Solomon Islands,SLB,1998,3669.8,5152.26,7917.23,3792.74,42329.26,2913.78,957.33,4779.98,11103.18,5837.66,10608.41,12045.07
Solomon Islands,SLB,1999,3766.26,5289.09,8120.53,3912.53,43526.68,2993.07,993.67,4942.22,11539.04,5982.93,10978.34,12756.69
Solomon Islands,SLB,2000,3842.14,5425.16,8395.84,4032.4,45379.83,3073.64,1033.17,5099.87,12126.67,6109.94,11272.74,12974.54
Solomon Islands,SLB,2001,3912.06,5560.89,8680.85,4146.19,47425.8,3155.28,1069.72,5259.62,12802.74,6220.74,11529.44,13069.3
Solomon Islands,SLB,2002,3984.18,5695.82,8886.29,4252.18,48909.09,3236.47,1104.05,5422.17,13320.09,6326.8,11747.31,13402.28
Solomon Islands,SLB,2003,4075.77,5833.34,9073.83,4349.8,50452.54,3316.11,1136.79,5587.62,13796.09,6448.51,11795.75,13941.88
Solomon Islands,SLB,2004,4155.99,5969.68,9221.69,4448.01,51835.14,3395.64,1168.76,5750.6,14206.87,6549.49,11800.54,14585.69
Solomon Islands,SLB,2005,4249.51,6107.27,9392.89,4552.94,53245.56,3477.08,1200.37,5909.73,14703.04,6687.69,12010.11,15289.73
Solomon Islands,SLB,2006,4368.49,6243.74,9601.4,4662,54934.78,3542.99,1237.48,6068.7,15230.99,6849.1,12114.2,15584.44
Solomon Islands,SLB,2007,4463.42,6382.35,9741.71,4766.54,56161.87,3606.35,1269.87,6231.13,15699.16,6982.64,12295.89,15797.83
Solomon Islands,SLB,2008,4435.25,6523.2,9563.57,4824.11,55552.59,3660.47,1289.68,6386.68,15583.48,6922.84,12205.15,15571.41
Solomon Islands,SLB,2009,4622.68,6667.69,9882.86,4953.39,58112.24,3732.21,1334.05,6560.38,16379.27,7178.74,12153.05,16188.38
Solomon Islands,SLB,2010,4697.43,6816.51,9973.77,5055.62,59178.92,3801.01,1366.6,6730.35,16799.9,7283.84,12235.53,16466.33
Solomon Islands,SLB,2011,4892.86,6968.14,10305.23,5195.13,61871.93,3877.34,1411.04,6914.56,17721.97,7542.38,12288.71,17455.71
Solomon Islands,SLB,2012,5025.25,7117.27,10469.02,5305.03,63480.1,3949.6,1445.92,7097.02,18299.58,7699.45,12208.9,18248.85
Solomon Islands,SLB,2013,5147.52,7273.75,10654.21,5428.28,65011.38,4027.89,1482.13,7288.96,18930.01,7854.61,12326.15,19095.39
Solomon Islands,SLB,2014,5278.04,7429.05,10861.19,5547.63,66790.44,4108.06,1520.62,7485.83,19581.42,8017.11,12319.18,20078.73
Solomon Islands,SLB,2015,5373.29,7586.25,11022.34,5674.22,68110.74,4189.11,1557.11,7680.13,20155.2,8157.56,12550.36,21018.07
Solomon Islands,SLB,2016,5450.23,7744.33,11118.81,5786.82,68672.03,4266.22,1598.3,7884.21,20321.35,8241.52,12490.5,22002.32
Solomon Islands,SLB,2017,5497.89,7903.91,11342.14,5903.15,70715.56,4340.7,1640.51,8088.27,21885.72,8306.3,12398.43,21508.15
Solomon Islands,SLB,2018,5519.37,8078.81,11562.42,6026.82,73237.85,4421.21,1682.9,8299.42,23964.93,8339.79,12416.55,21376.16
Solomon Islands,SLB,2019,5623.14,8260.12,11721.07,6149.02,74736.33,4503.65,1723.74,8516.72,24223.56,8473.66,12473.4,22273.82
Somalia,SOM,1990,59901.45,99025.22,103475.73,50002.96,268848.08,38504.89,11092.48,47784.38,134241.09,110939.93,319474.81,72546.1
Somalia,SOM,1991,60601.9,100511.92,102214.88,50277.44,270329.74,39034.6,11119.37,48495.56,134202.74,111562.97,312234.01,73391.3
Somalia,SOM,1992,62813.48,105216.06,103711.05,52357.52,277070.71,40850.97,11567.18,50315.9,137476.03,115768.67,318145.11,76156.28
Somalia,SOM,1993,64715.46,109782.18,105530.25,54530.76,282849.48,42618.72,12021.07,52111.95,140781.52,119773.31,327377.93,78915.8
Somalia,SOM,1994,66939.39,114241.51,107637.65,56651.17,289904.09,44276.66,12491.39,53911.15,144468.19,124102.01,334845.18,81905.62
Somalia,SOM,1995,69599.61,118949.04,110120.54,58886.33,298124.08,45999.06,13029.99,55794.4,149104.5,129097.94,342742.43,85276.52
Somalia,SOM,1996,72461.1,123732.15,112626.75,61113.8,305844.84,47694.72,13597.89,57708.26,154260.22,134389.46,351447.38,88759.15
Somalia,SOM,1997,75605.28,129132.88,115350.54,63512.3,314077.39,49601.87,14268.83,59858.78,160077.29,140208.92,362128.19,92496.5
Somalia,SOM,1998,78947.97,135118,117686,65972.37,321783.54,51659,15021.82,62174.39,165906.93,146276.47,371960.8,96310.36
Somalia,SOM,1999,81595.32,140949.44,119304.25,68369.68,326795.77,53725.56,15731.93,64519.67,170692.67,151289.11,381216.53,99497.76
Somalia,SOM,2000,83876.12,146688.1,120494.53,70734.91,331881.89,55828.53,16413.14,66922.69,174553.19,155740.73,389848.97,102398.6
Somalia,SOM,2001,86007.07,152783.34,121882.92,73250.84,337567.56,58025.07,17105.52,69592.41,178131.74,160038.12,400425.84,105118.83
Somalia,SOM,2002,89180.17,159185.33,124731.79,76207.34,348001.77,60337,17843.23,72527.97,184240.59,166092.68,414867.7,109063.81
Somalia,SOM,2003,92316.85,165373.82,127737.44,79071.42,359149.41,62616.01,18558.97,75574.41,190537.61,171924.1,428745.88,113078.59
Somalia,SOM,2004,95087.84,171455.95,130624.54,81861.65,370515.73,64876.36,19212.32,78558.51,196190.53,177098.73,441835.12,116887.84
Somalia,SOM,2005,97098.16,177594.67,133102.59,84506.2,380842.93,67253.13,19836.04,81458.11,201004.7,180965.61,453599.55,120320.13
Somalia,SOM,2006,98166.08,183725.4,135463.59,87127.34,388813.71,69703.14,20444.09,84474.86,204432.44,183515.37,465870.94,123498.19
Somalia,SOM,2007,101792.95,189375.06,141417.87,90686.11,406193.57,72328.9,21106.4,87492.38,215016,191212.15,498710.47,129895.76
Somalia,SOM,2008,105139.41,194718.3,147987.26,94336.12,423422.35,74977.06,21674.85,90544.44,226240.82,198706.91,535074.46,136501.55
Somalia,SOM,2009,107467.87,199581.38,152087.03,97150.06,436887.18,77185.41,22126.47,93295.92,233924.68,203330.18,556989.32,141951.89
Somalia,SOM,2010,109349.27,204015.2,155897.57,99727.59,448293,79116.08,22485.45,95796.08,240530.72,207058.29,574998.09,146180.49
Somalia,SOM,2011,110956.92,209972.11,158924.28,102616.85,459510.13,81428.75,23011.4,98678.29,245911.22,209996.05,588064.63,150017.6
Somalia,SOM,2012,112901.86,217754.5,162551.67,106120.66,471714.51,84276.98,23719.67,102187.25,251733.11,213579.33,601730.3,154116.11
Somalia,SOM,2013,115506.12,225986.17,166521.35,110154.91,484053.21,87387.14,24550.78,105956.17,258560.82,218612.06,615562.67,158792.32
Somalia,SOM,2014,118679.64,234672.75,170487.3,114299.42,499068.15,90622.92,25391.66,109876.99,265470.81,224049.49,627498.72,163553.31
Somalia,SOM,2015,122212.23,244390.04,174168.73,118709.73,514708.97,94144.45,26418.44,114105.48,272024.54,229944.7,635258.72,168457.19
Somalia,SOM,2016,126640.72,254594.55,179540.01,124687.18,531859.11,97984.72,27528.63,118649.51,281067.83,238180.28,654751.95,174368.34
Somalia,SOM,2017,130682.06,264716.61,182928.75,129991.89,547697.91,101533.68,28653.67,123307.49,287321.4,244628.56,658906.1,179091.37
Somalia,SOM,2018,135422.55,274867.64,188975.66,135323.62,566958.82,105390.81,29915.17,127968.69,297777.66,253683.95,681331.62,185622.61
Somalia,SOM,2019,139559.97,285593.99,194652.91,140225.51,582977.32,109261.43,31313.98,132674.18,307111.93,261591.61,701785.11,191377.37
South Africa,ZAF,1990,180253.57,550858.01,479227.04,388736.85,1160319.48,172769.01,273112.6,379424.82,837487.29,394534.49,886665.46,456297.23
South Africa,ZAF,1991,184466.62,561736.18,489774.02,398524.26,1198039.27,176867.02,288898.59,391035.97,869413.33,404579.54,893370.68,475434.84
South Africa,ZAF,1992,195579.55,573059.66,516240.38,412108.85,1304770.01,181323.05,305831.78,404230.13,941774.71,427351.25,908432.47,518505.88
South Africa,ZAF,1993,189848.24,584901.97,509265.68,417672.68,1270155.52,185300.8,316448.35,414297.54,923087.5,418671.58,909250.66,514605.51
South Africa,ZAF,1994,199069.33,597723.75,535880.22,430204.51,1374789.61,189844,329616.29,427092.9,991657.98,436351.87,922807.24,557957.42
South Africa,ZAF,1995,203213.54,611729.49,549490.43,439728.9,1410547.45,194097.87,339407.04,438673.81,1014669.21,444392.57,930503.48,575455.19
South Africa,ZAF,1996,207110.37,626868.44,582448.93,451883.77,1525250.8,198650.26,346504.46,450512.56,1076993.8,451168.83,938980.4,625244.23
South Africa,ZAF,1997,229260.42,642630.75,645039.39,474055.18,1781062.83,203804.09,358359.54,465310.91,1236706.64,489496.8,971051.14,732450.58
South Africa,ZAF,1998,239616.71,658446.27,681752.83,491657.48,1867807.59,208388.21,364154.11,477931.42,1279516.68,510304.28,997372.47,774298.37
South Africa,ZAF,1999,240156.59,674082.3,682298.31,505470.5,1858433.46,212650.14,366605.65,490176.43,1269265.41,517266.4,1017799.45,782715.9
South Africa,ZAF,2000,257690.96,688483.75,717758.96,524814.81,1969568.58,217135.01,371762.74,503996.18,1327897.31,555865.12,1050336.29,838514.47
South Africa,ZAF,2001,258458.5,701331.19,714702.65,532950.71,1943248.98,220356.43,372125.96,513835.62,1308356.11,564822.08,1068601.29,846773.14
South Africa,ZAF,2002,263909.25,712500.28,719526.89,541253.57,1975000.52,223518.63,372953.17,523773.35,1323117.4,584469.39,1091812.84,877093.86
South Africa,ZAF,2003,271186.07,722434.01,721714.67,547601.99,2012651.8,226241.93,372712.49,533388.31,1346704.61,607312.57,1115233.54,912934.27
South Africa,ZAF,2004,272696.18,731936.5,707582.83,549716.47,1991195.34,228380.79,370045.01,541572.43,1346185.98,616607.02,1133700.14,930541.69
South Africa,ZAF,2005,270604.39,741814.59,696617.77,551310.37,1980589.31,230265.14,366616.55,550021.51,1343644.67,617493.71,1148848.9,954068.43
South Africa,ZAF,2006,271564.72,752413.21,695931.08,555085.5,2019187,232118.25,362600.47,560518.34,1373980.67,621899.83,1155727.84,998722.34
South Africa,ZAF,2007,258373.34,763669.55,668572.05,553260.79,1983139.72,233166.36,354804.82,571238.25,1355418.88,599763.67,1152761.84,1010951.14
South Africa,ZAF,2008,250885.03,775273.8,651811.06,553860.55,1979242.1,234216.29,346690.14,584267.22,1370308.41,587289.04,1153263.7,1041646.88
South Africa,ZAF,2009,242037.34,787523.82,640091.29,554817.48,1982649.97,235389.43,338019.89,597784.7,1385211.79,573920.15,1145844.08,1075953.71
South Africa,ZAF,2010,228520.49,799772.86,630264.33,556293.58,1977428.93,236399.15,329117.9,610796.81,1397058,552867.44,1139125.98,1105603.06
South Africa,ZAF,2011,209696.96,813108.48,608459.87,556936.56,1930401.75,237035.48,317700.95,623561.08,1382074.57,520704.79,1143886.99,1113240.27
South Africa,ZAF,2012,199603.62,827480.39,596730.38,560901.57,1902023.16,238568.21,304767.39,638310.28,1389490.24,504654.51,1161207.86,1130626.33
South Africa,ZAF,2013,192973.18,842690.86,594640.26,566632.5,1898453.99,240290.14,291966.42,653932.33,1408619.66,494645.95,1179051.44,1159766.32
South Africa,ZAF,2014,191592.53,857680.94,607132.24,575568.48,1946257.51,242540.05,282109.65,670131.71,1455555.06,494839.27,1202243.84,1212995.04
South Africa,ZAF,2015,187324.92,872342.11,615903.95,583190.21,1981321.44,244699.39,277050.01,684791.41,1482347.39,489931.28,1212448.08,1253795.64
South Africa,ZAF,2016,181836.56,890623.42,619376.33,587127.2,1976837.82,246664.28,274446.21,697939.16,1471930.89,480685.85,1211698.51,1267324.64
South Africa,ZAF,2017,184930.76,907886.87,628599.61,594327.63,1975119.25,249080.78,274482.45,711893.21,1478637.76,486876.95,1213748.99,1268444.65
South Africa,ZAF,2018,187871.97,918624.11,620137.06,604125.59,1891663.43,251327.67,277389.78,727649.7,1457461.65,492363.24,1217819.25,1226875.61
South Africa,ZAF,2019,192238.02,926176.48,623481.14,616963.52,1878922.66,253824.4,281739.84,743169.93,1467214.84,501159.28,1219341.16,1225571.36
South Asia (WB),NA,1990,8344358.76,16125795.28,21480699.66,11112946.49,46057234.1,5944603.79,2954294.88,13764203.82,18452537.21,18154575.33,34368576.03,9962350.61
South Asia (WB),NA,1991,8412754.19,16725410.4,21828200.34,11346945.29,47001848.09,6096639.81,3025134.54,14185001.34,18781510.78,18362240.84,34421301.27,10361095.2
South Asia (WB),NA,1992,8500204.1,17320678.07,22183205.32,11565702.98,48068424.42,6244086.2,3093935.52,14593505.55,19197097.3,18594908.72,34584024.84,10780479.76
South Asia (WB),NA,1993,8698388.27,17878277.34,22389026.62,11786618.98,48710953.04,6385334.6,3174926.08,14989476.29,19619391.15,18875545.2,34798935.36,11107057.67
South Asia (WB),NA,1994,8940657.01,18383748.8,22607254.94,11996955.46,49631829.45,6512005.48,3267121.95,15376156.19,20129531.8,19174069.22,35028704.91,11474851.15
South Asia (WB),NA,1995,9099885.3,18829336.89,22754886.52,12211991.79,50287163.9,6632624.03,3345606.33,15755910.13,20501386.45,19346656.97,35227083.53,11789038.1
South Asia (WB),NA,1996,9355683.95,19201031.39,23331168.77,12423998.03,52051800.91,6738986.71,3442487.44,16030866.75,21186593.51,19683607.09,35384252.11,12306271.11
South Asia (WB),NA,1997,9772352.63,19516007.19,24469905.56,12700673.91,55157455.48,6840397.39,3575849.11,16146185.42,22241648.23,20387991.39,35680568.66,13095882
South Asia (WB),NA,1998,9956861.28,19809508.17,24857210.7,12919382.74,56098198.5,6924418.83,3680054.93,16187139.64,22686081.37,20614973.65,35746950.9,13597948.46
South Asia (WB),NA,1999,10148844.28,20128087.3,24752423.34,13120819.55,56227708.97,7011789.59,3792763.96,16282197.52,22959582.35,20815724.35,35794126.77,13971612.91
South Asia (WB),NA,2000,10387878.62,20524855,25098461.53,13348167.08,57167355.09,7115044.41,3886400.64,16576611.91,23470412.64,21044698.6,35926016.65,14528031.11
South Asia (WB),NA,2001,10590614.08,21024134.85,25614890.61,13568862.49,58313322.07,7239043.08,3976854.69,17052193.01,23908296.82,21194823.48,36093494.56,15063531.44
South Asia (WB),NA,2002,10742558.73,21594423.57,25972888.99,13742801.07,59232665.18,7373663.97,4074878.59,17575077.84,24249060.41,21199172.91,36247297.04,15560983.78
South Asia (WB),NA,2003,10812350.27,22194655.09,26018771.15,13923551,59303268.85,7513187.05,4165229.59,18127845.05,24384053.93,21067434.65,36535473.72,15995427.9
South Asia (WB),NA,2004,10884109.54,22795893.73,25552401.82,14197417.58,58492532.96,7665783.25,4264453.45,18707460.66,24479572.85,20944205.48,36927378.28,16307299.53
South Asia (WB),NA,2005,11264015.2,23355565.2,26309371.18,14584547.86,60529930.11,7826386.52,4398201.59,19313643.43,25404882.92,21390898.35,37317189.37,17093119.53
South Asia (WB),NA,2006,11485262.93,23721192.17,27303602.68,14876837,63324013.47,7926431.49,4463586.23,19934930.84,26208182.77,21680931.26,37481615.51,17770624.58
South Asia (WB),NA,2007,11721532.06,23871771.05,28196848.16,15168525.61,65908430.98,8030052.69,4501699.89,20573294.89,27019396.09,21986093.66,37628822.98,18414428.8
South Asia (WB),NA,2008,11984299.75,23931162.2,29110663.62,15515307.54,68334994.2,8136346.35,4524723.81,21233764.03,27935532.68,22368184.35,37984645.43,19043888.62
South Asia (WB),NA,2009,11898408.93,24051475.73,29015048.47,15779207.99,69125014.57,8222254.02,4516718.07,21892522.72,28437772.57,22204077.92,38098154.93,19287224.36
South Asia (WB),NA,2010,12060783.91,24394968.56,29431071.57,16083508.49,71130765.32,8326488.21,4549630.09,22582068.85,29382877.25,22438915.36,38271789.69,19811020.57
South Asia (WB),NA,2011,12260184.01,24925022.13,30204866.79,16398365.45,73449064.27,8454531.79,4600703.51,23291218.84,30268902.19,22690852.53,38452814.08,20644342.56
South Asia (WB),NA,2012,12208018.8,25487396.89,30755411.65,16701835.91,75346978.69,8591423.66,4604904.79,23993354.98,30992703.49,22473925.12,38660117.78,21551853.8
South Asia (WB),NA,2013,12091881.95,26063892.62,31440068.97,17082661.93,76482348.32,8781628.09,4642520.22,24715474.79,31992474.52,22407323.01,39077844.1,22366600.26
South Asia (WB),NA,2014,11787968.86,26636358.92,31873976.19,17399758.35,76769037.82,8940264.61,4659721.47,25441151.9,32685939.9,22016691.53,39074345.39,23016762.59
South Asia (WB),NA,2015,11944630.89,27187415.66,32611976.77,17741782.09,78885092.13,9079472.43,4751386.19,26190528.19,34087580.7,22302232.41,39154639.97,23873076.48
South Asia (WB),NA,2016,12100333.08,27732564.21,33087737.07,18115330.37,80791355.78,9065134.01,4915073.87,26948517.39,35206961.86,22574725.82,38773034.44,24541205.14
South Asia (WB),NA,2017,12343830.22,28270991.75,33639633.19,18543055.81,82477097.13,9051084.18,5075202.56,27707873.19,36116947.29,23051929.7,38656430.53,25114696.87
South Asia (WB),NA,2018,12555451.45,28749060.62,34481324.73,19133445.52,84541168.91,9151714.42,5161750.72,28472547.1,37358546.53,23438063.27,38506505.84,26101817.23
South Asia (WB),NA,2019,12713249.38,29166035.28,35185838.58,19745644.49,86297583.59,9260043.85,5168330.9,29223695.2,38535060.2,23725672.58,38139388.36,27241470.3
South Korea,KOR,1990,556869.47,600087.5,323117.32,423218.86,2111130.22,255588.16,239100.68,855635.73,1493726.9,778657.4,666595.15,347964.43
South Korea,KOR,1991,548586.43,606668.4,328483.19,430661.93,2049574.3,255386.5,245988.41,879584.38,1536073.52,766962.1,653099.2,361400.93
South Korea,KOR,1992,537627.31,611850.93,330655.99,435994.03,1947789.76,254842.18,251601.27,903610.37,1560019.24,751952,641455.63,372921.76
South Korea,KOR,1993,530165.24,615718.49,335809.61,441073.95,1867591.65,254359.87,257022.36,926328.77,1589682.54,742022.42,628225.42,388315.8
South Korea,KOR,1994,527781.09,619413.39,343984.41,446511.79,1818889.6,254124.41,262610.15,948824.66,1635703.18,739233.82,615969.91,408090.16
South Korea,KOR,1995,518840.55,623708.18,346522.7,450702.69,1734710.36,254143.96,265489.21,971430.03,1647586.03,728456.45,601747.95,421736.58
South Korea,KOR,1996,506795.17,629785.13,349856.56,455942.8,1671569.52,255011.75,266565.83,994910.99,1673086.98,714323.16,590408.09,438548.93
South Korea,KOR,1997,490065.13,638134.04,353533.45,460365.31,1626091.05,256488.13,264799.05,1020549.71,1702898.83,695452.12,579021.98,457766.5
South Korea,KOR,1998,473166.43,647724.45,358366.65,464648.82,1594310.48,258422.13,262157.41,1046378.72,1737979.37,676956.08,568426.14,479864.91
South Korea,KOR,1999,452804.52,656662.94,362706.32,469011.75,1566567.1,260009.54,258099.49,1073018.21,1776720.79,653504.59,558910.1,502046.61
South Korea,KOR,2000,430294.15,663413.22,364586.49,476677.71,1535329.22,261008.06,253968.93,1099729.38,1807513.24,626227.83,557666.16,520725.6
South Korea,KOR,2001,405849.7,667180.88,363590.99,485950.94,1490873.24,261679.19,254266.71,1126769.7,1810064.76,595805.28,554504.49,532361.36
South Korea,KOR,2002,386276.41,669446.49,364860.61,497057.28,1467991.81,262090.63,259692.66,1156484.97,1826510.97,571147.84,546420.77,548898.4
South Korea,KOR,2003,369587.36,671553.77,363793.48,508434.71,1444224.35,262319.85,268369.43,1185939.23,1845701.84,550478.72,535910.86,563842.75
South Korea,KOR,2004,350478.4,674605.13,362333.13,518823.88,1408107.8,262710.78,275957.18,1215596.91,1858092.15,528604.27,525066.54,573251.71
South Korea,KOR,2005,330011.4,679965.81,359785.71,529570.17,1370678.19,263120.46,279410.71,1244860.37,1856276.23,506819.26,517631.95,577994.13
South Korea,KOR,2006,311851.97,688599.39,357166.72,539633.95,1329419.32,263823.41,278674.71,1274505.27,1865528.07,489210.66,516182.56,573364.44
South Korea,KOR,2007,299248.29,698875.38,356753.76,551110.12,1300053.95,265169.16,276674.42,1308033.24,1895676.91,478928.25,517207.66,575033.81
South Korea,KOR,2008,291266.22,710612.09,356039.16,561874.89,1269789.6,266884.97,274645.09,1342496.68,1927577.62,474180,519108.92,575947.35
South Korea,KOR,2009,286226.68,722832.08,356375.33,574677.57,1252208.55,268578.51,272934.95,1378305.1,1961096.72,473293.17,522064.31,579823.88
South Korea,KOR,2010,281081.67,734513.66,359423.05,589328.81,1244561.28,270154.19,272692.22,1414713.47,1989306.73,472798.4,526890.25,586095.98
South Korea,KOR,2011,274689.72,746166.17,362522.93,604807.23,1236300.75,271428.64,273743.55,1451582.56,1996080.59,470858.52,535713.32,592348.65
South Korea,KOR,2012,269209.88,758986.22,367766.2,621880.55,1237344.99,272958.58,275698.16,1491154.5,2006960.42,470354.71,550814.37,602554.27
South Korea,KOR,2013,264636.24,771712.59,369187.14,635774.57,1230544.1,274353.23,278378.68,1531558.42,2006732.04,469887.44,567876.13,608305.96
South Korea,KOR,2014,261037.09,783176.5,372673.56,650232.44,1224940.3,276071.66,281244.17,1571441.86,2008974.25,470514.23,583949.05,615227.36
South Korea,KOR,2015,257725.87,793455.08,378451.69,664941.82,1231009.8,277668.88,284268.89,1609562.03,2016781.78,471608.21,594631.93,624610.86
South Korea,KOR,2016,256705.29,791027.97,384210.88,679097.44,1236970.72,279528.7,288572.66,1629036.97,2037187.85,475462.12,601814.88,634353.4
South Korea,KOR,2017,264204.85,786759.89,397378.48,696835.38,1286076.43,281568.13,292072.11,1647383.23,2107749.11,490064.27,609687.46,657024.57
South Korea,KOR,2018,271135.86,791426.89,408299.78,712034.48,1340793.79,283665.35,280253.17,1675947.38,2179824.44,501450.11,613627.21,684867.1
South Korea,KOR,2019,279336.99,794605.85,421654.58,726908.02,1409203.41,285995.98,249910.58,1700681.01,2267782.05,512621.51,613458.72,720185.16
South Sudan,SSD,1990,39803.49,84552.5,65003.34,47654.69,172996.18,32293.21,10227.73,41062.1,108168.96,78907.25,287036.05,51376.41
South Sudan,SSD,1991,39847.01,86191.36,64520.69,48338.94,172833.7,32921.4,10402.78,41888.3,108061.47,79074.62,286140.05,51845.64
South Sudan,SSD,1992,40422.87,87902.16,64707.52,49323.5,173770.96,33623.81,10611.48,42718.43,109166.52,80333.29,287641.39,52856.52
South Sudan,SSD,1993,40695.41,89673.29,64596.63,50298.93,173751.7,34321.46,10811.76,43551.93,109593.69,81050,288096.82,53618.64
South Sudan,SSD,1994,41031.7,91460.03,64311.08,51194.68,173404.23,35017.31,11011.9,44372.97,109971.37,81799.82,288176.37,54323.63
South Sudan,SSD,1995,42661.24,93302,65475.08,52835.16,175901.19,35827.28,11278.16,45210.65,113466.2,85084.42,291814.99,56323.58
South Sudan,SSD,1996,42651.54,95214.7,64503.97,53673.91,173718.67,36535.14,11456.23,45940.04,112950.87,85088.07,291479.48,56633.8
South Sudan,SSD,1997,41265.96,97104.03,62404.21,54001.97,167598.66,37185.39,11597.22,46514.04,109302.02,82711.05,288854.68,55529.23
South Sudan,SSD,1998,41639.56,99035.88,61559.21,54959.77,165787.06,37936.72,11801.33,47098.68,109494.25,83319.25,288255.36,56147.43
South Sudan,SSD,1999,42102.56,101111.1,60396.34,55861.26,163039.06,38719.62,12017.3,47787.23,109202.04,84060.4,287013.07,56454.03
South Sudan,SSD,2000,42720.34,103311.12,59523.14,56890.9,161445.35,39549.01,12238.71,48649.9,109261.04,85184.45,287970.19,56964.16
South Sudan,SSD,2001,41940.71,105652.2,57943.54,57462.38,157350.48,40380.15,12388.34,49671.4,106550.85,83919.43,289241.08,56146.19
South Sudan,SSD,2002,42151.79,108130.83,57388.87,58320.55,156464.79,41294.76,12609.12,50871.83,106256.3,84367.48,293614.92,56398.77
South Sudan,SSD,2003,43862.04,110765.68,57692.28,59589.75,158921.21,42282.88,12889.78,52191.69,108940.46,87187.9,299155.25,57873.7
South Sudan,SSD,2004,45594.25,113528.84,58443.85,60956.09,162105.67,43379.14,13173.46,53579.03,112298.18,90276.63,307780.62,59472.25
South Sudan,SSD,2005,46706.62,116413.75,59618.32,62570.08,164672.48,44607.58,13431.1,55000.63,115732.98,92794.7,321502.68,61017.54
South Sudan,SSD,2006,48759.22,119433.47,61027.84,64542.99,168929.7,45895.21,13742.23,56470.25,120356.61,96672.45,333137.41,63219.23
South Sudan,SSD,2007,50207.65,122560.62,62102.36,66352.29,172187.43,47221.62,14039.52,58036.09,124072.37,99521.12,344180.94,64966.03
South Sudan,SSD,2008,51037.92,125855.04,62996.34,68088.5,174872.28,48587.76,14318.93,59706.78,126782.74,101354.62,354980.62,66426.56
South Sudan,SSD,2009,52023.9,129328.09,63649.04,69777.13,177554.76,49996.36,14635.46,61424.82,129331.29,103160.88,362175.37,68119.64
South Sudan,SSD,2010,52937.13,132912.99,64021.75,71275.11,180017.5,51327.01,14983.87,63154.96,131244.87,104551.6,364921.03,69379.82
South Sudan,SSD,2011,53828.04,136693.69,64691.43,72754.38,182560.59,52755.79,15326.98,64973.27,133489.01,106052.53,370479.54,70744.91
South Sudan,SSD,2012,54923.3,138998.29,65505.74,73713.07,185625.54,53636.58,15491.01,66302.93,136667.04,107845.98,373883.07,72360.16
South Sudan,SSD,2013,55661.4,139263.86,66164.12,73727.48,188117.67,53771.74,15371.19,66999.88,139273.74,109027.29,373891.47,73803.12
South Sudan,SSD,2014,55773.37,138298.72,66089.31,73051.98,189163.21,53328.34,15081.83,67192.17,140280.28,108976.85,366847.69,74759.96
South Sudan,SSD,2015,55010.67,133133.11,64906.64,70503.78,190057.99,51240.03,14263.43,65990.05,139297.08,106648.85,351423.89,74647.94
South Sudan,SSD,2016,54241.39,127856.49,63475.76,68257.46,189052.33,49029.8,13465.27,64594.99,137124.35,103856.75,328935.34,74056.02
South Sudan,SSD,2017,54728.79,129245.03,63311.34,68898.29,190346.31,49302.06,13526.19,65387.2,137260.03,103829.25,315648.26,74631.56
South Sudan,SSD,2018,56073.76,133777.19,64355.67,70532.82,195112.02,50817.41,14048.25,67372.94,140899.83,105997.54,316785.73,76868.85
South Sudan,SSD,2019,57050.91,137855.52,65323.51,71249.29,199275.16,52103.29,14621.43,69349.39,143777.59,107631.11,318598.04,78895.54
South-East Asia Region (WHO),NA,1990,10647449.28,18159968.73,24239563.64,12837024.77,54116158.81,7308813.74,3230574.67,17051323.94,22564915.46,21862630.81,37746604.75,12749758.63
South-East Asia Region (WHO),NA,1991,10742918.38,18783729.18,24619980.37,13105710.42,55188436.73,7474698.2,3309409.01,17572783.51,22999113.76,22082863.58,37590850.3,13205591.72
South-East Asia Region (WHO),NA,1992,10849201.06,19387270.49,24991682.59,13350475.23,56318767.4,7632087.36,3384574.15,18077107.54,23483887.36,22312176.35,37433344.72,13671285.7
South-East Asia Region (WHO),NA,1993,11071228.42,19958612.56,25204957.9,13600145.94,57038526.74,7784711.99,3473636.32,18571844.15,23995593.24,22599802.05,37387730.01,14057200.44
South-East Asia Region (WHO),NA,1994,11325003.99,20486765.84,25424475.07,13840592.55,58002902.4,7925056.37,3575076.37,19060379.72,24572303.1,22893496.09,37436467.65,14481873.15
South-East Asia Region (WHO),NA,1995,11491256.38,20951898.87,25561087.82,14082562.1,58673389.51,8057540.18,3662527.44,19540235.15,25002942.92,23055322.44,37507642.15,14845622.9
South-East Asia Region (WHO),NA,1996,11763926.14,21338919.09,26143357.92,14318971.68,60553105.79,8173682.85,3769870.21,19916573.22,25815855.48,23392610.01,37560645.97,15430942.99
South-East Asia Region (WHO),NA,1997,12156030.22,21664572.83,27246193.87,14608769.44,63619771.19,8281811.03,3907910.93,20130229.06,26805797.1,24044336.84,37712181.2,16219193.95
South-East Asia Region (WHO),NA,1998,12365826.92,21970554.37,27683119.99,14850201.69,64818911.08,8373416.91,4022080.73,20274336.59,27362480.7,24292120.9,37760673.52,16792569.98
South-East Asia Region (WHO),NA,1999,12600181.92,22304857.78,27630891.96,15077444.04,65288467.63,8467599.86,4147642.58,20473339.41,27790715.92,24532714.38,37735270.61,17270136.18
South-East Asia Region (WHO),NA,2000,12861756.41,22711911.12,27982489.14,15326982.84,66455936.65,8574618.16,4239646.12,20868877.11,28285345.59,24759272.85,37769109.28,17882445.57
South-East Asia Region (WHO),NA,2001,13072665.33,23213769.46,28469280.44,15567012.61,67726365.71,8698022.28,4318014.07,21444966.12,28630309.4,24886065.72,37831322,18376617.94
South-East Asia Region (WHO),NA,2002,13261541.47,23778522.74,28848973.37,15768588.57,68941797.08,8832443.21,4403140.17,22069747.94,29031711.12,24916091.71,37849742.56,18884317.19
South-East Asia Region (WHO),NA,2003,13356942.78,24376718.34,28917934.33,15968727.07,69241837.5,8972562.21,4476077.57,22725898.06,29199078.81,24789522.94,37863669.96,19281570.16
South-East Asia Region (WHO),NA,2004,13447407.47,24973748.31,28490406.44,16263833.15,68721089.21,9125146.96,4554508.84,23408518.31,29313251.79,24669936.43,38072222.88,19565788.07
South-East Asia Region (WHO),NA,2005,13838569.52,25524331.35,29271663.18,16673180.76,70991112.98,9284392.14,4669184.78,24115018.19,30270739.68,25111318.32,38343327.29,20315419.08
South-East Asia Region (WHO),NA,2006,14075035.23,25894543.62,30301968.19,17001733.22,74006721.94,9392892.67,4721700.02,24853020.78,31139580.68,25399144.64,38401974.16,21049413.51
South-East Asia Region (WHO),NA,2007,14302864.26,26053851.95,31224428.94,17338560.51,76830315.67,9508015.79,4746525.16,25619039.63,32034648.25,25681634.93,38485559.93,21750016.87
South-East Asia Region (WHO),NA,2008,14552115.8,26095887.07,32131973.1,17700658.64,79468240.27,9617110.94,4744739.32,26382259.29,32917593.36,26018632,38627053.18,22440895.1
South-East Asia Region (WHO),NA,2009,14457652.35,26173537.66,32035773.32,17968918.54,80464800.41,9694502.12,4705540,27120342.77,33419899.47,25817992.57,38558864.46,22747317.8
South-East Asia Region (WHO),NA,2010,14609396.84,26480687.68,32440881.67,18281474.29,82623252.65,9793439.62,4716894.76,27893857.49,34395730.64,26013642.2,38522741.72,23329805.79
South-East Asia Region (WHO),NA,2011,14818987.98,26984383.77,33227138,18613189.75,85094338,9920090.09,4760964.52,28672873.03,35349885.79,26250334.97,38549628.2,24276826.31
South-East Asia Region (WHO),NA,2012,14714921.6,27517476.4,33732041.52,18928664.15,87236793.35,10057812.75,4767271.18,29416456.87,36053090.28,25979433.37,38592666.48,25285025.98
South-East Asia Region (WHO),NA,2013,14552647.39,28065370.94,34374167.88,19313743.76,88540096.59,10246879.94,4807951.99,30165249.08,36972805.39,25853883.07,38792662.84,26229590.77
South-East Asia Region (WHO),NA,2014,14213510.23,28607873.21,34766566.2,19640851.81,89005097.74,10405722,4828163.12,30922533.34,37637251.47,25420386.29,38634166.97,27014475.65
South-East Asia Region (WHO),NA,2015,14323583.52,29126985.79,35520156.92,19996637.03,91379969.33,10544251.9,4915700.87,31724198.12,39052069.33,25644610.55,38621175.89,28008628.7
South-East Asia Region (WHO),NA,2016,14486399.02,29629971.56,35993836.95,20380573.61,93416191.27,10523023.17,5065408.53,32550372.16,40244767.5,25902393.16,38079321.91,28801774.13
South-East Asia Region (WHO),NA,2017,14748402.11,30117984.8,36541741.04,20819163.32,95250403.66,10501424.51,5211983.75,33376428.39,41227835.18,26387686.07,37884569.97,29481423.65
South-East Asia Region (WHO),NA,2018,14984735.76,30540574.83,37409339.54,21429459.02,97519270.44,10594358.72,5305360.35,34220242.66,42582523.95,26795975.94,37744518.29,30589957.17
South-East Asia Region (WHO),NA,2019,15136877.17,30894317.05,38163510.88,22051632.16,99442810.17,10694086.82,5343585.56,35063199.42,43851305.85,27073213.44,37265006.26,31822669.56
Spain,ESP,1990,300446.57,839560.23,536663.84,629792.5,2173980.38,274057.93,192539.58,895031.95,1953414.34,512755.11,709336.87,498088.27
Spain,ESP,1991,294998.63,839214.11,545655.46,641969.47,2158349.4,274167.91,209095.74,888710.85,1990100.57,509549.02,704867.97,509603.42
Spain,ESP,1992,284345.7,839346.56,547366.83,652640.05,2109860.87,274329.09,222297.95,882833.8,2000325.12,498969.53,701226.69,515802.01
Spain,ESP,1993,275131.57,839619.65,554348.99,664877.75,2090959.16,274754.39,232679.51,880115.92,2016425.68,491197.27,695499.51,525348.75
Spain,ESP,1994,267579.08,840958.46,559190.47,677146.19,2071861.83,275225.11,241509.2,881798.39,2033178.61,485970.02,689743.36,535087.32
Spain,ESP,1995,261606.35,843371,571010.07,690151.18,2074372.2,276272.23,247488.36,888839.13,2059972.12,483410.73,687537.32,546046.39
Spain,ESP,1996,256542.8,845002.96,581316.15,704859.16,2084266.69,277460.15,251919.55,900790.34,2074135.75,481845.22,693483.06,558100.36
Spain,ESP,1997,247290.76,845024.09,581744.16,719409.07,2063619.4,279292.12,257508.66,913503.6,2062432.82,473332.3,699386.79,567632.25
Spain,ESP,1998,242673.72,845291.21,593169.3,737625.87,2088072.14,281786.93,261810.98,927545.79,2082434.18,472342.82,707661.53,583310.43
Spain,ESP,1999,239808.52,847395.3,603680.33,755600.74,2119241.97,284304.41,266061.98,941139.62,2111189.73,472409.22,717884.92,597212.42
Spain,ESP,2000,232984.25,854473.46,592099.54,770457.53,2070777.26,287355.17,269767.49,957138.52,2092164.06,466012.53,728745.07,602221.15
Spain,ESP,2001,231324.67,868345.92,591000.84,789059.88,2051468.54,290925.99,274745.72,971411.96,2096947.89,468106.26,737760.83,610111.17
Spain,ESP,2002,230510.01,887960.45,601931.19,809732.58,2050487.19,294968.29,280860.27,981468.12,2112805.22,473281.67,750644.05,617668.28
Spain,ESP,2003,232228.61,911271.17,611862.57,831349.28,2060781.39,299417.17,287336.39,990784.1,2147282.88,481454.08,763193.28,626553.2
Spain,ESP,2004,227877.61,935459.69,609156.92,847696.94,2017839.34,304066.9,292196.86,1001569.3,2155738.77,478874.13,771189.77,628894.55
Spain,ESP,2005,226150.3,958646.45,615185.64,865205.29,1999511.25,308714.68,294810.98,1018158.71,2181727.89,479716.94,779782.18,636896.61
Spain,ESP,2006,221218.2,986479.24,607958,880922.12,1951514.46,313141.21,288166.64,1040439.02,2202355.36,475227.21,783481.05,643214.47
Spain,ESP,2007,218964.76,1022162.5,615365.19,900476.31,1928186.75,317700.55,271847.5,1064662.41,2253333.64,475235.03,783971.91,654827.17
Spain,ESP,2008,213497.74,1060617.59,617558.85,917944.03,1892914.09,322084.79,251908.52,1089444.65,2294634.38,470859.83,781558.3,664041.66
Spain,ESP,2009,206426.28,1093397.4,616950.81,931201.43,1841084.29,325599.27,232384.07,1111516.24,2319177.4,462973.36,777051.97,669747.26
Spain,ESP,2010,199327.17,1113846.52,614633.01,942508.32,1796171.51,328119.77,221210.27,1127182.6,2335434.02,454805.26,776861.99,672483.98
Spain,ESP,2011,194286.26,1123142.94,620264.51,953801.05,1784760.18,329686.76,216969.61,1142025.97,2371105.4,452110.79,784208.3,674357.01
Spain,ESP,2012,189104.9,1128184.41,627090.9,959156.84,1775125.64,330236.53,213836.88,1158362.18,2392659.04,448597.52,793831.56,668474.38
Spain,ESP,2013,182996.69,1129183.63,623193.62,957983.08,1742759.53,329776.78,210505.89,1174272.69,2387458.63,441606.79,802503.45,655320.41
Spain,ESP,2014,179665.44,1128679.57,630173.6,959860.29,1742459.36,329288.91,207553.15,1186600.9,2397443.62,440283.56,814662.24,649579.39
Spain,ESP,2015,180707.25,1127461.37,646409.35,965454.2,1776174.71,328699.8,204683.73,1193130.61,2432922.58,446124.27,819528.74,654431.58
Spain,ESP,2016,176877.59,1126998.92,646076.11,969585.06,1765894.93,328259.52,199855.79,1189901.04,2427984.65,442371.24,818705.1,664565.31
Spain,ESP,2017,179165.12,1126959.41,651499.64,973092.3,1785091.11,327772.54,195652.08,1188296.23,2444939.85,445992.05,815626.62,683878.17
Spain,ESP,2018,179815.86,1118764.8,661860.65,972930.22,1812040.38,326917.31,200194.86,1199692.42,2452572.36,449786.67,814412.89,701006.36
Spain,ESP,2019,180815.07,1103017.18,677880.68,966382.13,1834338.34,325990.39,210829.16,1220568.62,2470617,453572.42,811652.98,718545.88
Sri Lanka,LKA,1990,140131.57,248618.66,257720.94,187869.24,748302.46,100852.21,54032.23,241344.03,259337.4,183137.51,321201.12,192730.15
Sri Lanka,LKA,1991,139391.83,252565.25,249613.96,189058.31,712016.66,100156.97,54515.92,246459.27,252401.99,180869.07,310475.43,190694.77
Sri Lanka,LKA,1992,144108.26,256326.36,253240.17,191819.67,718733.55,99656.53,56158.18,251708.39,256877.76,185338.71,312485.58,197493.83
Sri Lanka,LKA,1993,147446.08,259933.83,253242.2,193884.59,718778.76,99419.69,57948.9,257335.33,260717.26,187970.31,296094.24,203874.95
Sri Lanka,LKA,1994,159098.86,263481.7,264056.63,198681.78,758047.47,99524.75,61296.21,263191.65,277325.79,200379.24,304486.66,217882.44
Sri Lanka,LKA,1995,171480.1,266603.8,276025.28,203383.98,804672.72,100125.08,64635.03,269036.64,291869.46,213429.11,304383.73,232465.73
Sri Lanka,LKA,1996,185501.5,269068.38,281463.52,207966.09,836124.95,100894.15,69226.33,274766,312182.47,228434.83,317743.51,248066.87
Sri Lanka,LKA,1997,202704.97,270359.38,288110.88,212391.58,894972.64,101563.15,77668.78,280467.51,340448.36,246547.12,320046.46,271044.06
Sri Lanka,LKA,1998,202944.69,271006.09,278389.21,213731.56,875257.82,102259.38,80598.7,286226.91,341371.72,245782.08,302194.21,278520.59
Sri Lanka,LKA,1999,209466.75,271558.67,280355.19,216915.91,897861.58,102922.7,83427.13,292301.75,352734.93,252356.45,299155.88,296641.91
Sri Lanka,LKA,2000,216979.13,272482.18,283205.93,220746.48,913840.52,103618.36,85532.83,298264.35,361664.55,260439.48,303366.17,316401.3
Sri Lanka,LKA,2001,211214.55,273793.89,276606.87,222793.53,879986.57,104920.58,83506.4,304212.59,353736.99,254359.69,302091.66,324325.89
Sri Lanka,LKA,2002,203862.21,275388.52,276866.68,225544.79,866858.98,107192.55,81440.45,310560.99,352061.18,246882.08,297864.86,340506.49
Sri Lanka,LKA,2003,200645.51,277390.3,288108,229696.09,887660.36,109781.43,80027.13,316980.91,359682.25,244310.23,302265.62,367564.52
Sri Lanka,LKA,2004,189674.75,278745.21,292975.65,232712.78,882429.59,112049.96,77074.4,323041.34,367397.81,233433.49,305756.97,389374.22
Sri Lanka,LKA,2005,180180.15,280076.79,301302.92,237695.54,901642.22,113585.79,74200.69,329105.64,380634.71,225064.25,349820.29,416815.41
Sri Lanka,LKA,2006,163526.85,281766.35,302959.19,239829.02,901927.65,114625.19,70597.68,335613.86,382104.58,208157.29,311699.53,438511.28
Sri Lanka,LKA,2007,154639.68,283306.2,303077.87,241974.63,902550.23,115611.28,68444.39,341986.21,387467.73,199205.38,299543.2,462373.47
Sri Lanka,LKA,2008,147412.62,285040.01,307540.49,245215.33,928196.22,116705.28,66293.31,348611.25,398669.96,192592.89,301863.36,485958.85
Sri Lanka,LKA,2009,133789.19,286765.31,305187.78,247517.34,925253.34,117790.81,62523.54,355082.63,405072.33,179012.11,305133.53,503374.25
Sri Lanka,LKA,2010,127219.34,289220.1,305286.3,249909.38,929585.56,118879.75,60630.47,361793.24,411431.71,172655.95,303373.81,519410.88
Sri Lanka,LKA,2011,128447.95,292141.42,312834.98,253960.75,955849.33,119926.8,60213.35,368781.94,426753.65,174357.22,303865,544724.6
Sri Lanka,LKA,2012,125660.68,295558.42,315887.52,257256.82,959136.22,120899.86,58773.56,376071.9,435119.45,171691.95,303940.88,563175.31
Sri Lanka,LKA,2013,121096.82,299209.27,314905.92,260576.16,942379.69,121906.69,56799.13,383581.37,440702.41,167059.04,306252.87,578424.04
Sri Lanka,LKA,2014,122283.13,302739.25,318560.45,264826.91,964295.08,122880.9,57186.38,391196.1,449973.82,168636.14,307839.97,593747.13
Sri Lanka,LKA,2015,123257.13,306097.6,316779.36,269027.21,966581.48,123818.4,57975.55,398687.49,454673.65,169903.83,303627.23,602273.23
Sri Lanka,LKA,2016,125109.46,309186.57,319800.23,274211.76,978023.37,124765.75,59321.65,405928.17,463927.65,172484.21,300499.29,618241.33
Sri Lanka,LKA,2017,127576.04,312364.97,322145.9,279006.04,991526.44,125673.89,60613.7,413110.78,471190.18,175814.31,297812.96,629450.02
Sri Lanka,LKA,2018,128361.49,315366.13,321184.89,283604.6,993853.28,126599.72,61617.7,422796.23,475745.99,176979.33,296510.18,639448.03
Sri Lanka,LKA,2019,129944.34,318634.39,327288.7,288592.28,1016231.73,127460.18,62339.8,435231.75,485029.08,179188.91,295025.06,659448.85
Sub-Saharan Africa (WB),NA,1990,4261886.12,7023332.95,5396943.04,4739705.36,17613961.33,2695703.65,1036758.41,4115694.36,8881064.71,8342318.78,25479672.41,5178321.12
Sub-Saharan Africa (WB),NA,1991,4348937.26,7222775.22,5480293.45,4864558.29,17970156.84,2777447.57,1074195.34,4238620.47,9082963.85,8510690.06,25800235.75,5315101.04
Sub-Saharan Africa (WB),NA,1992,4448935.77,7422031.38,5579505.26,5000353.3,18432083.8,2858389.68,1112088.53,4362502.77,9337141.35,8706148.25,26188558.41,5489156.2
Sub-Saharan Africa (WB),NA,1993,4515280.68,7628090.01,5633672.5,5128191.93,18715875.43,2939619.64,1143346.23,4484769.85,9463977.47,8842169.53,26497155.65,5602107.41
Sub-Saharan Africa (WB),NA,1994,4597754.07,7854425.46,5728628.32,5269507.22,19133099.03,3027219.4,1180015.61,4617237.66,9680595.14,9006955.73,26784439.66,5766428.56
Sub-Saharan Africa (WB),NA,1995,4674772.25,8094998.36,5809342.61,5407286.54,19503180.81,3116201.71,1215803.26,4752651.22,9855541.01,9157569.89,27042763.43,5906704.17
Sub-Saharan Africa (WB),NA,1996,4749195.46,8357155.82,5902535.39,5557895.37,19983020.01,3205390.73,1250738.88,4893359.14,10052980.07,9304474.62,27273678,6078873.12
Sub-Saharan Africa (WB),NA,1997,4843014.73,8636915.7,6009842.35,5727281.81,20523908.06,3294626.91,1290088.75,5037348.44,10356697.24,9483944.66,27581739.08,6306016.53
Sub-Saharan Africa (WB),NA,1998,4947672.28,8920341.4,6105779.9,5903627.72,20961516.45,3382455.91,1323999.44,5179236.27,10602248.41,9688120.56,27934109.45,6494609.32
Sub-Saharan Africa (WB),NA,1999,5038901.23,9202917.54,6158146.99,6074823.41,21228420.22,3470950.6,1353823.1,5323922.29,10768883.05,9873739.76,28286433.03,6631477.51
Sub-Saharan Africa (WB),NA,2000,5132166.33,9474168.52,6248697.57,6252598.04,21569630.49,3561705.35,1385873.63,5474617.29,10980435.01,10054834.08,28697159.18,6814816.13
Sub-Saharan Africa (WB),NA,2001,5215027.32,9738177.99,6309208.89,6417514.04,21718490.32,3653272.29,1414134.72,5631477.39,11118596.82,10196114.87,29164201.22,6960989.32
Sub-Saharan Africa (WB),NA,2002,5315486.5,10004103.82,6402109.57,6599015.76,21998351.99,3749232.47,1444408.08,5798345.69,11365328.65,10395833.74,29864978.1,7159067.46
Sub-Saharan Africa (WB),NA,2003,5431744.12,10274499.14,6500529.9,6772217.52,22271760.38,3846418.96,1475732.7,5973136.87,11646815.48,10604377.36,30429059.81,7374336.11
Sub-Saharan Africa (WB),NA,2004,5543145.21,10552361.19,6585553.37,6944923.31,22496351.5,3947557.3,1505301.53,6151071.14,11917162.13,10809971.75,31071942.42,7558893.78
Sub-Saharan Africa (WB),NA,2005,5646686.74,10840091.25,6663420.64,7124704.43,22676999.45,4054484.04,1533719.03,6332410.54,12177333.75,10999086.45,31778224.29,7726742.49
Sub-Saharan Africa (WB),NA,2006,5723367.84,11128564.77,6752870.44,7321901.27,22979061.39,4169702.15,1566152.09,6521622.44,12483087.66,11207978.72,32534671.35,7934415.96
Sub-Saharan Africa (WB),NA,2007,5782970.56,11412040.69,6798745.08,7500586.03,23210773.23,4287261.66,1601168.65,6720147.54,12728683.11,11370756.27,33015514.79,8108978.61
Sub-Saharan Africa (WB),NA,2008,5825550.73,11697307.04,6843477.57,7675589.65,23529494.46,4406616.1,1639302.38,6929081.85,12988791.34,11480894.75,33236152.64,8291602.29
Sub-Saharan Africa (WB),NA,2009,5906394.63,11987657.92,6912569.09,7868124.79,23934739.85,4530294.43,1679357.31,7146363.45,13322648.46,11651365.62,33534706.93,8523265.18
Sub-Saharan Africa (WB),NA,2010,5992592.66,12291131.59,6984502.04,8066015.59,24281044.03,4654040.34,1713989.43,7370225.7,13672605.41,11805867.08,33774986.69,8737870.58
Sub-Saharan Africa (WB),NA,2011,6042498.1,12605172.3,7064278.23,8273306.72,24707870.33,4781382.28,1746407.52,7605554.12,14043687.88,11972674.15,34115805.59,8954244.81
Sub-Saharan Africa (WB),NA,2012,6107014.81,12927085.7,7161815.16,8485410.92,25208842.05,4914693.31,1777657.03,7854749.33,14455733.34,12168861.11,34573219.13,9192232.56
Sub-Saharan Africa (WB),NA,2013,6180793.6,13260441.44,7271940.13,8706154.11,25680999.93,5052564.32,1811213.84,8115960.95,14899347.24,12378773.87,34975332.93,9450788.11
Sub-Saharan Africa (WB),NA,2014,6249027.32,13614331.89,7392789.98,8933081.65,26220738.28,5192639.35,1848895.53,8385734.33,15357974.64,12578099.97,35300062.56,9747116.09
Sub-Saharan Africa (WB),NA,2015,6278789.72,14002746.38,7492322.57,9167997.7,26868130.97,5330385.29,1890682.48,8661086.8,15720513.7,12704786.3,35666367.11,10004442.17
Sub-Saharan Africa (WB),NA,2016,6387864.57,14430628.9,7615323.08,9457204.22,27396192.72,5470262.68,1941551.72,8944938.13,16108585.52,12945346.87,35865880.95,10267477.56
Sub-Saharan Africa (WB),NA,2017,6563078.87,14880083.94,7750251.94,9754405.78,27937722.91,5611595.56,1998038.63,9242933.7,16505837.17,13224797.65,35707139.83,10496290.67
Sub-Saharan Africa (WB),NA,2018,6661534.74,15338127.36,7883303.81,10026192.41,28456754.75,5746893.18,2063233.04,9568912.6,16925960.89,13379955.1,35674988.75,10720070.57
Sub-Saharan Africa (WB),NA,2019,6758582.56,15809241.38,8033329.39,10297801.6,29017509.15,5877518.07,2135732.77,9919345.68,17331539.8,13537755.67,35672251.98,10982270.34
Sudan,SDN,1990,114382.41,350720.55,239122.89,228033.58,1457446.09,82854.31,24111.6,191312.84,301138.55,207371.18,2037054.09,156946.52
Sudan,SDN,1991,117014.37,365121.41,243080.47,235503.88,1490127.22,86390.44,25257.38,198832.12,308613.66,211763.78,2046841.88,161461.38
Sudan,SDN,1992,119516.66,378757.77,246742.31,242788.04,1520933.48,89678.44,26421.25,206132.99,316014.36,215963.64,2062136.08,165699.02
Sudan,SDN,1993,121418.92,391350.88,252415.23,249090.13,1545042.12,92767.48,27407.61,213063.61,321676.45,219100.47,2060656.61,169321.15
Sudan,SDN,1994,123444.85,402672.54,257667.95,255071.27,1568384.97,95572.5,28362.6,219379.43,327515.57,222312.56,2058954.45,173104.76
Sudan,SDN,1995,124851.9,412830.01,261284.43,260004.4,1584729.93,98062.28,29238.72,225157.36,331961.13,224394.68,2045430.57,176357.62
Sudan,SDN,1996,126335.34,424825.63,264678.99,265741.45,1599975.25,100861.59,30270.52,231725.55,336843.57,226781.17,2039808.44,180108.23
Sudan,SDN,1997,127960.48,437699.37,267531.65,271661.44,1612566.05,103948.8,31432.25,238656.9,341499.23,229504.66,2035960.89,183608.17
Sudan,SDN,1998,128916.83,449962.65,269355.12,277003.67,1622015.94,106830.43,32504,245142.13,345310.4,231259.88,2026368.51,187227.9
Sudan,SDN,1999,129411.66,462096.37,270152.78,281735.41,1625454.17,109605.95,33522.44,251803.56,347908.05,232286.62,2005313.94,190697.39
Sudan,SDN,2000,130528.27,473421.66,270462.96,287173.09,1628271.89,112420.74,34487.53,258282.85,354279.41,234914.26,1999443.39,195721.47
Sudan,SDN,2001,131004.61,483294.37,270124.15,291923.69,1629421.73,114799.17,35388.03,264622.36,362371.19,237025.4,1982309.43,201891.63
Sudan,SDN,2002,131290.67,491108.68,270022.3,295756.16,1635404.82,117006.95,36291.73,270483.33,370537.82,238672.78,1955449.83,208643.82
Sudan,SDN,2003,129968.22,499816.12,268231.88,299341.39,1631128.92,119291.85,37080.75,276698.12,375397.85,238106.46,1923790.61,214558.9
Sudan,SDN,2004,129971.28,510339.15,268527.77,304637.13,1635774.25,122171.29,38257.72,283997.67,384591.93,240119.3,1912593.32,222277.45
Sudan,SDN,2005,134453.9,522451.22,272947.89,314641.55,1655088.49,125154.75,39479.16,291888.72,402387.31,249027.48,1970454.68,232777.46
Sudan,SDN,2006,136148.08,535001.5,274336.49,322354.51,1663456.23,128271.45,40943.79,300611.7,414084.6,253156.33,1981743.13,239263.96
Sudan,SDN,2007,136846.79,548387.21,273881.46,329492.56,1668433.95,131631.84,42655.01,310137.53,423756,255298.61,1968211.27,245206.52
Sudan,SDN,2008,137341.93,562196.8,273482.22,336068.7,1677152.45,134901.3,44533.67,320186.66,433541.12,256710.87,1943461.9,251674.75
Sudan,SDN,2009,137022.84,574413.71,272521.65,341880.51,1687286.68,137812.22,46483.99,329932.71,442742.55,256839.7,1911191.13,258459.02
Sudan,SDN,2010,135110.87,585411.67,270172.75,346074.31,1690020.4,140413.74,48166.77,339657.98,448187.89,254190.24,1854401.17,264234.21
Sudan,SDN,2011,133499.66,598034.3,268800.31,351334.14,1694564.81,143057.11,49950.71,350039.89,455574.22,252778.1,1819323.42,270067.05
Sudan,SDN,2012,133324.61,612209.9,270021.38,358525.21,1714424.35,146132.1,51865.71,361522.42,467108.15,253829.4,1799498.55,278179.57
Sudan,SDN,2013,132465.73,627790.95,271160.57,365818.45,1727552.49,149394.7,54013.2,374072.84,478632.83,253801.94,1765507.47,287590.46
Sudan,SDN,2014,134309.07,643799.26,274864.72,376415.57,1749107.39,152876.34,56224.94,387267.81,498301.46,258463.72,1765097.37,301352.32
Sudan,SDN,2015,133148.81,662998.25,275584.01,385206.64,1773128.01,156691.06,58426.29,401598.73,510324.16,258322.37,1735152.48,313697.29
Sudan,SDN,2016,133914.63,684036.25,278621.29,395927.45,1797916.37,160956.43,61058.35,418323.96,523162.65,260944.71,1697259.64,324966.16
Sudan,SDN,2017,135606.84,703447.61,281725.17,405506.48,1824788.78,164908.11,63458.28,434529.38,535487.25,263827.49,1649614.01,335871.12
Sudan,SDN,2018,135264.3,722331.07,284787.91,413458.25,1858922.13,168103.29,65710.35,449408.34,550437.29,263030.85,1613085.94,347341.74
Sudan,SDN,2019,134732.52,742645.19,288028.68,420276.65,1892137.68,171126.77,67854.02,464181.25,563088.34,262401.81,1579910.19,358147.55
Suriname,SUR,1990,2347.97,7006.29,2688.63,4632.56,20066.8,2404.49,1112.45,4632.43,8570.56,5731.49,9479.19,6589.31
Suriname,SUR,1991,2477.95,7057.5,2766.04,4684.74,21023.48,2415.02,1150.83,4710.64,8908.6,5923.92,9428.95,6996.6
Suriname,SUR,1992,2591.81,7123.05,2845.26,4757.68,21770.88,2421.21,1193.94,4802.47,9286.56,6097.76,9388.08,7404.61
Suriname,SUR,1993,2727.1,7194.71,2970.65,4857.22,23157.09,2426.7,1243.68,4895.38,9742.66,6309.43,9397.85,7954.25
Suriname,SUR,1994,2646.03,7295.6,2899.44,4838.82,21592.36,2426.85,1262.51,4981.04,9409.06,6143.44,9373.16,7813.53
Suriname,SUR,1995,2426.44,7459.69,2722.65,4776.83,18477.78,2437.93,1265.58,5084.57,8598.48,5755.72,9350.96,7261
Suriname,SUR,1996,2396,7653.89,2722.29,4826.24,18057.63,2472.37,1313.22,5211.36,8486.35,5714.73,9490.89,7324.39
Suriname,SUR,1997,2441.87,7872.42,2795.73,4947.61,18514.97,2554.21,1392.73,5368.83,8740.17,5843.94,9769.96,7641.05
Suriname,SUR,1998,2592.85,8105.86,2968.41,5140.18,20107.33,2649.03,1501.75,5549,9444.63,6178.4,10092.32,8317.69
Suriname,SUR,1999,2754.47,8357.3,3131.45,5333.3,21659.96,2750.88,1607.41,5747.63,10283.16,6545.36,10440.04,9078.78
Suriname,SUR,2000,2694.37,8624.89,3174.92,5418.95,22237.25,2823.79,1653.76,5930.6,10494.76,6507.62,10489.16,9467.01
Suriname,SUR,2001,2697.82,8904.3,3257.35,5546.89,22960.38,2911.07,1693.71,6133.93,10895.02,6577.1,10700.3,9964.06
Suriname,SUR,2002,2805.09,9200.35,3365.5,5735.8,24114.71,3014.27,1754.25,6370.77,11645.82,6824.15,11070.81,10619.31
Suriname,SUR,2003,2880.92,9495.31,3455.97,5919.12,24789.81,3104.54,1817.69,6607.76,12151.9,7014.49,11327.58,11142.75
Suriname,SUR,2004,2881.18,9769.51,3501.42,6069.45,24913.42,3177.39,1856.47,6831.44,12443.76,7073.32,11519.14,11529.77
Suriname,SUR,2005,2849.61,10010.95,3505.46,6185.26,24488.9,3236.83,1873.86,7046.59,12583.34,7048.56,11669.54,11756.38
Suriname,SUR,2006,2883.13,10218.27,3524.41,6317.26,24246.02,3290.62,1909.49,7255.97,12851.68,7136.24,11810.43,12179.77
Suriname,SUR,2007,2923.7,10388.66,3552.19,6447.72,24306.36,3333.89,1954.85,7455.1,13184.15,7221.34,11911.43,12708.85
Suriname,SUR,2008,2984.36,10539.98,3597.68,6578.61,24617.88,3374.54,2003.42,7643.5,13620.45,7332.37,11980.63,13389
Suriname,SUR,2009,2994.79,10675.72,3616.23,6683.41,24758.91,3412.14,2027.47,7814.14,13937.97,7354.01,12004.43,14010.12
Suriname,SUR,2010,3041.95,10837.93,3661.09,6814.07,25032.77,3457.3,2057.66,7999.87,14300.41,7420.83,12064.32,14665.37
Suriname,SUR,2011,3060.82,10999.26,3665.85,6926.24,25008.79,3512.36,2080.93,8199.04,14552.26,7433.33,12100.27,15116.13
Suriname,SUR,2012,3064.03,11141.66,3687.44,7034.4,25083.75,3567.56,2091.37,8390.46,14850,7439.6,12092.91,15601.01
Suriname,SUR,2013,3162.68,11252.69,3798.59,7173.94,26289.56,3635.75,2122.92,8583.95,15640.84,7624.28,12205.42,16447.7
Suriname,SUR,2014,3228.43,11340.74,3900.47,7292.32,27542.87,3689.18,2135.17,8762.3,16336.51,7753.59,12209.57,17291.78
Suriname,SUR,2015,3375.88,11426.38,4006.75,7453.67,29103.23,3737,2198.3,8940.85,17149.61,8002.51,12247.89,18260.76
Suriname,SUR,2016,3471.56,11514.17,4103.02,7576.07,30082.15,3777.74,2205.71,9111.49,17729.47,8167.99,12233.24,19002.38
Suriname,SUR,2017,3551.75,11596.56,4192.18,7665.66,30994.57,3812.61,2194.09,9273.07,18259.1,8305.54,12177.9,19609.72
Suriname,SUR,2018,3608.73,11664.64,4239.77,7761.18,31786.71,3841.25,2208.85,9430.78,18711.09,8404.98,12154.54,20108.78
Suriname,SUR,2019,3659.95,11715.84,4272.57,7868.35,32396.65,3868.89,2227.89,9587.19,19077.29,8498.3,12147.84,20469.61
Sweden,SWE,1990,21706.7,185032.3,112147.52,155785.89,757100.73,57881.25,49712.1,222050.43,451728.65,73431.33,169756.98,70396.62
Sweden,SWE,1991,22090.73,186201.63,113300.47,158355.6,750070.62,58326.83,50749.57,223551.13,455319.83,74482.56,168881.4,71552.41
Sweden,SWE,1992,22095.03,187282.72,113885.33,160217.44,735172.08,58770.73,51763.75,224978.97,455426.04,74869.69,164804.85,72112.55
Sweden,SWE,1993,21902.72,188186.25,114963.84,162431.11,725379.26,59152.93,53026.01,226469.69,456361.52,74679.23,160776.36,73073.6
Sweden,SWE,1994,21310.74,189019.43,114626.59,163539.18,696617.39,59537.26,53962.95,227939.99,450554.45,73432.01,156622.34,72820.03
Sweden,SWE,1995,21292.19,189805.79,115819.42,165720.33,690652.48,59860.39,54686.02,229523.12,454963.12,73471.56,152769.56,74176.2
Sweden,SWE,1996,20711.95,190356.45,116521.45,167059.07,681444.57,60139.71,55868.6,231239.68,456705.51,72889.77,150069.91,75357.26
Sweden,SWE,1997,20269.37,190807.79,116950.7,167530.13,670601.7,60390.14,57543.56,233249.87,458562.1,72112.39,147960.52,76998.17
Sweden,SWE,1998,20496.41,191351.82,117628.32,167801.85,662334.06,60550.78,58637.63,235260.87,461152.02,72527.44,146612.54,78907.49
Sweden,SWE,1999,20789.6,191972.28,118248.97,168313.98,654067.76,60782.03,59542.35,237204.09,463338.57,72950.02,145510.32,81393.21
Sweden,SWE,2000,20956.62,192796.58,118343.98,169212.81,639801.83,60963.93,60575.27,238893.21,462658.96,73132.21,144868.9,82983.84
Sweden,SWE,2001,21570.41,193764.12,118501.11,170823,629000.59,61215.17,60663.74,240374.59,462990.61,73839.7,144716.1,84854.96
Sweden,SWE,2002,22122.01,194873.69,118617.97,172476.03,619060.61,61482.55,61189.91,241642.96,463032,74820.06,143708.88,86815.8
Sweden,SWE,2003,22754.12,196098.09,117768.24,173896.6,601561.11,61801.16,62080.99,242817.98,464843.43,75325.01,143050.11,88367.71
Sweden,SWE,2004,23295.98,197418.29,117255.13,175667.72,588560.65,62127.16,62761.47,244197.03,469138.92,75618.01,142315.3,90475.86
Sweden,SWE,2005,23412.37,198799.43,117217.47,177075.67,573004.18,62491.07,62964.62,245903.46,466486.09,75487.23,140659.67,91761.64
Sweden,SWE,2006,23702.4,200264.06,117754.21,179096.17,565857.03,62957.45,62977.55,247943.65,467700.52,76040.28,140584.35,93938.02
Sweden,SWE,2007,23758.41,201782.8,118315.56,180969.88,556439.42,63516.63,63409.28,250248.78,467364.31,76120.68,139505.7,96439.39
Sweden,SWE,2008,23804,203401.67,118927.92,182915.9,544260.23,64084.95,63922.42,252582.49,467619.11,76038.14,138904.72,98855.8
Sweden,SWE,2009,23884.49,204995.66,119976.24,184700.15,535835.65,64671.92,64119.7,255060.19,469905.44,75844.38,139499.04,101164.26
Sweden,SWE,2010,23705.28,206526.51,121238.88,186776.61,527120.89,65343.29,64586.83,257572.43,470222.61,75365.93,140071.12,102895.77
Sweden,SWE,2011,23739.55,207883.81,122987,188470.64,522415.07,65991.71,65585.38,260015,473063.86,75391.12,141608.65,104219.54
Sweden,SWE,2012,23925.87,209056.9,124753.76,189902.03,515808.63,66628.92,67436.67,262632.4,474319.9,75506.47,146246.92,105026.83
Sweden,SWE,2013,24044.01,210183.07,126274.52,191003.53,508140.71,67268.05,70065.83,265347.88,476534.33,75488.63,150938.28,105705.39
Sweden,SWE,2014,24108.13,211367.09,127821.5,192168.3,499950.67,67957.66,72941.98,268053.38,477950.26,75421.77,154474.12,106224.34
Sweden,SWE,2015,24014.02,212880.91,130008.19,194161.12,497098.18,68754.39,75042.25,270704.91,479801.94,75572.46,157507.63,108096.83
Sweden,SWE,2016,24031.54,214303.53,131888.7,196083.98,497384.93,69510.21,73216.23,272837.65,482651.35,76012.03,159250.69,110175.25
Sweden,SWE,2017,23882.6,215700.96,133527.89,197849.82,499230.13,70294.38,71135.64,274783.46,487212.92,76304.72,160171.46,112658.22
Sweden,SWE,2018,23826.34,217232.95,134381.1,199083.25,506951.48,70959.98,71857.78,277983.71,492385.75,76711.71,162300.18,114303.48
Sweden,SWE,2019,23696.52,218765.59,134876.52,199868.85,509559.11,71715.98,72928.66,282408.66,495837.98,76634.32,166154.32,116164.31
Switzerland,CHE,1990,24325.78,163632.17,83693.77,113854.53,414336.15,46911.63,64841.81,216748.19,343104.32,50370.3,139249.9,62365.74
Switzerland,CHE,1991,24807.02,164475.77,84262.66,115637.76,411802.68,47194.88,66970.98,217441.54,344341.76,51305.92,139783.93,63677.74
Switzerland,CHE,1992,24844.67,165203.2,84257.53,117091.88,403467.19,47525.04,68471.58,218097.84,341364.57,51781.31,139984.38,64377.06
Switzerland,CHE,1993,24883,165858.02,84235.71,118628.89,395513.85,47856.39,69481.57,219034.77,338102.28,52452.89,138924.81,65435.33
Switzerland,CHE,1994,25607.6,166425.27,84646.9,120570.43,391731.28,48183.39,70126.36,220099.6,335294.02,54136.84,138607.57,66908.17
Switzerland,CHE,1995,26290.58,166966.61,85348.99,122423.25,394951.02,48592.25,68015.38,221452.37,347205.42,56588.64,138029.38,68974.71
Switzerland,CHE,1996,25971.63,167515.67,84836.04,123040.96,383357.11,48977.8,65695.61,222890.25,345555.76,57194.74,137440.52,69704.26
Switzerland,CHE,1997,26274.24,168088.07,84756.43,123889.77,376867.56,49419.19,63931.44,224483.08,348434.1,58465.26,136920.26,69933.16
Switzerland,CHE,1998,26441.89,168639.45,84712.57,125072.05,368626.69,49884.55,62641.62,226311.43,351119.3,59451.92,136364.72,70604.08
Switzerland,CHE,1999,26440.28,169223.17,84397.68,126201.05,360363.02,50304.42,61878.08,228379.98,351038.31,60419.04,136190.18,71140.49
Switzerland,CHE,2000,26853.47,169701.71,83807.51,127624.6,354891.64,50707.81,61740.75,230751.61,352750.97,61943.27,136008.23,72453.1
Switzerland,CHE,2001,26617.28,168775.03,82563.29,128825.57,343708.19,51098.24,61048.28,233848.22,353590.28,61923.33,135710.94,72615.94
Switzerland,CHE,2002,26773.72,165961.77,82451.35,130337.82,339995.85,51425.2,59764.07,237981.05,355640.52,62642.77,135318.15,73764.06
Switzerland,CHE,2003,26589.32,162569.2,82614.67,132272.62,336020.87,51781.15,58397.56,242626.58,358271.53,63215.26,135780.63,75198.89
Switzerland,CHE,2004,26012.7,160013.87,81915.5,133909.5,325495.97,52181.4,57189.66,247431.03,357624.71,62714.44,136326.1,75338.11
Switzerland,CHE,2005,25658.16,159875.47,82042.22,135998.48,320684.36,52632.49,56686.42,251940.39,358207.79,62840.87,136960.53,76024.39
Switzerland,CHE,2006,25457.56,163013.52,81755.48,138122.4,315405.82,53122.51,56091.4,256345.22,359892.51,63021.7,137716.99,77182.8
Switzerland,CHE,2007,25389.73,168161.3,81922.08,140226.36,310837.12,53610.38,55409.13,260837.62,363207,63072.02,137413.79,78878.7
Switzerland,CHE,2008,25092.14,174255.07,82220.26,142853.88,306262.89,54143.34,54761.28,265458,364789.53,62781.74,137874.39,80557.95
Switzerland,CHE,2009,25355.5,179742.7,83065.91,145503.94,304967.77,54711.39,53982.16,270110.36,369410.09,63191.07,138620.94,82400.37
Switzerland,CHE,2010,25208.5,183202.9,83503.75,148130.73,301059.22,55291.37,53468.03,274860.55,371773.15,62985.57,139506.61,83868.92
Switzerland,CHE,2011,24884.55,185113.53,83969.53,150798.89,296173.1,55909.09,53410.5,279835.12,373137.71,62574.05,141787.03,85384.48
Switzerland,CHE,2012,24938.57,186795.69,84979.25,153558.57,297409.73,56532.58,53437.36,285013.31,377039.14,62694.69,144402.47,87915.51
Switzerland,CHE,2013,24783.33,188398.5,86000.47,156066.46,296839.5,57184.91,53765.52,290098.01,379481.61,62442.81,147685.85,90316.34
Switzerland,CHE,2014,24186.14,190102.14,86381.8,158279.71,294144.23,57817.93,54076.68,294844.95,380200.99,61677.87,150495.89,92237.74
Switzerland,CHE,2015,23834.19,191771.96,87409.68,160871.36,294880.8,58509.14,54284.46,298931.18,381111.85,61465.64,153057.06,94417.95
Switzerland,CHE,2016,23660.62,193583.13,87966.12,162892.98,294134.85,59184.52,54564.46,300746.08,383684.08,61597.7,154042.04,95321.02
Switzerland,CHE,2017,23940.82,195326.16,89025.44,165067.3,298656.24,59820.62,55297.93,300374.56,387223.62,62403.47,155427.26,96386.74
Switzerland,CHE,2018,24029.49,197129.94,90421.14,167529.11,304147.68,60481.53,55849.07,291781.53,390574.69,62777.52,157364.48,98680.23
Switzerland,CHE,2019,24272.5,199079.33,92008.08,170294.6,310197.71,61186.1,56285.36,272856.59,395578.45,62977.41,159740.59,101777.59
Syria,SYR,1990,46469.5,212765.29,92338.21,115181.19,827783.74,53326.67,14738.83,122738.75,172876.69,81169.12,622813.75,124686.02
Syria,SYR,1991,47446.32,220529.61,95224.88,118558,858110.4,55074.74,15384.42,127752.59,179722.85,82619.65,615479.84,130088.94
Syria,SYR,1992,48902.91,228481.85,99132.34,122222.47,906394.86,56810.15,16208.2,132924.04,189684.68,84606.86,602121.54,137284.51
Syria,SYR,1993,48125,236439.27,98791.57,125376.04,890983.24,58503,16670.02,138221.79,190199.11,83793.2,587988.99,137707.58
Syria,SYR,1994,48743.44,244143.13,100572.6,128809.68,905734.16,60128.61,17284.23,143552.64,195894.78,84798.83,574121.07,142060.03
Syria,SYR,1995,49504.51,251769.13,102334.56,132413.73,923676.51,61710.14,17896.66,148994.53,202407.63,85861.92,557289.95,147047.13
Syria,SYR,1996,49911.81,259234.47,103091.48,135732.73,931850.37,63250.83,18620.01,154679.06,207482.42,86387.33,550131.4,150859.93
Syria,SYR,1997,50491.08,266525.56,104012.69,139228.8,945377.66,64749.68,19292.15,160493.32,213118.29,87217.31,539181.16,154675.33
Syria,SYR,1998,51524.09,273750.79,105687.85,142911.14,975023.03,66206.29,20063.38,166417.84,220713.13,88692.11,523762.42,160698.11
Syria,SYR,1999,51320.05,280984.39,105121.24,145959.05,967466.38,67639.51,20780.42,172379.53,221809.43,88406.4,499423.37,162257.76
Syria,SYR,2000,51073.15,288043.08,103567.97,149053.73,950051.56,68989.13,21512.92,178517.25,220920.86,88291.72,469493.1,161138.43
Syria,SYR,2001,50932.08,294951.25,103487.01,152221.94,910387.58,70334.27,22268.58,184614.49,215543.29,88576.28,450806.8,155748.53
Syria,SYR,2002,51502.61,303584.15,105295.75,156604.81,907172.04,71997.63,23337,191691.15,214428.31,89716.61,439380.04,155043.29
Syria,SYR,2003,49371.19,313730.49,103725.29,160777.25,864596.52,73996.2,24444.89,199515.25,205258.88,87210.03,409285.09,149830.71
Syria,SYR,2004,49636.22,325824.62,107244,166877.56,873107.87,76383.34,26080.16,208561.09,206341.7,88139.08,411227.26,151786.78
Syria,SYR,2005,50002.65,343268.93,111772.98,175707.99,881962.76,79991.29,28531.13,220362.12,211564.35,89537.99,426181.03,153896.72
Syria,SYR,2006,51051.49,359680.01,117808.02,184303.79,893318.52,83412.87,31378.76,232451.66,217979.62,91719.05,444563.23,157416.35
Syria,SYR,2007,51510.23,367050.99,124233.3,188684.36,905807.87,84807.54,33313.01,241091.92,222518.37,92481.2,447233.12,159864.25
Syria,SYR,2008,53973.13,371898.46,133530.68,192951.1,942156.13,85506.96,34804.25,248935.34,235630.86,95768.25,468886.5,165472.2
Syria,SYR,2009,55359.07,377685.59,137270.49,196919.47,936801.6,86399.22,35868.03,256851.2,243065.01,97367.82,465346.85,167959.4
Syria,SYR,2010,59439.62,378130.91,135814.17,199088.62,950912.8,86009.16,34680.74,261770.43,253716.85,101683.63,463143.69,172300.18
Syria,SYR,2011,59315.19,364810.65,135624.46,194519.57,968802.75,82329.89,34140.4,257969.35,257116.18,100979.62,454448.53,176603.23
Syria,SYR,2012,57967.8,339477.27,130966.43,183760.59,971748.53,75794.12,31306.58,245532.65,254151.58,97684.01,420237.69,177415.75
Syria,SYR,2013,56593.1,316664.54,126884.8,174179.44,980869.48,69827.47,28753.04,233193.59,251104.49,94668.71,384522.81,179129.67
Syria,SYR,2014,55669.19,301519.52,123790.07,167515.93,990945.8,65666.05,27233.52,223893.75,249791.86,92641.77,358303.72,181449.98
Syria,SYR,2015,54629.42,291671.75,120714.62,162557.9,994679.13,62786.45,26369.31,217627.32,247887.84,90750.61,337595.89,183080.67
Syria,SYR,2016,54348.39,284262.33,118851.09,160390.52,1011529.67,60677.86,26057.8,213078.39,248301.46,90116.01,320955.55,186116.22
Syria,SYR,2017,54590.72,281236.5,118525.92,160901.15,1038992.23,59607.38,26220.86,211846.6,250739.26,90477.54,309040.32,190954.24
Syria,SYR,2018,55151.91,284846.43,119825.26,162941.54,1065897.17,59670.14,26910.7,214505.92,254764.06,91552.58,304048.44,196976.39
Syria,SYR,2019,55831.88,291370.14,121632.75,165256.97,1092376.59,60066.27,27823.32,218514.27,259265.24,92841.92,302007.84,203334.42
Taiwan,TWN,1990,175794.65,257485.64,159745.16,178775.42,749206.02,138668.97,59981.81,395275.12,610784.61,263458.62,291300.52,272665.64
Taiwan,TWN,1991,177814.63,260156.86,162526.3,182870.27,737843.33,140407.16,60725.96,405116.48,630571.16,266444.74,292945.57,284375.6
Taiwan,TWN,1992,183004.52,263211.19,166873.86,187224.64,736121.49,141983.64,60992.35,415011.51,657025.6,273260.2,298247.93,299973.38
Taiwan,TWN,1993,188614.98,266205.34,170483.75,191447.84,728220.72,143514.55,62011.19,425480.11,683827.7,280184.74,300523.07,316377.07
Taiwan,TWN,1994,197216.14,269577.5,175598.15,195972.98,727433.5,145259.78,62335.63,436192.09,716442.56,290466.41,305018.47,334781.46
Taiwan,TWN,1995,203347.57,273005.25,180710.18,200678.66,725331.05,146909.07,61541.87,447001.44,749947.24,298839.13,319112.87,354261.25
Taiwan,TWN,1996,211682.68,276704.99,184767.5,205386.28,724559.74,148393.22,61658.56,457947.38,788475.7,309769.19,325277.78,370777.18
Taiwan,TWN,1997,213232.04,280647.3,184702.24,208958.58,700610.7,149750.28,62698.96,469271.34,801509.72,310471.9,322903.87,377117.62
Taiwan,TWN,1998,217512.09,285092.42,187178.75,213052.72,695422.01,151119.05,64037.1,481273.86,826019.85,316104.04,314726.93,390552.83
Taiwan,TWN,1999,215285.46,289300.97,186721.92,217098.73,683582.26,152545.72,65027.3,493608.25,834845.14,314455.13,313151.54,403075.69
Taiwan,TWN,2000,218697.76,293322.64,188567.02,222689.15,692953.52,154071.02,66419.09,505974.92,863324.4,319858.57,314974.5,420196.12
Taiwan,TWN,2001,218750.21,297114.04,190700.09,228852.71,701633.1,155331.26,67831.13,518436.03,871544.72,321098.45,307791.6,431283.97
Taiwan,TWN,2002,215282.04,300936.25,190835.33,235917.26,703678.16,156586.82,69318.41,531276.87,837926.32,317554.95,301966.06,440535.68
Taiwan,TWN,2003,211965.17,304597.84,188669.84,241872.85,700438.25,156857.96,71414.49,544525.08,902898.76,312983.09,296129.44,447193.08
Taiwan,TWN,2004,215263.2,308509.06,189508.25,249120.28,714168.5,157566.88,73785.09,558197.18,955365.95,316858.48,296388.92,453998.31
Taiwan,TWN,2005,218913.94,312034.06,190266.89,256119.59,725836.1,158153.12,76340.69,571771.5,1004667.99,320768.91,296552.51,464605.25
Taiwan,TWN,2006,213259.19,315636.02,186756.5,262670.92,712922.06,158541.98,77814.83,584967.5,1022316.27,313239.96,296289.85,459407.63
Taiwan,TWN,2007,208413.57,318531.29,185629.72,271636.77,711429.95,159031.26,79187.71,598198.13,1045086.53,307092.17,299886.11,459790.9
Taiwan,TWN,2008,204718.28,321023.95,185970.78,281262.3,711742.56,159659.53,80621.49,611558.9,1073344.5,302168.04,306111.99,456513.88
Taiwan,TWN,2009,197544.74,323636.83,184607.99,290245.47,707431.46,160210.95,81568.77,624705.79,1085700.19,293757.44,307864.43,455906.54
Taiwan,TWN,2010,194648.03,326464.96,185481.4,298495,711625.2,160869.89,83165.08,637766.65,1109284.75,290575.27,310970.96,459974.32
Taiwan,TWN,2011,201315.43,329398.23,189660.99,306244.96,742572.93,161969.77,85784.15,650027.51,1168546.06,299247.55,323848.34,477240.13
Taiwan,TWN,2012,195115.21,332709.33,186877.25,311705,746038.81,162651.18,87704.37,660484.58,1180181.76,292564.8,330250.39,485336.2
Taiwan,TWN,2013,188341,335611.2,182654.56,316023.99,748482.28,163259.04,89363.98,669803.88,1184669.8,285197.25,331733.87,492617.26
Taiwan,TWN,2014,190252.53,338347.16,183984.31,323200.15,777410.88,164285.38,91886.35,679602.27,1227231.65,289367.89,338098.95,513592.27
Taiwan,TWN,2015,184113.99,340335.72,182915.56,328027.95,776578.44,164696.67,93596.68,689449.82,1219331.24,283444.08,342391.2,520572.41
Taiwan,TWN,2016,188172.24,340913.63,188070.48,335675.02,806006.09,165310.64,96045.61,699492.05,1262045.03,290557.29,343304.43,543285.87
Taiwan,TWN,2017,192701.56,341033.99,191982.6,341382.55,818140.89,165877.28,97186.76,707988.23,1281014.5,297767.26,342762.19,562775.84
Taiwan,TWN,2018,196837.73,341703.86,195314.25,346658.49,832698.33,166631.55,98382.23,694146.07,1307261.82,304234.52,343851.55,584439.99
Taiwan,TWN,2019,199865.26,342706.2,200315.38,352953.83,849900.35,167360.56,99182.43,653431.35,1332633.19,309747.57,345358.76,608752.91
Tajikistan,TJK,1990,36500.08,59563.19,47585.24,60452.51,254690.36,33310.74,20184.6,46088.76,122725.71,80401.44,118909.02,24798.46
Tajikistan,TJK,1991,36679.26,60770.42,49199.73,62139.9,270044.97,34039.32,21151.05,46827.65,124020.17,73524.23,119906.05,26691.12
Tajikistan,TJK,1992,38666.71,61920.84,51951.23,64607.04,292450.4,34707.71,22504.1,47454.35,126686.96,72077.14,119523.27,28898.48
Tajikistan,TJK,1993,40550.78,62905.62,53351.33,67283.5,306562.4,35288.2,23467.66,47963.95,125440.3,72284.3,120405.43,30390.26
Tajikistan,TJK,1994,44980.55,63883.39,56617.39,70808.67,335897.91,35802.15,25242.56,48436.55,130506.15,77389.45,125447.68,33161.33
Tajikistan,TJK,1995,46396.87,65096.34,54866.19,71409,328356.26,36344.55,25940.24,48995.35,125236.41,78255.61,127542.52,33493.67
Tajikistan,TJK,1996,47298.6,66475.67,53463.93,72412.53,321143.39,36854.29,26612.08,49652.89,120307.72,78735.23,129711.95,33530.84
Tajikistan,TJK,1997,47443.33,67948.3,51967.87,73438.74,318082.7,37352.79,26643.73,50362.65,116268.54,78392.8,131551.97,33134
Tajikistan,TJK,1998,48206.05,69505.69,50964.64,74605.63,324359.9,37821.59,26706.81,51117.4,113733.08,78679.37,134113.56,33263.43
Tajikistan,TJK,1999,48730.37,71066.89,49318.52,75754.44,327067.65,38277.8,26882.48,51940.48,112251.19,78647.84,137800.94,33746.49
Tajikistan,TJK,2000,49699.22,72654.68,47910.06,77361.98,329653.42,38765.28,27233.43,52943.98,112159.67,79479.41,141649.19,34555.5
Tajikistan,TJK,2001,49991.17,74316.12,47154.67,79036.87,337107.5,39234.65,27474.98,54124.58,113078.94,79878.95,147006.55,35593.51
Tajikistan,TJK,2002,50026.73,76086.63,46168.08,80498.72,342736.41,39710.65,27749.38,55439.18,114262.26,80196.79,153298.7,36678
Tajikistan,TJK,2003,49842.32,77928.1,45638.22,81713.02,349622.47,40216.11,28039.04,56876.87,115330.71,80029.82,158294.92,37677.11
Tajikistan,TJK,2004,51344.41,79860.66,45316.44,82890.83,358644.08,40741.57,28804.35,58466.65,118741.06,81773.68,165191.56,39480.63
Tajikistan,TJK,2005,53285.18,81952.17,46077.96,84470.5,375931.49,41281.15,29773.94,60224.42,123615.98,84106.96,169452.95,42204.31
Tajikistan,TJK,2006,54080.15,83962.35,47210.79,85858.64,388166.6,41861.07,30523.34,62039.54,126470.15,85261.75,174808.85,44412.17
Tajikistan,TJK,2007,55540.44,85925.82,48108.17,87325.46,401273.7,42484.52,31304.83,63908.37,130371.25,87025.72,182710.9,47248.47
Tajikistan,TJK,2008,57293.33,87872.24,48729.1,89146.04,410256.02,43172.63,32075.87,65832.63,133723.87,89028.18,193074.84,50259.92
Tajikistan,TJK,2009,58987.27,89942.85,49299.23,91036.39,417230.53,43937.13,32719.26,67932.75,136354.56,90944.09,204825.34,53618.16
Tajikistan,TJK,2010,61380.7,92188.31,50431.16,93069.78,433581.05,44720.67,33239.94,70220.32,140396.44,93569.13,218148.25,57833.24
Tajikistan,TJK,2011,63819.84,94509.48,51188.95,95233.71,446484.42,45621.52,33504.46,72578.83,144871.76,96114.53,234937.09,62416.95
Tajikistan,TJK,2012,65836.07,96943.88,51605.61,96910.47,450997.9,46565.01,33371.76,75028.05,147592.93,98229.3,250594.5,67071.86
Tajikistan,TJK,2013,67197.03,99463.75,51762.11,98090.87,452588.71,47561.31,32889.69,77576.98,148857.8,99496.63,265647.06,71710.48
Tajikistan,TJK,2014,69617.97,101986.7,52757.7,100012.69,465271.85,48586.18,32574.75,80208,153095.04,102117.6,281988.97,77919.4
Tajikistan,TJK,2015,72222.6,104499.94,53843.73,102405.57,480056.42,49608.23,32498.78,82903.24,158068.4,104904.08,297370.98,84818.62
Tajikistan,TJK,2016,75707.31,106956.51,55521.79,105296.71,497840.58,50629.41,32770.01,85563.9,164605.13,108668.85,311711.56,93795.4
Tajikistan,TJK,2017,77558.34,109452.58,57084.1,107055.8,508891.39,51623.33,34170.79,88278.63,170473.71,111632.68,303975.08,96728.12
Tajikistan,TJK,2018,79272.14,112223.69,57646.83,108549.52,506952.02,52670.53,35476.83,91135.05,174657.71,114084.02,296919.12,98582.62
Tajikistan,TJK,2019,81344.23,115210.35,58893.73,110507.97,514447.46,53696.67,36904.15,94116.98,180189.89,117060.61,291907.92,100801.27
Tanzania,TZA,1990,184503.66,351178.39,221521.63,187600.25,760154.02,162738.53,43332.53,188412.58,521578.44,353692.82,1336536,227540.52
Tanzania,TZA,1991,186854.9,362182.9,224648.27,194843.06,777184.33,168393.54,44698.66,194070.5,528353.99,357430.23,1345770.4,231774.89
Tanzania,TZA,1992,189438.3,373425.13,228062.51,202340.33,797104.94,173940.45,46190.65,199902.76,536221.4,361588.34,1358291.99,236698.38
Tanzania,TZA,1993,193006.47,384900.45,231962.35,209771.2,819391.22,179420.94,47735.47,205923.98,546489.32,367298.16,1373598.71,242623.86
Tanzania,TZA,1994,195807.97,396578.8,235736.44,216587.21,840964.76,184774.24,49319.6,212060.13,554118.79,371503.74,1381167.93,248223.32
Tanzania,TZA,1995,197945.52,408571.09,238653.24,222710.2,861014.06,189809.68,50981.19,218268.83,559549.92,373888.1,1382839.53,253034.26
Tanzania,TZA,1996,200834.2,420580.76,242795.54,229202.66,872532.19,193883.3,52702.96,224946.49,568703.29,382581.85,1393529.83,260146.89
Tanzania,TZA,1997,204822.35,432796.73,247113.6,236056.28,891590.15,196632.34,54636.03,231817.47,581940.09,392217.26,1407622.08,268973.36
Tanzania,TZA,1998,208535.29,444957.26,251794.11,243249.96,919439.07,198736.18,56676.47,238846.79,599559.87,401244.78,1423996.97,280195.58
Tanzania,TZA,1999,224041.22,457522.21,256561.39,250652.53,921512.19,201251.14,58727.07,246041.51,608727.01,427667.89,1438253.77,287004.94
Tanzania,TZA,2000,235788.84,470371.28,260094.31,257508.99,917581.11,204681.67,60618.6,253393.77,610055.19,448366.58,1444317.64,290755.34
Tanzania,TZA,2001,245522.61,482976.17,265314.48,263927,918786.41,209975.86,62492.57,261860.55,615089.13,464202.67,1477231.34,296272.32
Tanzania,TZA,2002,249910.43,495517.3,273644.71,271838.86,930768.73,216720.41,64500.15,271542.55,634998.46,478348.85,1538502.49,305026.76
Tanzania,TZA,2003,260544.06,507950.89,285149.56,281066.38,951637.2,224365.91,66751.37,281934.73,668201.89,501152.81,1621142.66,318246.25
Tanzania,TZA,2004,268759.17,520730.92,294683.35,288974.02,966656.19,231809.43,68858,292090.31,692947.32,517985.36,1680247.71,329658.6
Tanzania,TZA,2005,275338.7,533889.33,302024.96,296402.73,978903.98,238637.73,71129.22,301725.73,712370.84,529751.37,1718834.95,340440.77
Tanzania,TZA,2006,279461.21,547359.98,310979.32,305042.86,1015322.25,245916.42,73268.3,310854.04,739583.75,543034.51,1802282.3,354031.81
Tanzania,TZA,2007,282961.48,561453.27,318946,313560.45,1048806.64,253222.98,75638.61,320159.01,765590.63,553111.86,1861250.64,368219.88
Tanzania,TZA,2008,283344.69,576246.65,324169.72,321342.35,1076685.16,259996.24,78297.05,329924.94,781770.53,553773.26,1874925.01,380266.43
Tanzania,TZA,2009,284251.07,591744.67,333531.09,332137.68,1107090.53,267906,80768.32,339739.32,812410.68,559479.52,1939104.33,395988.4
Tanzania,TZA,2010,282182.23,608142.27,339840.35,341714.9,1128436.99,275114.84,83355.03,350027.86,833330.99,556284.37,1957596.59,407744.72
Tanzania,TZA,2011,277239.58,625723.18,346301.35,352898.53,1156976,282408.22,85749.84,360721.96,859252.48,554337.23,1980739.73,421141.39
Tanzania,TZA,2012,276094.32,644360.39,354649.21,366062.54,1196006.57,290370.82,88523.63,371724.7,896141.73,560749.11,2028265.78,437577.33
Tanzania,TZA,2013,275323.55,663590.19,360245.86,379510.06,1231168.49,298273.49,91265.48,383217.04,926052.33,565201.26,2049370.42,453693.76
Tanzania,TZA,2014,270977.98,683995.11,359527.74,388724.85,1248533.08,304850.64,94060.56,395437.01,928161.25,557695.91,1985064.51,461311.9
Tanzania,TZA,2015,273432.61,704822.15,369694.95,403166.15,1280935.57,313918.49,96883.72,408247.42,964571.2,570587.52,2039792.22,478361.85
Tanzania,TZA,2016,277953.76,726876.72,378082.38,416354.96,1317101.62,322003.54,99653.53,422010.31,991210.29,581582.28,2033237.43,493131.09
Tanzania,TZA,2017,286856.69,749783.93,387056.58,429633.32,1352120.78,330134.49,102669,436396.26,1021671.39,595623.2,2016912.62,508277.46
Tanzania,TZA,2018,290926.17,773759.58,394912.55,440481.9,1384135.17,337801.42,106801.58,451673.19,1051010.88,599473.67,1991085.93,521395.31
Tanzania,TZA,2019,294664.28,799260.16,402768.59,449029.5,1413104.81,345715.16,111462.99,467678.04,1076035.85,603319.02,1974217.62,531266.34
Thailand,THA,1990,382413.61,764996.32,663555.83,641383.21,1717555.45,365100.74,181147.54,916180.43,1526196.35,648186.45,1076866.56,708737.3
Thailand,THA,1991,395457.61,780767.63,685877.25,659112.89,1803012.98,370322.25,188776.17,947432.21,1607842.28,667522.98,1078541.34,750875.11
Thailand,THA,1992,403856.11,795893.43,701835.16,675845.87,1865689.8,375116.54,197157.94,977719.24,1672460.16,680123.77,1080991.44,786391.33
Thailand,THA,1993,415861.14,810000.87,718927.03,691764.49,1937208.94,380034.39,206808.18,1007888.19,1743198.58,698015.63,1090086.98,828675.62
Thailand,THA,1994,429812.18,822723.01,741459.54,707453.48,2027862.01,384922.2,217894.52,1037391.45,1824313.67,718856.78,1101125.27,879485.08
Thailand,THA,1995,444371.03,834745.87,760021.55,722786.13,2111774.86,389527.39,229817.94,1067540.31,1913206.91,739746.71,1113177.77,929661.69
Thailand,THA,1996,457029.29,847290.54,775129.11,733376.84,2187708.63,393560.49,243496.75,1098121.16,2013888.08,756850.19,1123005.03,976210.99
Thailand,THA,1997,426588.32,858098.65,739367.67,730514.71,2057314.81,395003.67,251621.3,1126263.71,1949031.9,713399.22,1101188.26,942046.61
Thailand,THA,1998,427701.58,869158.64,755199.4,730792.89,2104676.67,396473.55,263635.07,1157006.43,2028479.77,712448.23,1094411.28,955170.9
Thailand,THA,1999,457083.43,880351.8,786116.09,736180.15,2256161.39,398059.22,279520.01,1189024.22,2188958.96,750026.92,1081580.07,1020310.25
Thailand,THA,2000,464309.17,890722.56,777824.14,743900.07,2253246.82,397993.8,283149.48,1219611.59,2215178.75,754407.68,1050706.8,1037243.28
Thailand,THA,2001,459080.49,901924.66,744847.4,755064.71,2151468.78,396922.9,281154.81,1250782.38,2138683.45,741083.05,1011608.81,999550.78
Thailand,THA,2002,476517.42,914375.28,749104.47,772819.08,2186623.14,398310.14,281928.98,1286218.04,2202365.14,761188.84,991448.78,1014488.85
Thailand,THA,2003,489116.86,927089.98,747793.43,789830.46,2183120.91,399796.23,281141.92,1321273.29,2245728.26,775007.86,972087.9,1013106.23
Thailand,THA,2004,484108.44,940185.41,742366.48,804131.11,2194735.33,402023.96,276636.39,1356963.81,2242793.52,769778.09,960039.91,1007622.45
Thailand,THA,2005,479990.85,951719.98,735228.13,818381.48,2189600.45,404050.17,272778.05,1392353.64,2249235.08,765544.15,946275.55,998607.35
Thailand,THA,2006,493346.51,974838.71,731922.92,844754.1,2189982.05,414001.74,272622.01,1441046.77,2281357.7,784087.75,948156.57,1022406.12
Thailand,THA,2007,507035.43,1009620.69,729033.33,878850.82,2196048.44,428881.72,274213.45,1502021.04,2324704.36,804879.05,961101.15,1048656.72
Thailand,THA,2008,516657.63,1022372.57,720629.76,898885.19,2194823.05,434725.28,265866.25,1542525.22,2356143.86,819752.66,958961.26,1070483.64
Thailand,THA,2009,521197.86,1012288.19,706102.28,902839.1,2177940.28,430462.13,249992.79,1560557.91,2371643.24,826053.1,939372.83,1083048.78
Thailand,THA,2010,536285.24,1010830.03,704285.22,915194.93,2213503.02,431024.59,243425.02,1587520.74,2436559.2,847171.23,929446.56,1116365.72
Thailand,THA,2011,546270.77,1020797.8,700416.63,932018.21,2218754.41,435781.24,243445.54,1622811.89,2475825.52,861604.59,929835.89,1147960.45
Thailand,THA,2012,557749.79,1029258.39,689110.56,949549.51,2234638.87,440654.97,244388.08,1657308.82,2505622.89,875621.29,940248.28,1181245.93
Thailand,THA,2013,564086.95,1037901.2,672886.22,967054.48,2247989.45,444712.86,244689.96,1690927.11,2507104.07,882524.92,944864.27,1215245.62
Thailand,THA,2014,579112.41,1044878.72,668660.09,986765.2,2303418.8,449003.05,246235.8,1724809.05,2551374.71,901563.7,958986.12,1268285.23
Thailand,THA,2015,590771.8,1052678.23,663746.03,1007138.31,2363011.63,453053.33,248017.34,1758127.5,2598010.54,917322.5,971496.91,1320717.04
Thailand,THA,2016,610157.3,1059086.73,665550.25,1029252.2,2468307.85,456050.79,250464.92,1790638.64,2692603.34,945143.89,989062.69,1404601.97
Thailand,THA,2017,612550.04,1064278.57,670259.16,1047207.1,2526812.1,458287.96,251886.71,1819381.73,2761309.09,953694.64,986803.24,1468712.07
Thailand,THA,2018,613329.88,1069701.02,689073.96,1067646.11,2600616.99,460364.07,253309.81,1851922.78,2839207.15,961197.37,990962.85,1533849.09
Thailand,THA,2019,615180.85,1074764.65,712557.58,1088486.11,2670437.02,462291.66,254779.66,1886157.17,2916223.75,969435.9,994541.51,1596507.95
Togo,TGO,1990,26060.83,46282.54,32840.71,37898.04,98769.12,17420.75,3680.77,26020.62,46360.91,50132.1,180611.32,28484.77
Togo,TGO,1991,26773.57,47962.89,33411.67,38786.41,101517.06,17997.61,3842.37,27073.76,48011.58,51535.53,184863.29,29585.17
Togo,TGO,1992,27410.13,49686.98,33963.75,39782.21,104447.02,18571.4,4005.43,28191.9,49548.14,52836.88,188704.74,30717.23
Togo,TGO,1993,28078,51470,34625.87,40892.84,107923.26,19147.07,4181.51,29334.83,51121.89,54253.1,192926.85,31984.43
Togo,TGO,1994,28796.55,53290.21,35271.96,42107.85,111707.1,19721.94,4368.99,30515.8,52835.29,55709.14,196012.08,33285.52
Togo,TGO,1995,29555.49,55150.39,35766.56,43382.77,115200.42,20279.76,4565.05,31730.99,54468.79,57154.32,197911.08,34436.82
Togo,TGO,1996,30451.17,57029.96,36259.32,44885.75,119117.34,20824.58,4775.33,32962.16,56263.98,58762.65,199018.76,35725.16
Togo,TGO,1997,31438.88,58981.19,36783.8,46624.66,123624.27,21374.63,4983.66,34263.76,58257.09,60507.62,199388.27,37206.65
Togo,TGO,1998,32405.05,60961.41,37362.19,48499.58,128248.67,21942.43,5222.46,35573.12,60057.83,62313.06,200302.81,38659.96
Togo,TGO,1999,32967.28,63011.28,37633.66,50175.43,131055.02,22495.04,5417.6,36929.62,61186.75,63406.59,200480.91,39542.91
Togo,TGO,2000,33923.49,65075.56,38379.59,51822.55,135277.23,23070.32,5624.65,38294.25,62899.11,64730.83,200476.73,40882.51
Togo,TGO,2001,35063.34,67164.05,39328.95,53109.3,139303.39,23617.74,5873.64,39673.3,64786.02,65948.01,199969.62,42216.91
Togo,TGO,2002,36344.52,69332.88,40610.8,54344.88,143887.64,24215.5,6135.51,41110.56,67385.45,67782.51,205567.35,43908.47
Togo,TGO,2003,37734.52,71553.88,41875.74,55162.48,149038.07,24787.52,6442.36,42584.73,69916.41,69424.13,205975.53,45623.57
Togo,TGO,2004,38469.93,73783.76,42651.44,55705.07,151563.22,25361.29,6709.54,44080.11,71245.02,70125.32,205694.63,46420.92
Togo,TGO,2005,39495.39,76058.17,43782.94,56560.96,156022.08,25989.59,6982.54,45641.15,73296.63,71431.91,206888.23,47729.69
Togo,TGO,2006,39873.85,78377.05,44842.65,57709.98,160646.03,26675.29,7248.82,47240.21,75451.57,72658.86,209513.77,49133.42
Togo,TGO,2007,40533.47,80745.3,46067.72,58913.5,167112.67,27394.01,7559.18,48905.36,78488.13,74433.44,210348.26,51159.47
Togo,TGO,2008,41589.78,83197.39,47745.03,60540.54,175732.18,28153.76,7884.95,50654.77,82462.91,77333.77,216055.12,53852.42
Togo,TGO,2009,42705.22,85660.12,49290.1,62206.62,183232.54,28947.84,8194.77,52465,86603.37,80205.47,222402.83,56404.16
Togo,TGO,2010,43510.04,88256.95,50572.28,63753.74,188598.42,29726.6,8504.26,54334.92,89841.56,82213.83,225000.29,58409.82
Togo,TGO,2011,42024.71,90873.37,51731.91,65446.68,192994.93,30531.84,8824.29,56279.44,92886.27,83798.94,228083.23,60146.16
Togo,TGO,2012,41141.25,93580.91,52566.79,66924.85,195926.04,31329.66,9153.01,58255.07,95036.64,84575.25,227645.15,61319.35
Togo,TGO,2013,40789.5,96322.65,53366.06,68527.99,198918.75,32106.92,9494.53,60306.05,96975,85323.6,226456.55,62418.21
Togo,TGO,2014,41478.21,99180.12,54853.08,70500.39,204533.19,32962.45,9852.46,62447.15,100963.83,87504.64,229662.35,64649.86
Togo,TGO,2015,42037.14,102046.9,56234.22,72508.08,212178.72,33792.44,10199.48,64651.67,104560.22,88985.03,231396.58,66733.03
Togo,TGO,2016,43562.77,105056.33,58119.57,75029.79,219883.6,34627,10533.16,66960.3,109768.36,91893.16,233607.34,69814.04
Togo,TGO,2017,45434.43,108159.59,59958.25,77624.71,227730.08,35448.55,10920.11,69351.79,114868.22,95009.75,234337.01,72768.7
Togo,TGO,2018,45741.83,111381.27,61056.22,79633.2,232287.24,36198.36,11269.88,71785.84,117945.12,95345.68,232114.3,74574.75
Togo,TGO,2019,46280.46,114744.63,62476.16,81862.43,237914.36,36933.34,11647.23,74317.23,121649.41,96306.17,232648.07,76646.08
Tokelau,TKL,1990,9.83,20.62,41.71,18.65,129.45,11.22,2.94,24.21,45.49,19.4,33.13,43.67
Tokelau,TKL,1991,9.52,20.27,40.5,18.43,127.97,11.03,2.9,23.94,44.89,18.79,31.87,43.89
Tokelau,TKL,1992,9.26,20.04,39.27,18.28,126.27,10.88,2.89,23.75,44.27,18.24,30.98,44.05
Tokelau,TKL,1993,9.02,19.86,38,18.12,124.28,10.74,2.89,23.56,43.49,17.77,30.24,44.03
Tokelau,TKL,1994,8.79,19.68,36.76,17.96,122.12,10.63,2.88,23.35,42.63,17.35,29.67,44.01
Tokelau,TKL,1995,8.57,19.54,35.63,17.84,120.13,10.54,2.87,23.16,41.89,16.94,29.1,44.15
Tokelau,TKL,1996,8.37,19.48,34.72,17.8,118.76,10.51,2.88,23.09,41.39,16.55,28.56,44.6
Tokelau,TKL,1997,8.23,19.58,33.91,17.84,117.75,10.54,2.9,23.17,41.08,16.25,28.04,45.3
Tokelau,TKL,1998,8.12,19.79,33.15,17.93,117.01,10.6,2.94,23.35,40.9,16.01,27.57,46.11
Tokelau,TKL,1999,8.06,20.02,32.65,18.05,116.7,10.67,2.98,23.61,41.13,15.89,27.92,47.19
Tokelau,TKL,2000,7.95,20.17,31.84,18.07,116.46,10.67,3.01,23.84,41.27,15.66,27.56,48.34
Tokelau,TKL,2001,7.78,20.01,30.86,17.93,116.15,10.51,3,23.9,41.35,15.33,26.95,49.56
Tokelau,TKL,2002,7.5,19.37,29.56,17.49,114.48,10.13,2.92,23.53,40.83,14.81,25.87,50.18
Tokelau,TKL,2003,7.14,18.41,28.03,16.83,111.47,9.59,2.78,22.78,39.62,14.11,24.27,49.85
Tokelau,TKL,2004,6.78,17.38,26.56,16.14,107.85,9.05,2.65,21.9,38.28,13.4,22.88,49.3
Tokelau,TKL,2005,6.48,16.51,25.27,15.57,104.33,8.58,2.54,21.14,37.05,12.77,21.34,48.5
Tokelau,TKL,2006,6.3,15.99,24.35,15.22,102.17,8.27,2.47,20.67,36.34,12.33,20.09,47.37
Tokelau,TKL,2007,6.2,15.86,23.64,15.02,100.63,8.14,2.46,20.53,36.03,12.05,19.25,46.67
Tokelau,TKL,2008,6.16,16,23.05,14.94,99.42,8.14,2.49,20.61,35.93,11.88,18.72,46.3
Tokelau,TKL,2009,6.15,16.3,22.51,14.94,98.54,8.22,2.55,20.84,35.92,11.77,18.21,46.18
Tokelau,TKL,2010,6.17,16.64,22.13,14.99,97.97,8.34,2.62,21.14,36.15,11.75,18.23,46.29
Tokelau,TKL,2011,6.17,16.93,21.82,15.04,97.71,8.45,2.67,21.46,36.41,11.76,18.31,46.86
Tokelau,TKL,2012,6.19,17.13,21.54,15.02,97.32,8.52,2.69,21.77,36.72,11.78,18.32,47.5
Tokelau,TKL,2013,6.2,17.28,21.23,14.95,96.77,8.58,2.71,22.05,37.03,11.77,18.22,48.22
Tokelau,TKL,2014,6.25,17.45,21.08,14.93,96.84,8.65,2.74,22.39,37.51,11.81,18.17,49.17
Tokelau,TKL,2015,6.33,17.67,21.05,14.99,97.38,8.76,2.78,22.82,38.23,11.89,18.18,50.46
Tokelau,TKL,2016,6.43,17.95,21.38,15.21,98.75,8.9,2.84,23.38,39.27,12.03,18.25,52.29
Tokelau,TKL,2017,6.55,18.26,21.73,15.46,100.34,9.07,2.91,23.97,40.45,12.21,18.35,53.92
Tokelau,TKL,2018,6.66,18.61,21.84,15.67,101.55,9.22,2.97,24.55,41.45,12.37,18.5,55.44
Tokelau,TKL,2019,6.75,18.96,21.91,15.88,102.58,9.37,3.02,25.09,42.33,12.52,18.66,56.78
Tonga,TON,1990,604.8,1146.19,1079.18,841.33,3231.42,647.34,154.43,1330.81,2443.2,1129.15,1396.1,1964.72
Tonga,TON,1991,602.02,1151.85,1076.59,849.37,3260.95,649.84,156.4,1349.09,2478.38,1126.29,1395.97,1997.06
Tonga,TON,1992,598.77,1157.34,1070.1,856.43,3269.41,652.79,158.45,1367.79,2511.17,1121.55,1394.76,2026.68
Tonga,TON,1993,600.89,1163.1,1080.65,868.57,3331.46,656.14,160.75,1388.19,2566.05,1130.95,1411.2,2082.47
Tonga,TON,1994,602.74,1169.94,1088.42,880.74,3388.94,659.99,163.2,1407.97,2616.71,1137.23,1423.2,2134.91
Tonga,TON,1995,600.88,1177.69,1080.44,889.17,3397.53,663.69,165.38,1426.27,2651.69,1133.11,1429.12,2168.7
Tonga,TON,1996,601.42,1184.92,1093.05,901.72,3448.4,667.68,167.7,1445.81,2699.85,1136.1,1438.07,2241.52
Tonga,TON,1997,605.1,1192.84,1119.15,919.11,3544.44,672.13,170.94,1467.67,2768.51,1147.22,1454.77,2334.05
Tonga,TON,1998,619.74,1201.23,1169.69,939.42,3735.21,676.97,174.86,1489.97,2884.41,1180.53,1475.79,2468.68
Tonga,TON,1999,637.5,1209.09,1224.47,959.36,3940.49,682.84,179.61,1511.06,3024.59,1218.29,1523.47,2607.79
Tonga,TON,2000,635.59,1217.05,1219.97,968.27,3956.46,687.78,183.07,1528.17,3064.52,1213.99,1528.12,2679.9
Tonga,TON,2001,625.91,1226.25,1198.32,974.39,3915.32,692.57,186.19,1545.48,3051.81,1195.75,1528.55,2741.7
Tonga,TON,2002,625.82,1234.94,1199.31,984.82,3950.92,698,190,1563.49,3082.55,1194.69,1535.36,2848.59
Tonga,TON,2003,625.33,1243.79,1196.77,995.78,3981.73,703.54,194,1581.12,3115.66,1193.37,1542.54,2965.87
Tonga,TON,2004,614.78,1251.34,1160.94,999.98,3909.06,708.3,196.82,1596.35,3087.43,1168.87,1535.77,3044.09
Tonga,TON,2005,598.36,1259.56,1106.67,1003.2,3779.58,709.63,198.39,1612.51,3008.31,1133.05,1528.51,3023.21
Tonga,TON,2006,599.86,1266.66,1105.81,1014.37,3821.12,712.6,200.41,1628.02,3031.61,1135.21,1537.37,3018.7
Tonga,TON,2007,605.34,1273.58,1110.72,1025.08,3900.69,715.11,202.87,1640.78,3071.47,1143.4,1534.96,3046.1
Tonga,TON,2008,605.86,1279.66,1112.84,1033.97,3973.47,716.84,204.75,1651.85,3105.13,1145.25,1530.25,3074.28
Tonga,TON,2009,606.76,1284.33,1111.48,1041.83,4032.56,718,206.22,1660.55,3134.43,1144.7,1513.87,3099.73
Tonga,TON,2010,608.75,1287.11,1109.07,1049,4077,717.89,206.95,1668.98,3164.11,1145.4,1501.88,3124.47
Tonga,TON,2011,609.5,1290.11,1102.9,1055.13,4105.1,716.72,207.37,1677.78,3192.38,1141.99,1485.76,3159.22
Tonga,TON,2012,608.55,1290.86,1097.84,1060.44,4123,714.59,207,1684.89,3214.7,1137.14,1469.4,3198.41
Tonga,TON,2013,605.54,1290.45,1095.34,1064.47,4149.66,712.09,206.54,1689.91,3231.31,1132.95,1452.2,3240.3
Tonga,TON,2014,600.78,1288.44,1089.58,1067.37,4166.87,708.94,205.86,1694.08,3245.38,1124.08,1434.7,3286.61
Tonga,TON,2015,596.08,1285.7,1082.65,1069.2,4174.6,706.12,205.21,1698.17,3260.2,1115.03,1418.27,3337.53
Tonga,TON,2016,593.37,1281.34,1081.88,1072.39,4181.48,702.61,206.17,1701.75,3275.15,1108.73,1397.7,3392.04
Tonga,TON,2017,593.42,1277.86,1082.33,1076.34,4189.46,700.05,207.79,1706.82,3293.83,1107.52,1376.24,3427.31
Tonga,TON,2018,591.75,1278.76,1074.84,1079.37,4191.65,697.19,208.46,1714.2,3312.11,1105.83,1361.32,3469.22
Tonga,TON,2019,592.14,1283.19,1066.89,1082.95,4192.95,694.69,209.37,1723.83,3331.52,1105.06,1349.91,3510.56
Trinidad and Tobago,TTO,1990,5004.27,20667.45,7897.32,14064.34,72003.7,6451.06,3337.21,15671.4,31647.77,13118.14,28043.91,38296.03
Trinidad and Tobago,TTO,1991,4760.93,20926.83,7787.5,14343.29,72353.49,6503.33,3317.17,16035.76,32112.62,12982.82,28000.11,39162.09
Trinidad and Tobago,TTO,1992,4791.4,21205.02,7782.86,14591.67,74006.16,6558.77,3263.02,16384.4,32722.15,13212.43,27894.61,40615.53
Trinidad and Tobago,TTO,1993,4999.34,21516.65,7941.1,15031.29,78100.96,6616.69,3271.68,16829.11,34314.97,13666.09,28075.57,43118.01
Trinidad and Tobago,TTO,1994,5045.88,21835.61,7990.72,15318.52,80806.52,6667.02,3254.26,17270.72,35514.01,13931.21,28037.77,44824.82
Trinidad and Tobago,TTO,1995,4723.69,22183.22,7754.73,15389.25,78496.88,6702.93,3240.05,17687.13,35380.38,13508.65,27812.24,44453.35
Trinidad and Tobago,TTO,1996,4931.84,22537.95,7877.61,15724.61,82138.9,6758.97,3311.55,18090.86,36296.54,13931.64,28039.32,46556.86
Trinidad and Tobago,TTO,1997,4682.16,22897.41,7477.53,15838.63,79767.64,6788.35,3381.34,18521.2,35644.12,13509.24,28156.3,45994.63
Trinidad and Tobago,TTO,1998,5010.32,23236.93,7706.6,16202.01,83301.01,6843.75,3512.54,19008.94,36832.51,14110.04,28538.21,49140.66
Trinidad and Tobago,TTO,1999,4991.65,23552.16,7901.02,16527.18,83723.51,6904.68,3692.61,19407.83,36702.6,14347.42,27541.58,51314.25
Trinidad and Tobago,TTO,2000,4717.33,23853.96,7663.52,16796.54,79403.68,6902.89,3773.12,19845.2,36038.65,14102.31,27447.74,51174.3
Trinidad and Tobago,TTO,2001,4974.49,24130.37,7691.73,16896.26,79306.09,6890.98,3954.53,20314.64,36629.11,14582.6,27800.15,52655.54
Trinidad and Tobago,TTO,2002,4955.85,24376.78,7623.59,17012.29,76735.93,6884.52,4161.58,20794.71,36318.02,14606.24,28056.87,52314.99
Trinidad and Tobago,TTO,2003,5106.88,24588.32,7767.53,17258.5,78409.05,6924.59,4359.31,21260.02,38111.96,15060.09,28322.49,55265.75
Trinidad and Tobago,TTO,2004,5245.96,24776.3,7739.99,17480.02,76546.03,6979.18,4555.95,21769.91,39181.2,15381.62,28561.59,55857.83
Trinidad and Tobago,TTO,2005,5289.72,24943.34,7631.41,17693.22,74806.98,6997.24,4705.17,22181.9,39278.88,15572.28,28580.44,56258.51
Trinidad and Tobago,TTO,2006,5104.44,25098.86,7493.29,17805.35,72227.67,7026.43,4839.84,22596.34,39416.21,15230.42,28626.85,55954.97
Trinidad and Tobago,TTO,2007,5182.45,25236.1,7575.16,18033.64,71914.9,7052,5017.16,23026.48,40749.18,15371.82,28714.16,57233.45
Trinidad and Tobago,TTO,2008,5546.21,25345.93,7919.58,18225.14,74475.66,7093.04,5165.35,23432.02,42897.95,15972.66,28784.74,60024.88
Trinidad and Tobago,TTO,2009,5172.01,25452.65,7704,18186.14,71443.59,7081.55,5275.42,23798.26,42331.03,15144.4,28587.84,58906.55
Trinidad and Tobago,TTO,2010,5023.74,25564.82,7751.04,18247.06,70605.4,7114.5,5316.67,24176.43,42692.88,14726.81,28499.21,59393.34
Trinidad and Tobago,TTO,2011,4908.71,25709.83,7741.73,18252.49,69289.94,7131.34,5306.39,24556.53,42794.09,14408.52,28580.33,59828.13
Trinidad and Tobago,TTO,2012,4774.36,25888.35,7623.67,18221.87,67516.65,7161.25,5232.13,24925.87,42139.87,14079.41,28613.65,60189.5
Trinidad and Tobago,TTO,2013,4897.4,26067.3,7741.72,18511.86,70216.41,7230.29,5281.08,25374.05,43316.95,14493.23,28753.74,62780.4
Trinidad and Tobago,TTO,2014,5028.87,26239.16,7859.28,18727.5,72526.46,7291.41,5296.25,25789.09,44486.73,14815.22,28834.71,65508.69
Trinidad and Tobago,TTO,2015,5152.41,26376.72,7980.1,18938.44,74803.77,7347.61,5302.42,26164.68,45483.63,15097.09,28855.29,68035.47
Trinidad and Tobago,TTO,2016,5299.12,26477.06,8393.7,19248.77,77916.06,7406.34,5262.02,26509.73,46748.23,15454.36,28907.16,70956.86
Trinidad and Tobago,TTO,2017,5403.52,26570,8752.95,19534.13,80064.18,7454.56,5212.14,26844.78,47667.16,15714.82,28939.44,73086.91
Trinidad and Tobago,TTO,2018,5493.92,26706.74,8870.19,19740.63,81935.91,7499.31,5190.05,27203.13,48607.15,15962.78,29019.17,75323.31
Trinidad and Tobago,TTO,2019,5583.09,26887.49,8976.79,19936.96,83786.91,7539.68,5150.35,27572.29,49515.5,16208.81,29051.14,77695.65
Tunisia,TUN,1990,23551.49,163782.33,52078.02,88555.49,369696.73,34843.82,11201.96,100176.24,118579.07,48811.95,391804.24,65568.58
Tunisia,TUN,1991,23867.48,168328.05,53960.6,91442.71,389977.69,35609.5,11782.66,103961.54,124301.45,49510.63,382019.54,68822.61
Tunisia,TUN,1992,24072.14,172838.33,55389.78,94103.87,405879.15,36309.34,12329.88,107736.56,129415.57,50012.29,371591.05,71553.68
Tunisia,TUN,1993,24290.6,177316.84,56802.15,96811.29,420694.96,37001.22,12924.11,111624.19,134320.19,50513.88,360958.91,74208.4
Tunisia,TUN,1994,24224.85,181745.06,57504.05,99243.06,425790.92,37647.42,13483.61,115443.88,136752.5,50516.28,348321.57,76008.15
Tunisia,TUN,1995,24610.57,185943.05,59547.55,101955.46,448782.63,38283.73,14097.97,119347.02,143020.16,51268.32,335153.92,79758.18
Tunisia,TUN,1996,24707.6,190025.24,60424.85,104174.99,455903.51,38831.2,14647.1,123216.67,146228.2,51348.73,321925.11,82191.07
Tunisia,TUN,1997,25215.48,194082.99,61753.8,106340.59,470362.55,39352.14,15306.75,127049.03,151248.57,52057.13,308551.01,85277.74
Tunisia,TUN,1998,25681.7,197982.19,62965.41,108601.41,481987.85,39838.12,16001.59,130931.93,155693.63,52722.73,296272.88,88387.33
Tunisia,TUN,1999,26210.46,201833.17,64011.34,110899.33,489569.56,40284.42,16696.1,134877.42,159481.93,53501.78,290068.46,91486.43
Tunisia,TUN,2000,26533.46,205509.54,65012.54,113316.42,495592.44,40701.56,17381.38,138968.42,162991.33,54196.71,284750.61,94934.37
Tunisia,TUN,2001,26843.95,209105.82,66151.2,115659.85,502906.59,41097.35,18082.7,143107.49,166323.96,54920.43,279867.69,98761.8
Tunisia,TUN,2002,27147.71,212540.7,67263.35,117942.74,510845.6,41456.95,18796.38,147390.72,169687.32,55602.79,275004.22,102760.59
Tunisia,TUN,2003,27425.56,215824.13,68377.36,120250.61,518297.52,41803.79,19548.05,151660.51,172816.39,56268.02,270181.62,106817.66
Tunisia,TUN,2004,27584.07,218965.65,69319.16,122290.05,525945.18,42120.28,20285.43,155985.64,176071.63,56749.05,264232.12,111266.43
Tunisia,TUN,2005,27830.09,221975.62,70255.51,124393.86,533817.74,42398.4,21017.61,160372.4,180672.09,57431,261510.38,115839.77
Tunisia,TUN,2006,28152.4,224834.87,71210.81,126472.81,541568.39,42672.61,21785.46,164774.54,185199.85,58191.61,260120.87,120765.92
Tunisia,TUN,2007,28449.81,227475.5,72081.81,128531.69,549646.73,42954.08,22560.1,169167.11,189694.08,58912.71,258795,125835.79
Tunisia,TUN,2008,28807.52,230112.83,73110.47,130474.5,559271.24,43191.3,23315.45,173629.5,194575.62,59712.7,258284.69,131135.35
Tunisia,TUN,2009,29204.88,232559.86,74189.16,132469.23,568674.7,43440.17,24044.76,178111.19,199562.6,60581.74,258567.06,136481.41
Tunisia,TUN,2010,29658.56,234902.02,75462.89,134544.04,579684.03,43665.72,24771.4,182600.38,205256.9,61566.94,259714.05,142108.83
Tunisia,TUN,2011,30141.14,237284.13,76735.27,136523.51,589643,43922.54,25336.78,187173.78,210875.98,62513.74,258739.94,147234.43
Tunisia,TUN,2012,30569.85,239925.99,78121.89,138455.32,600053.8,44184.93,25888.87,191789.19,216160.85,63342.79,254335.22,152146.95
Tunisia,TUN,2013,31046.81,242503.47,79652.09,140445.99,613256.77,44447.12,26408.14,196476.26,222080.08,64250.19,251850.27,157456.46
Tunisia,TUN,2014,31550.79,245066.53,81250.67,142555.04,625137.13,44748.3,26874.86,201149.79,228151.73,65200.63,249220.18,162990.5
Tunisia,TUN,2015,31996.51,247452.39,82811.49,144768.75,637679.83,45042.81,27395.14,205790.37,234463.19,66085.26,246803.22,168936.12
Tunisia,TUN,2016,32484.85,249342.19,84638.06,147291.34,651600.99,45384.34,27916.16,210372.12,240694.28,67054.81,244026.02,175395.24
Tunisia,TUN,2017,33019.75,251208.54,86590.7,149896.21,665542.55,45697.77,28379.19,215128.01,247273.54,68109.55,241118.09,182297.95
Tunisia,TUN,2018,33512.03,254145.87,88301.31,152207.46,678682.81,46009.46,28621.82,220587.12,254263,68997.77,238331.73,189261.31
Tunisia,TUN,2019,33910.04,258027.07,89905.42,154374.66,690027.9,46315.14,28824.39,226989.97,260511.13,69777.77,236171.28,196141.62
Turkey,TUR,1990,156613.78,1018060.35,640771.05,822234.68,2798942.29,291506.2,94238.35,918238.86,1711678.84,381381.56,2982649.69,816576.84
Turkey,TUR,1991,158329,1039962.31,644026.42,830363.42,2850081.63,297707.07,96495.3,949610.97,1738797.75,383760.52,2894309.01,811614.33
Turkey,TUR,1992,159542.36,1061663.69,648908.82,839329.65,2897341.59,303636.9,98727.76,980743.99,1759630.6,385773.05,2810094.4,803191.17
Turkey,TUR,1993,160984.41,1083200.05,655742.81,848914.24,2953828.24,308925.27,100875.95,1011928.35,1779717.04,388749.6,2728276.51,799899.8
Turkey,TUR,1994,163276.95,1104430.13,663975.58,859709.05,3019387.65,314042.27,103166.02,1042437.07,1793656.11,393446.55,2669555.15,801127
Turkey,TUR,1995,165030.97,1125798.26,669294.64,871864.67,3052392.47,318608.26,105573.62,1072026.91,1801167.55,397420.14,2620041.16,803176.83
Turkey,TUR,1996,165183.55,1149637.35,668863.72,880237.63,3029987.46,322683.62,107927.82,1101885.86,1783945.85,397971.84,2540650.83,806373.78
Turkey,TUR,1997,166536.31,1176714.15,676727.67,889708.9,3039644.5,326568.78,110373.28,1132219.78,1775871.29,400620.94,2467966.99,817925.63
Turkey,TUR,1998,166901.96,1205488.65,681472.18,900810.18,3018860.56,330270.3,112768.21,1163056.02,1764046.07,402404.18,2394333.19,827123.94
Turkey,TUR,1999,167054.64,1232880.74,678118.22,913839.3,2959214.99,333682.65,115556.71,1193090.13,1749125.05,402807.02,2322487.78,831350.48
Turkey,TUR,2000,163067.49,1256621.32,668115.28,925067.11,2834247.52,336727.31,117162.1,1222173.12,1683003.18,398194.81,2277432.01,816822.75
Turkey,TUR,2001,163085.06,1280379.22,684401.23,938753.45,2857746.15,339909.87,118154.61,1251780.34,1657823.18,402070.71,2251700.01,825215.48
Turkey,TUR,2002,162690.1,1308924.92,700855.62,948600.34,2899126.85,343220.63,118582.51,1281451.42,1645933.65,404765.83,2180012.09,836106.81
Turkey,TUR,2003,162580.16,1338969.94,721361.84,965791.69,2875389.06,346549.08,119455.14,1311724.33,1656893.32,412049.9,2182845.08,842023.34
Turkey,TUR,2004,161348.86,1366194.38,737212.46,980783.33,2838439.65,349394.24,120492.16,1342778.85,1684117.1,416527.02,2157847.7,850828.7
Turkey,TUR,2005,158745.87,1387485.63,749472.14,992454.84,2789731.82,351510.15,121108.77,1373527.18,1727864.09,416408.27,2105686.58,862910.32
Turkey,TUR,2006,156206.81,1402014.67,763455.71,1005019.45,2786332.43,353167.45,122559.98,1404979.03,1787966.03,416536.3,2054344.03,896395
Turkey,TUR,2007,154279.03,1413103.31,775665.94,1016291.34,2799988.16,354439.85,125026.5,1436705.25,1855070.41,417758.78,2004777.61,946161.67
Turkey,TUR,2008,154038.27,1421038.64,792402.64,1029466.1,2850982.72,355649.75,128086.44,1468044.83,1950187.05,421569.52,1970762.8,1010272.52
Turkey,TUR,2009,156657.21,1429418.29,822074.93,1048847.88,2986424.61,356399.4,131991.78,1499766.45,2112455.43,428244.14,1951248.46,1088276.44
Turkey,TUR,2010,157302.33,1441040.06,839981.11,1064620.99,3028563.1,357562.88,134746.47,1531809.91,2225177.67,432064.99,1935740.54,1133317.2
Turkey,TUR,2011,157076.68,1459361.58,862830.17,1078372.83,3047061.66,359986.29,137924.04,1566615.23,2296483.72,434763.04,1893107.58,1154515.11
Turkey,TUR,2012,156005.66,1483366.42,874816.12,1097103.39,3072569.94,363741.13,141733.66,1605074.97,2338685.21,437145.83,1873693.05,1166803.02
Turkey,TUR,2013,157258.74,1513054.93,894343.79,1122703.02,3156820.61,368858.28,147589.01,1648306.53,2397021.81,444075.45,1877776,1188513.24
Turkey,TUR,2014,159927.72,1541510.88,915589.6,1147096.63,3245238.98,374034.42,154495.96,1691645.6,2459493.46,452515.17,1881603.31,1213638.74
Turkey,TUR,2015,161498.05,1564592.41,923897.02,1164708.08,3274544.04,377482.48,160176.77,1732310.63,2488351.13,458050.15,1872513.42,1231800.23
Turkey,TUR,2016,163971.75,1574554.69,945905.42,1178755.83,3317721.79,379555.27,169119.2,1771379.42,2524012.03,465702.51,1867830.06,1244799.58
Turkey,TUR,2017,167342.26,1578382.24,968572.37,1190188.15,3360084.42,380552.88,174133.45,1807430.74,2577702.42,474170.9,1850519.21,1257881.28
Turkey,TUR,2018,169418.15,1588359.61,974806.6,1206428.12,3371372.86,381065.69,175682.93,1815635.81,2614464.67,478287.35,1838008.77,1273556.91
Turkey,TUR,2019,172252.48,1603068.04,991743.41,1231990.53,3419178.49,381414.15,176839.53,1792346.24,2664919.84,481138.61,1831206.55,1298198.27
Turkmenistan,TKM,1990,31262.15,43422.88,29319.59,36460.12,238270.24,22494.59,16053.91,32816.61,86692.51,50798.11,90220.54,27361.25
Turkmenistan,TKM,1991,32566.76,44419.14,29711.67,37607.36,255361.49,22889.73,16490.03,33591.64,85587.72,51999.18,92061.54,29064.37
Turkmenistan,TKM,1992,33023.89,45370.02,29178.37,38299.03,266652.94,23251.69,17034.36,34384.9,83200.8,51919.43,90660.35,30455.12
Turkmenistan,TKM,1993,37805.44,46325.97,30652.14,39571.91,309779.68,23574.99,17690.52,35154.88,89025.41,56909.1,88364.5,34461.45
Turkmenistan,TKM,1994,40630.37,47238.78,30743.49,40476.09,323613.37,23833.11,19361.68,35891.36,90399.33,59558.52,85346.22,36279.55
Turkmenistan,TKM,1995,41822.53,48156.2,29819.11,41323.05,324348.61,24058,20727.08,36662.36,87842.95,60514.35,83824.41,36894.3
Turkmenistan,TKM,1996,45435.9,49079.72,29969.98,42661.77,343708.56,24227.02,21912.06,37503.48,88835.78,64632.75,82562.23,39066.52
Turkmenistan,TKM,1997,47847.88,49981.46,28673.18,43137.69,348653.52,24338.81,23591.8,38371.61,86113.9,67214.57,82378.77,40181.4
Turkmenistan,TKM,1998,48837.06,50869.8,27162.65,44146.71,348110.86,24421.06,25365.54,39282.08,82170.01,68071.91,83707.74,40604.47
Turkmenistan,TKM,1999,48637.17,51741.34,24934.32,44525,344676.01,24478.1,26600.46,40221.92,75094.64,67313.53,86821.4,40749.84
Turkmenistan,TKM,2000,46931.58,52630.72,22752.16,44592.27,337984.95,24507.16,27044.02,41195.55,73778.12,65147.6,88885.6,39090.48
Turkmenistan,TKM,2001,48178.55,53544.32,21352.76,45096.14,342668.63,24512.23,27880.21,42190.04,73358.52,66586.74,91611.42,39087.8
Turkmenistan,TKM,2002,51580.52,54406.39,21099.58,45946.47,364207.52,24548.94,29410.61,43213.96,75453.04,70807.9,94136.13,40991.45
Turkmenistan,TKM,2003,54240.53,55230.01,20788.83,46567.21,380690.1,24566.55,30858.15,44189.69,76897.85,73903.61,96351.74,42544.89
Turkmenistan,TKM,2004,59233.96,56010.81,20952.95,47474.44,404025.92,24603.93,32387.39,45170.73,81457.37,79552.08,99881.88,45369.05
Turkmenistan,TKM,2005,65886.61,56753.19,21283.44,48423.89,427320.1,24629.42,33840.33,46118.13,86940.91,86857.21,103311.23,48761.5
Turkmenistan,TKM,2006,69161.66,57330.66,20658.86,49080.72,427232.81,24682.92,34300.41,47053.48,90104.77,90427.12,106869.24,50210.96
Turkmenistan,TKM,2007,71755.14,57821.92,19963.82,49660.8,421248.46,24764.69,33918.67,48006.38,92554.65,93359.13,111151.69,51630.37
Turkmenistan,TKM,2008,73480.26,58269.35,18992.01,50240.48,405752.94,24880.03,33248.14,48944.1,93955.52,95399.16,116556.07,52877.42
Turkmenistan,TKM,2009,69220.64,58740.92,17316.72,50403.25,366776.68,25032.6,31972.15,49975.92,92235.92,90905.89,121735.05,51894.74
Turkmenistan,TKM,2010,69528.98,59358.94,16445.01,50977.45,355869.45,25223.25,30958.66,51073.43,93682.66,91341.52,127221.79,52460.17
Turkmenistan,TKM,2011,74701.78,60113.67,16389.97,51939.83,365570.79,25444.9,30283.8,52260.63,98198.36,96912.09,129894.09,54856.94
Turkmenistan,TKM,2012,79320.72,60911.68,16303.74,52788.72,373619.36,25716.13,29396.49,53538.64,102106.12,101892.51,131815.78,57095.59
Turkmenistan,TKM,2013,85699.18,61753.87,16589.14,53700.05,390346.91,26041.93,28572.84,54815.49,106707.01,108853.06,130440.5,60254.08
Turkmenistan,TKM,2014,91636.76,62578.64,16885.29,54628.11,404043.27,26353.92,28080.48,56067.97,111256.64,115307.68,128134.74,63328.01
Turkmenistan,TKM,2015,94419.53,63393.16,17147.75,55452.5,413353.45,26649.37,28137.01,57263.66,114021.74,117731.07,126617.22,65202.26
Turkmenistan,TKM,2016,93276.31,64211.51,17671.85,56224.26,420785.62,26983.38,29143.99,58397.49,115528.51,116860.49,123167.37,67518.17
Turkmenistan,TKM,2017,92965.43,65021.8,18103.05,57021.76,426760.34,27269.91,30095.29,59565.49,117172.29,116732.33,120427.35,69330.85
Turkmenistan,TKM,2018,92798.02,65826.94,18635,57891.65,438267.24,27578.71,30881.42,60803.91,119473.52,116712.82,118322.36,71358.96
Turkmenistan,TKM,2019,92638.62,66618.74,19111.84,58871.12,445697.68,27855.37,31758.47,62127.3,121508.39,116709.62,116531.83,73165.55
Tuvalu,TUV,1990,82.6,124.51,300.94,101.9,950.72,62.91,20.68,144.96,310.35,155.33,297.77,286.06
Tuvalu,TUV,1991,80.72,124.78,295.68,102.35,951.4,62.97,20.68,146.81,312.25,151.57,285.42,293.7
Tuvalu,TUV,1992,78.93,125.15,290.63,102.95,951.75,63.09,20.73,148.57,313.99,148.08,274.15,301.97
Tuvalu,TUV,1993,77.52,125.51,285.8,103.54,952.44,63.24,20.8,150.3,315.6,145.33,264.19,310.78
Tuvalu,TUV,1994,75.83,126,278.12,103.96,942.97,63.42,20.8,151.86,313.95,142.03,252.94,316.54
Tuvalu,TUV,1995,75.36,126.54,275.32,104.84,949.95,63.69,20.96,153.4,316.91,141.13,245.91,327.52
Tuvalu,TUV,1996,74.68,127.13,272.41,105.6,956.62,63.99,21.12,154.92,318.39,139.83,238.98,337.59
Tuvalu,TUV,1997,74.67,127.68,269.84,106.39,968.06,64.31,21.43,156.44,320.82,139.54,230.66,349.27
Tuvalu,TUV,1998,73.72,128.35,263.19,106.85,965.02,64.61,21.58,157.97,319.36,137.64,221.4,356.74
Tuvalu,TUV,1999,73.32,129.16,258.81,107.65,967.67,65,21.85,159.57,321.09,136.81,215.95,367.11
Tuvalu,TUV,2000,72.29,129.93,251.64,108.04,966.45,65.35,22.1,160.94,321.77,134.69,207.79,376.64
Tuvalu,TUV,2001,71,130.84,243.43,108.36,962.83,65.77,22.31,162.5,321.32,132.12,200.57,384.8
Tuvalu,TUV,2002,69.98,132.02,236.55,109.19,963.25,66.35,22.56,164.5,321.69,130.04,194.77,395.03
Tuvalu,TUV,2003,69.38,133.41,231.58,110.28,968.46,67,22.85,166.61,322.48,128.73,190.23,405.66
Tuvalu,TUV,2004,68.85,134.92,226.82,111.23,972.97,67.72,23.2,168.77,322.84,127.47,184.78,417.42
Tuvalu,TUV,2005,68.94,136.64,224.22,112.5,980.47,68.41,23.62,170.97,324.89,127.29,181.59,428.18
Tuvalu,TUV,2006,69.53,138.45,223.19,114.1,992.82,69.1,24.03,173.25,328.96,128.03,180.78,431.81
Tuvalu,TUV,2007,70.14,140.45,222.02,115.53,1005.98,69.79,24.5,175.52,333.09,128.74,178.95,435.76
Tuvalu,TUV,2008,70.66,142.57,220.39,116.85,1017.16,70.51,24.99,177.87,337.01,129.25,176.23,440.11
Tuvalu,TUV,2009,71.24,144.78,219.17,118.19,1028.62,71.32,25.49,180.31,340.88,129.89,174.26,444.91
Tuvalu,TUV,2010,71.91,146.97,218.56,119.65,1041.94,72.16,26.01,182.89,344.94,130.74,172.44,450.23
Tuvalu,TUV,2011,72.35,149.24,217.38,121.04,1052.99,73,26.48,185.54,348.25,131.16,169.88,458.37
Tuvalu,TUV,2012,72.98,151.54,217.18,122.5,1063.99,73.88,26.93,188.33,352.19,132.03,168.85,466.89
Tuvalu,TUV,2013,73.5,153.86,216.8,123.94,1073.46,74.77,27.38,191.2,356.15,132.84,168.23,475.98
Tuvalu,TUV,2014,74.06,156.13,216.55,125.31,1082.82,75.61,27.83,194.06,360.1,133.69,167.63,485.02
Tuvalu,TUV,2015,74.52,158.41,215.83,126.75,1089.72,76.43,28.31,196.94,364.14,134.32,167.18,494.23
Tuvalu,TUV,2016,75.1,160.32,218.21,128.68,1097.7,77.26,28.99,199.69,368.92,135.21,166.65,504.84
Tuvalu,TUV,2017,75.88,162.38,220.92,130.66,1107.43,78.05,29.72,202.5,374.45,136.46,166,512.79
Tuvalu,TUV,2018,76.55,164.59,221.16,132.35,1116.68,78.91,30.34,205.73,379.89,137.55,165.96,522.03
Tuvalu,TUV,2019,77.2,166.97,221.28,133.92,1124.93,79.77,30.96,209.19,385.09,138.55,166.14,530.94
Uganda,UGA,1990,98378.19,275954.13,191489.97,127096.93,404659.4,95835.72,22087.73,108251.67,285350.07,199545.15,676172.75,135756.67
Uganda,UGA,1991,104478.75,288321.63,198899.75,132240.89,428047.39,99126.27,22965.23,110904.44,304059.02,211329.57,696370.92,144502.58
Uganda,UGA,1992,107068.2,301444.94,202596.16,136543.69,442355.25,102624.33,23709.17,113566.97,314705.78,217043.18,711186.42,150093.26
Uganda,UGA,1993,111726.17,314958.42,207936.31,141474.94,463156.02,106337.81,24605.41,116566,330609.15,226131,727644.51,157836.21
Uganda,UGA,1994,116683.3,328703.39,212440.21,146588.84,483638.03,110194.06,25602.05,119732.67,347955.15,235307.47,738096.14,165678.23
Uganda,UGA,1995,121289.35,342518.28,216188.51,151815.8,501698.97,114218.97,26642.76,122953.67,366268.45,244052.3,753212.25,172806.24
Uganda,UGA,1996,126567.56,357119.38,220143.2,157138.07,521614.46,118422.88,27724.74,126631.55,376605.2,253949.41,772729.04,180623
Uganda,UGA,1997,130334.87,372732.7,221999.8,161593.51,537198.55,122845.61,28775.2,130503.12,387762.97,261274.97,795607.07,186845.87
Uganda,UGA,1998,135504.13,388815.59,224572.31,166657.15,558000.55,127513.14,29972.27,134585.2,401418.4,271073.74,818839.39,194908.06
Uganda,UGA,1999,138456.55,404594.9,224989.51,171171.14,573483.02,132255.09,31108.41,138905.43,410510.47,276611.05,837004.11,201034.59
Uganda,UGA,2000,142493.97,419604.74,226661.59,176949.54,590902.28,137048.4,32225.48,143264.38,426925.59,284180.16,861980.32,207998
Uganda,UGA,2001,145923.4,433646.27,229463.1,183414.51,604292.53,141954.51,33342.7,148235.99,441247.1,291285.18,900059.14,214596.25
Uganda,UGA,2002,145692.92,447547.05,229929.06,189311.29,607818.19,146644.77,34375.31,153733.24,448070.14,292159.45,921486.12,217746.97
Uganda,UGA,2003,145891.95,461439.15,230293.53,195133.4,610343.34,151223.57,35456.81,159560.88,455552.07,292910.01,934853.82,220981.58
Uganda,UGA,2004,148174.68,475104.25,235428.02,202570.8,620189.59,156267.97,36597.73,165637.59,474015.78,299667.81,983835.14,227482.37
Uganda,UGA,2005,148759.14,488738.51,237061.12,208594.65,622128.92,161241.04,37609.03,171380.73,492239.26,301705.01,1014285.22,230873.44
Uganda,UGA,2006,148074.14,501039.29,238036.89,214197.11,623099.53,166207.95,38693.87,177655.73,506689.9,303035.34,1028709.27,234272.31
Uganda,UGA,2007,146650.63,510388.53,238022.56,219300.84,623256.58,171086.11,39680.01,184595.97,515739.42,302606.17,1027434.47,237604.5
Uganda,UGA,2008,142578.31,518579.21,235424.65,223101.3,616422.78,175778.51,40501.12,191703.5,515894.38,296669.97,1010035.94,238318.51
Uganda,UGA,2009,141958.67,526277.3,235569.01,228158.38,617609.16,180635.49,41536.32,199249.61,526116.02,296536.91,1002500.69,242957.93
Uganda,UGA,2010,143585.04,535384.91,239487.28,234943.13,623053.94,185941.75,42683.83,206618.71,547993.27,302394.44,1032006.86,249395.57
Uganda,UGA,2011,146428.68,544539.65,244071.22,241862.77,633271.4,191247.81,43922.63,214466.3,568720.81,309923.37,1052812.13,256756.43
Uganda,UGA,2012,150811.76,553276.09,249905.77,249280.65,650879.42,196742.55,45241.99,222768.41,594899.53,320298.24,1071949.11,266032.55
Uganda,UGA,2013,158697.47,562836.81,262592.63,259721.65,681001.34,203108.89,46619.28,231470.35,642757.42,340960.82,1148430.04,281170.52
Uganda,UGA,2014,164189.23,574458.6,270391.49,268442.85,703470.29,208955.58,48065.31,240716.69,672760.2,354782.77,1183831.7,292504.83
Uganda,UGA,2015,166283.89,590206.5,271307.09,274732.29,714708.05,214061.79,49515.53,249763.55,679460.27,358190.31,1153538.86,298285.79
Uganda,UGA,2016,171350.37,609762.98,277959.17,286037.52,739506.05,219257.62,51357.41,259207.83,701827.76,369030.89,1172639.87,309058.45
Uganda,UGA,2017,173369,630197.38,277230.74,294555.38,746585.8,223955.25,53225.82,268931.55,699248,368508.41,1093535.1,311908.49
Uganda,UGA,2018,177938.07,650800.08,284152.15,304274.16,770440.93,229662.12,55354.1,279441.51,726570.23,375583.17,1086263.66,322282.87
Uganda,UGA,2019,180774.07,671880.34,289724.81,313117.08,787514.57,234826.01,57398.74,290332.28,742524.84,378620.77,1060315.17,328659.79
Ukraine,UKR,1990,252470.35,946755.9,908328.03,729746.84,6685300.6,223669.04,586513.76,977738.72,3298454.81,643404.06,1101142.94,288388.11
Ukraine,UKR,1991,282908.91,956771.75,938267.79,739893.76,7101019.95,223268.89,636533.07,983814.89,3436688.8,683543.87,1087053.12,303183.82
Ukraine,UKR,1992,313856.27,964897.39,964305.04,748252.29,7524425.64,222269.9,689117.28,987949.03,3544244.71,724216.02,1070258.47,317259.29
Ukraine,UKR,1993,343751.82,970796.43,982837.1,755045.33,7970302.19,220738.9,736817.15,989722.47,3589612.06,760225.48,1060654.21,329751.11
Ukraine,UKR,1994,380848.3,973705.46,997972.47,759021.21,8357216.62,219017.51,783000.37,990205.92,3646796.71,803281.23,1058085.06,342158.9
Ukraine,UKR,1995,443644.19,973500.26,1025125.78,763953.02,8911914.74,217108.13,834610.59,989000.6,3799496.07,878884.34,1047061.15,355254.63
Ukraine,UKR,1996,451650.02,970138.76,982505.74,756520.76,8781104.43,214792.9,844825.3,987582.77,3627583.29,874701.23,1023442.29,350865.27
Ukraine,UKR,1997,443025.23,966196.99,921018.26,746984.54,8529881.46,212292.22,832974.61,986261.47,3408431.25,848544.12,997489.03,342442.08
Ukraine,UKR,1998,424443.52,961530.39,841499.73,737431.81,8108084.88,209949.4,811168.93,986296.23,3147629.16,810911.31,973113.47,333072.46
Ukraine,UKR,1999,465652.2,957252.3,824048.42,738244.24,8415772.27,207992.8,819504.75,987364.81,3174421.47,854789.57,961835.12,337512.88
Ukraine,UKR,2000,524592.38,953216.98,799022.45,739789.13,8718175.56,205969.1,834476.46,988279.32,3183992.99,917766.16,952092.41,340413.21
Ukraine,UKR,2001,562296.3,948335.21,742344.13,736802.26,8685827.52,203947.55,836667.72,990588.64,3057171.94,950135.71,938600.8,338196.6
Ukraine,UKR,2002,629786.1,940368.22,706330.26,737656.19,8939176.31,201975.63,843257.64,992935,3016245.11,1017664.48,927196.01,340776.86
Ukraine,UKR,2003,691075.54,930616.34,660170.97,738416.56,9017652.93,199888.12,841452.02,994512.07,2911995.95,1077231.22,917932.4,341442.77
Ukraine,UKR,2004,790135.12,919585.33,627565.9,743758.05,9256277.59,198024.57,851747.16,995887.11,2891183.45,1182687.37,919680.01,347424.69
Ukraine,UKR,2005,864491.55,908549.16,591290.01,748085.4,9494658.03,196250.62,846904.41,995070.51,2803755.19,1261917.06,913925.71,355650.89
Ukraine,UKR,2006,864349.85,898736.24,536132.34,746776.88,9117576.9,194450.7,815834.58,993597.53,2638572.48,1252900.42,913267.23,354284.63
Ukraine,UKR,2007,950871.15,889231.61,512417.49,753080.71,9300472.76,193229.55,799014.77,991850.5,2695306.92,1349414.6,923837.38,363684.02
Ukraine,UKR,2008,970745.74,880668.02,480670,753820.78,9230033.13,192000.28,762452.91,989037.65,2703927.39,1371113.05,919668.01,366472.99
Ukraine,UKR,2009,807252.32,873064.23,424033.01,743540.42,8343132.02,190478.65,682637.33,987333.38,2452123.48,1181881.54,899983.36,352107.8
Ukraine,UKR,2010,726018.63,866099.16,394488.56,742202.97,8049610.51,189751.25,631089.52,987300.53,2378902.95,1092422.66,889621.26,347672.09
Ukraine,UKR,2011,677921.55,858658.65,369202.06,740854.52,7731475.54,189300.01,600338.03,989094.85,2331538.97,1040481.13,880909.35,343313.94
Ukraine,UKR,2012,677603.11,850665.77,354826.71,744248.51,7713769.83,189420.78,588170.15,991895.74,2373194.16,1046467.18,876983.11,343814.93
Ukraine,UKR,2013,684372.13,842093.68,342566.81,747243.77,7657973.8,190204.26,587555.82,994072.27,2390758.93,1061091.7,870834.12,344256.21
Ukraine,UKR,2014,638185.47,835012.55,322380.1,745756.76,7239249.52,189686.82,575009.98,995876.36,2276593.57,1008342.72,866997.46,338669.85
Ukraine,UKR,2015,848332.45,828664.19,355483.5,773166.36,8599915.92,191853.63,619650.31,997251.36,2769975.02,1282465.6,900332.74,371876.28
Ukraine,UKR,2016,810516.23,823919.43,345836.01,773987.11,8326531.7,191354.17,611662.13,990590.15,2699089.98,1242617.11,891271.21,373951.57
Ukraine,UKR,2017,785972.58,819084.9,351772.52,772406.49,8226515.22,189503.51,608431.69,983948.31,2670031.48,1210776.83,878068.53,377064.3
Ukraine,UKR,2018,772150.12,814145.81,361209.41,770915.01,8361218.09,188057.6,606311.87,982437.27,2705641.1,1193686.18,866554.21,376751.7
Ukraine,UKR,2019,759649.44,809027.18,364900.22,767245.79,8305261.3,186576.71,607773.46,982460.01,2693350.32,1176626.82,856375.18,373359.65
United Arab Emirates,ARE,1990,2525.95,33296.24,19134.87,19453.76,54516,7063.98,6666.33,22229.37,25386.7,6576.26,57086.18,17446.22
United Arab Emirates,ARE,1991,2726.64,35584.42,20495.47,20785.33,58087.78,7465.7,7361.84,23991.67,27258.84,7029.28,56196.71,18794.97
United Arab Emirates,ARE,1992,2928.98,38064.79,21959.45,22168.54,62026.25,7889.29,8161.01,25908.41,29209.02,7508.4,55526.11,20170.73
United Arab Emirates,ARE,1993,3136.51,40718.45,23501.94,23627.68,66338.16,8336.48,9083.07,27965.32,31231.33,8014.31,54464.55,21685.69
United Arab Emirates,ARE,1994,3367.48,43485.4,25006.99,25163.21,70850.7,8811.53,10036.46,30132.14,33368.75,8557.27,53688.71,23397.26
United Arab Emirates,ARE,1995,3594.06,46352.08,26512.12,26679.32,74762.86,9300.31,11145.74,32336.21,35537.91,9091.21,52828.77,24987.2
United Arab Emirates,ARE,1996,3798.79,49287.16,27797.56,28199.87,78163.93,9824.5,12292.93,34520.81,37584.71,9588.6,52528.74,26525.21
United Arab Emirates,ARE,1997,3944.37,52304.55,28963.45,29758.07,81257.38,10370.98,13571.99,36739.62,39516.68,10015.43,53490.12,27944.64
United Arab Emirates,ARE,1998,4107.78,55486.88,30002.2,31341.63,84036.4,10951.07,14990.27,39063.41,41536.77,10486.11,55676.82,29402.54
United Arab Emirates,ARE,1999,4293.78,58828.27,31220.3,33091.46,87423.6,11556.66,16555.97,41544.5,43930.64,11009.52,58619.13,31140.76
United Arab Emirates,ARE,2000,4503.83,62385.05,32418.55,34865.47,90926.55,12174.42,18012,44235.03,46516.24,11582.85,61165.55,33090.32
United Arab Emirates,ARE,2001,4675.58,66122.49,33934.17,36807.96,93175.92,12805.54,19725.8,47217.38,49120.69,12136.27,63998.14,35154.73
United Arab Emirates,ARE,2002,4871.09,70034.91,35957.43,38858.78,95978.38,13452.78,21658.96,50502.6,52027.78,12755.94,66829.66,37621.05
United Arab Emirates,ARE,2003,5068.95,74055.94,38016.79,40863.81,99130.52,14093.05,23476.83,54075.4,54720.69,13412.42,68850.86,40611.58
United Arab Emirates,ARE,2004,5312.09,78081.6,40276.94,42885.31,103418.97,14724.47,25417.82,57851.94,57776.7,14149.11,70308.05,44172.87
United Arab Emirates,ARE,2005,5581.7,81869.56,42300.69,44811.45,106871.76,15314.87,27290.63,61708.47,61026.99,14898.23,72025.11,47359.96
United Arab Emirates,ARE,2006,5992.15,92568.21,46698.04,50418.35,113184.77,17151.41,32424.77,69806.24,66574.2,16394.75,77620.28,51517.44
United Arab Emirates,ARE,2007,6520.91,113187.61,54667.19,61302.32,122144.42,20761.54,43004.55,84305.67,75029.39,18786.4,89307.8,57791.01
United Arab Emirates,ARE,2008,7239,141709.21,64762.64,76273.23,135410.06,25738.27,57369.44,104140.13,86246.2,22189.98,105111.04,65621.98
United Arab Emirates,ARE,2009,8063.72,164452.8,74033.52,88308.23,151581.73,29581.77,70086.45,121680.94,97704.25,25372.7,117910.73,74148.67
United Arab Emirates,ARE,2010,8719.66,169216.02,78234.16,90871.66,164871.22,30054.31,73659.26,129614.15,105356.57,27035.3,121306.56,80512
United Arab Emirates,ARE,2011,9507.46,173202.69,82077.41,92723.92,179167.96,30394.65,76183.3,136945.82,113554.2,28729.99,124010.53,86732.44
United Arab Emirates,ARE,2012,10366.87,176849.62,85653.11,94257.97,195224.52,30735.74,77879.17,144044.44,122256.15,30451.37,126322.93,93383.15
United Arab Emirates,ARE,2013,11397.08,180174.46,89793.38,95848.53,212902.88,31048.66,79605.36,150847.05,133478.8,32392.2,128714.39,100934.39
United Arab Emirates,ARE,2014,12328.07,183043.76,93692.15,97435.55,227592.85,31351.8,80553.69,157638.79,145016.97,34129.1,130889.14,107517.41
United Arab Emirates,ARE,2015,13315.4,185474.18,97730.35,98854.14,247504.04,31597.27,80724.1,164066.06,156436.77,36003.84,132498.15,116246.83
United Arab Emirates,ARE,2016,14525.31,187057.37,101167.29,100455.43,267542.1,31799.81,80727.89,170483.32,168634.98,38075.81,134079.78,125498.6
United Arab Emirates,ARE,2017,15792.57,188715.1,104789.72,101982.99,289307.64,31957.36,80368.62,176771.5,181488.98,40210.02,135447.52,136083.72
United Arab Emirates,ARE,2018,17091.07,190370.56,109322.19,103480.54,310841.83,32089.14,80004.2,183175.52,195615.42,42271.99,136604.32,147964.47
United Arab Emirates,ARE,2019,18427.71,192408.95,114082.28,104945.15,333214.51,32207.43,79377.37,189868.78,210429.77,44358.89,137803.2,161080.82
United Kingdom,GBR,1990,137680.78,1235604.19,1175412.98,1006848.85,5140715.5,420928.64,311895.81,1683501.72,3675162.8,580145.22,1227266.99,471048.16
United Kingdom,GBR,1991,141117.03,1229740.81,1177174.01,1010424.14,5026131.18,420931.66,324771.3,1698296.75,3651085.59,596730.63,1196496.32,470382.66
United Kingdom,GBR,1992,145231.26,1225001.13,1178098.64,1013640.19,4907878.27,421289.07,337921.88,1714290.64,3633445.61,613745.06,1162679.67,468332.46
United Kingdom,GBR,1993,152641.89,1222222.28,1187084.73,1018504.46,4842423.21,422005.88,351878.47,1729777.73,3639822.61,633966.03,1139391.61,469924.5
United Kingdom,GBR,1994,159242.44,1222176.17,1177322.91,1021738.38,4653860.14,423257.34,368053.73,1743632.75,3591753.05,646828.87,1123305.48,467153.8
United Kingdom,GBR,1995,171058.98,1225293.94,1187258.1,1031405.94,4574776.83,424780.31,384119.99,1755861.94,3586440.06,666498.87,1116813.8,469929.1
United Kingdom,GBR,1996,182233.52,1231033.26,1181578.17,1040009.8,4448723.13,426722,402617.85,1768693.77,3550241.07,681631,1117023.49,476757.6
United Kingdom,GBR,1997,193118.73,1238057.87,1170907.82,1047334.57,4307916.25,429165.12,423417.27,1786234.2,3512773.9,695986.1,1118699.35,494274.05
United Kingdom,GBR,1998,206319.65,1245720.2,1161614.27,1056839.98,4213313.33,432023.96,446081.58,1806165.44,3508766.57,714933.88,1120811.19,518874.11
United Kingdom,GBR,1999,219080.12,1253509.4,1159218.5,1067461.24,4113293.97,435051.24,466977.49,1826051.92,3502076.02,734286.49,1125020.88,541949.64
United Kingdom,GBR,2000,228208.39,1260595.1,1145052.74,1075815.09,3934793.22,437930.55,480717.93,1843571.22,3447419.57,744893.06,1128557.68,552327.9
United Kingdom,GBR,2001,238205.17,1264872.23,1142011.55,1089584.9,3799243.33,440801.98,496054.4,1860481.61,3406785.93,754787.47,1136850.9,560492.15
United Kingdom,GBR,2002,249070.88,1265432.27,1155492.68,1107334.48,3725429.19,444027.13,506541.09,1878739.43,3413894.75,768768.61,1147975.88,573450.15
United Kingdom,GBR,2003,257619.38,1264505.49,1166761.15,1124703.56,3615079.45,447129.75,515583.69,1896876.27,3423183.3,777692.02,1162185.02,585914.23
United Kingdom,GBR,2004,259759.16,1264551.79,1159777.11,1136566.15,3430490.51,450233,526353.84,1914391.15,3390848.62,775321.53,1170378.38,594098.42
United Kingdom,GBR,2005,264541.09,1268131.18,1161934.22,1151999.05,3294732.83,453469.69,538755.19,1931756.53,3376112.39,779781.5,1181302.05,604309.99
United Kingdom,GBR,2006,272418.27,1275726.24,1162965.69,1167623.86,3181370.27,456900.2,554937.15,1943772.23,3387580.85,789356.54,1185674.12,616148.36
United Kingdom,GBR,2007,275581.01,1285381.4,1168428.21,1182187.57,3084339.74,460648.92,571537.71,1950208.05,3402191.47,792957.09,1179358.21,629804.54
United Kingdom,GBR,2008,278802.32,1296277.59,1176662.1,1196110.24,3010045.62,464508.73,586788.38,1954481.44,3422871.38,797541.72,1164830.47,645300.14
United Kingdom,GBR,2009,276073.95,1307679.2,1173326.88,1204728.23,2898275.62,468253.88,594766.13,1960694.94,3402312.73,791293,1150444.52,657418.54
United Kingdom,GBR,2010,274648.47,1318875.86,1180239.6,1217210.57,2830998.32,471787.02,599037.17,1974374.99,3394785.26,791518.53,1145251.05,672287.78
United Kingdom,GBR,2011,270665.1,1333564.32,1186884.75,1227062.9,2763813.18,474721.14,603806.22,1983374.42,3394202.38,791380.42,1149328.1,687988.74
United Kingdom,GBR,2012,266778.09,1353178.94,1197868.26,1240849.75,2744413.33,477467.41,613581.05,1980159.33,3417317.05,797202.73,1164418.91,709283.66
United Kingdom,GBR,2013,269921.85,1373955.36,1207664.55,1253596.91,2744502.04,479901.13,627974.11,1971629.86,3458902.45,810850.85,1181414.42,731663.27
United Kingdom,GBR,2014,270837.83,1392478.26,1203712.42,1263293.21,2716159.76,482163.36,640801.1,1966547.75,3478176.38,818937.4,1199626.58,750974.44
United Kingdom,GBR,2015,277356.81,1404919.47,1221479.52,1278190.01,2743901.79,484761.35,650006.99,1973608.07,3533700.01,834923.11,1214249.7,769776.69
United Kingdom,GBR,2016,282870.9,1406487.95,1227217.16,1290898.03,2752828.09,487372.53,646607.64,2008912.05,3580497.52,838955.37,1213307.68,782278.62
United Kingdom,GBR,2017,284206.1,1407225.28,1233480.74,1304135.77,2776335.31,490084.86,637882.21,2044537.42,3612738.5,838447.95,1211424.19,793862.17
United Kingdom,GBR,2018,283824.53,1410015.07,1260791.82,1321484.65,2872485.8,493979,633379.36,2061414.5,3696642.34,856125.06,1223814.91,811947.22
United Kingdom,GBR,2019,283251.01,1408953.28,1285742.68,1335367.99,2922465.87,499330.82,632070.98,2078594.35,3748473.68,882863.65,1238169.81,832926.35
United States,USA,1990,1096610.98,5190539.72,4042277.02,3915686.69,16510439.31,1735432.2,2345275.05,8883958.56,12727567.26,2579264.67,4658270.25,2996131.05
United States,USA,1991,1094463.88,5326026.65,4062540.68,3993804.99,16382040.5,1747234.16,2383993.49,8900046.38,12808546.15,2554319.57,4609279.11,2993448.35
United States,USA,1992,1097233.01,5459797.29,4085661.31,4067177.41,16222144.02,1760663.52,2429757.95,8939967.44,12894423.2,2536410.44,4545256.54,3005258.3
United States,USA,1993,1126891.63,5588303.36,4169235.69,4150175.4,16432142.19,1776200.94,2483582.7,9005395.89,13174941.14,2562320.27,4514108.16,3073377.55
United States,USA,1994,1142281.04,5712326.88,4221456.1,4218282.45,16394877.68,1793012.06,2534523.23,9092555.32,13298230.56,2571941.28,4469704.62,3133694.56
United States,USA,1995,1161053.08,5827439.41,4294701.37,4287577.45,16447517.88,1812041.12,2587289.02,9216578.91,13441029.99,2594393.78,4432279.43,3225822.33
United States,USA,1996,1166494.42,5979534.5,4360815.65,4332225,16303850.06,1833913.76,2641631.23,9378204.77,13387861.99,2604083.21,4412367.35,3321358.11
United States,USA,1997,1176992.22,6186576.44,4446588.35,4357621.77,16178789.48,1857704.3,2711005.19,9582736.03,13339709.63,2624973.57,4418490.38,3434365.25
United States,USA,1998,1194770.41,6408926.3,4566427.5,4382502.37,16161496.88,1882856.27,2794303.61,9806324.86,13369652.89,2658976.8,4442349.53,3576168.15
United States,USA,1999,1221923.26,6606910.34,4715545.69,4416469.17,16254527.84,1908240.36,2920062.23,10024425.79,13489608.49,2713436.22,4475965.83,3749953.88
United States,USA,2000,1264280.06,6734346.77,4820752.03,4474580.37,16199084.12,1929606.07,3064541.33,10218725.94,13569422,2779543.51,4520323.21,3904742.8
United States,USA,2001,1312784.32,6796160.8,4912513.68,4547478.23,16133721.8,1945075.29,3245471.61,10366932.38,13652809.95,2849593.41,4539991.52,4063344.79
United States,USA,2002,1357615.91,6831151.31,5003390.66,4628349.56,16104220.4,1955689.76,3464485.78,10487357.37,13752469.89,2909733.54,4552800.82,4230655.7
United States,USA,2003,1392311.92,6852186.63,5083865.55,4705841.49,15943132.93,1963810.78,3682755.56,10592405.48,13786014.85,2953212.24,4552083.52,4391589.87
United States,USA,2004,1398656.29,6874571.05,5125192.85,4769557.11,15551835.34,1971622.54,3876832.08,10694445.77,13693241.25,2957187.29,4540872.95,4514699.33
United States,USA,2005,1443312.68,6908923.85,5241176.76,4857083.99,15529535.68,1983113.63,4063801.81,10820073.89,13815660.85,3017734.18,4569176.37,4699455.78
United States,USA,2006,1473447.34,6962950.36,5331808.61,4928021.03,15347012.93,1995249.17,4215530.78,10948848.47,13889801.31,3056520.81,4590224.71,4853057.61
United States,USA,2007,1495493.9,7025122.48,5458641.25,4998812.51,15139740.82,2007425.82,4324788.64,11077872.23,13965067.78,3084666.93,4595920.22,5020836.95
United States,USA,2008,1532849.21,7087610.42,5638312.01,5079033.81,15124539.73,2020205.42,4435846.02,11210443.02,14169067.49,3131637.42,4571341,5219252.09
United States,USA,2009,1570605.37,7144039.35,5772688.77,5148245.99,15032863.5,2033190.57,4561123.26,11348468.6,14320814.8,3173969.94,4538922.41,5383460.1
United States,USA,2010,1588412.64,7182585.24,5886938.43,5222102.19,14951801.1,2048826.59,4701394.34,11500302.4,14344746.77,3197548.81,4527346.43,5509868.06
United States,USA,2011,1639980.33,7181901.69,6021815.43,5308265.76,15103705.44,2065947.36,4915912.91,11660693.69,14545950.15,3269412.48,4583188.16,5624004.93
United States,USA,2012,1679016.09,7138084.72,6139745.37,5393412.64,15200920.13,2083173.4,5156596.45,11829827.99,14692515.67,3327845.44,4677718.63,5732811.21
United States,USA,2013,1719964.15,7078574.98,6268122.11,5485521.57,15379559.56,2101084.32,5458296.37,12010731.38,14867677.96,3393954.09,4797096.16,5860900.52
United States,USA,2014,1762966.53,7032253.15,6382355.57,5568244.65,15593777.64,2118729.14,5817733.47,12204213.06,15071182.09,3464463.11,4917942.8,6005514.11
United States,USA,2015,1806093.07,7022558.31,6517684.74,5655336.9,15912906.74,2137487.73,6234440.62,12417815.28,15304819.98,3539654.49,5016140.98,6170717.32
United States,USA,2016,1844814.11,7042904.85,6618343.54,5727370.29,16288066.86,2154293.39,6725842.92,12752158.13,15632072.17,3608405.04,5059624.51,6318184.54
United States,USA,2017,1826308.42,7071255.88,6678532.78,5778024.99,16467973.02,2169658.74,7051162.07,13144261.52,15851967.57,3605493.02,5065439.64,6390746.37
United States,USA,2018,1831531.16,7159169.45,6849380.74,5842813.57,16916879.85,2186013.5,7210472.25,13524152.87,16276823.43,3641283.95,5097007.18,6560342.52
United States,USA,2019,1825799.85,7314821.3,7003710.18,5882170.99,17266977.01,2201262.84,7397215.29,13951637.37,16651971.9,3667587.07,5146586.99,6752923.41
United States Virgin Islands,VIR,1990,641.46,1800.68,604.13,1217.25,5426.81,579.94,653.9,1539.81,3506.56,1265.03,2067.35,1828.47
United States Virgin Islands,VIR,1991,645.65,1811.13,603.59,1239.18,5413.5,581.76,668.03,1575.28,3586.11,1270.01,2051.05,1891.63
United States Virgin Islands,VIR,1992,656.68,1824.34,608.28,1260.6,5494.52,584.77,682.59,1612.03,3692.49,1285.13,2043,1970.3
United States Virgin Islands,VIR,1993,672,1838.58,615.64,1284.41,5622.4,588.25,697.95,1650.16,3820.79,1307.01,2042.52,2058.5
United States Virgin Islands,VIR,1994,693.61,1853.72,625.35,1310.37,5795.42,591.62,714.49,1688.5,3979.19,1337.86,2052.27,2157.9
United States Virgin Islands,VIR,1995,689.98,1869.9,629.8,1337.57,5782.28,598.22,729.4,1726.16,4053.09,1338.02,2067.5,2226.39
United States Virgin Islands,VIR,1996,693.64,1887.42,639.74,1358.19,5908.9,607.92,744.66,1764.79,4175.53,1348.45,2066.69,2307.8
United States Virgin Islands,VIR,1997,688.98,1904.81,647.81,1374.87,5978.66,620.02,767.35,1803.41,4258.14,1351.43,2058.88,2363.09
United States Virgin Islands,VIR,1998,688.2,1923.53,658.06,1392.01,6086.65,631,786.1,1842.51,4360.57,1358.64,2053.21,2431.83
United States Virgin Islands,VIR,1999,693.23,1940.07,673.91,1415.37,6288.99,641.45,805.53,1881.19,4530.71,1378.55,2058.24,2530.41
United States Virgin Islands,VIR,2000,681.84,1953.16,681.56,1434.15,6372.08,649.47,819.22,1917.45,4653.83,1375.06,2063.19,2605.4
United States Virgin Islands,VIR,2001,688.52,1965.41,695.32,1451.37,6496.07,655.64,822.93,1953.55,4790.22,1391.21,2057.86,2701.59
United States Virgin Islands,VIR,2002,689.43,1975.84,698.6,1466.67,6519.04,658.94,814.3,1987.49,4906.99,1392.9,2033.48,2775.54
United States Virgin Islands,VIR,2003,693.26,1985.86,706.71,1483.25,6591.28,661.01,802.89,2021.41,5021.56,1400.36,2017.29,2865.37
United States Virgin Islands,VIR,2004,697.1,1993.66,715.84,1498.36,6687.72,661.88,795.6,2053.25,5158.87,1409.33,2007.82,2964.86
United States Virgin Islands,VIR,2005,696.95,1999.23,722.81,1510.23,6784.06,662.66,791.86,2082.83,5276.06,1411.22,2000.96,3053.76
United States Virgin Islands,VIR,2006,713.8,2000.37,741.66,1526.79,7093.55,664.51,799.56,2111.6,5522.03,1440.48,1997.88,3189.78
United States Virgin Islands,VIR,2007,837.68,2000.04,811.6,1551.05,8358.09,678.17,842.44,2139.05,6396.28,1610.16,1991.16,3551.92
United States Virgin Islands,VIR,2008,837.13,1997.62,818.2,1562.38,8497.13,678.68,852.52,2163.03,6570.93,1614.78,1987,3649.44
United States Virgin Islands,VIR,2009,841.85,1993.87,827.13,1575.02,8616.39,679.4,860.07,2185.2,6730.74,1625.98,1984.02,3743.18
United States Virgin Islands,VIR,2010,850.33,1990.08,835.05,1589.3,8731.42,680,861.82,2205.25,6891.86,1640.8,1980.82,3843.26
United States Virgin Islands,VIR,2011,855.62,1987.82,839.9,1602.01,8845.79,679.84,862.4,2223.19,7010.48,1648.65,1976.34,3924.41
United States Virgin Islands,VIR,2012,863.48,1985.42,848.36,1616.46,9000.46,680.82,863.94,2241.07,7134.57,1661.92,1981.22,4016.72
United States Virgin Islands,VIR,2013,867.13,1983.62,855.13,1627.67,9130.91,681.7,862.02,2257.57,7215.36,1669.53,1983.81,4093.24
United States Virgin Islands,VIR,2014,869.16,1980.95,861.88,1639.78,9270.62,682.6,860.31,2271.28,7281.94,1675.24,1985.66,4164.27
United States Virgin Islands,VIR,2015,871.88,1975.91,870.26,1654.42,9447.41,682.31,859.95,2280.51,7365.62,1680.99,1980.19,4232.99
United States Virgin Islands,VIR,2016,864.88,1966.44,873.53,1666.79,9471.84,681.27,847.86,2284.48,7339.28,1674.81,1964.06,4251.41
United States Virgin Islands,VIR,2017,863.51,1956.78,883.97,1685.23,9619.2,681.53,838.77,2287.1,7373.66,1680.36,1962.48,4303.09
United States Virgin Islands,VIR,2018,860.04,1953.81,887.97,1701.35,9724.04,680.59,830.66,2291.73,7400.3,1678.83,1955.9,4354.56
United States Virgin Islands,VIR,2019,854.93,1956.51,889.52,1714.95,9808.82,678.98,819.81,2296.28,7415.1,1673.6,1945.61,4405.8
Uruguay,URY,1990,14149.54,54333.22,38593.74,39024.83,219359.64,19879.43,11883.31,69285.37,197751.63,35646.05,73440.59,29553.53
Uruguay,URY,1991,14600.44,54558.01,37776.39,39991.04,209960.4,20026.25,11888.51,69851.59,201281.04,36749.41,74203.71,29212.67
Uruguay,URY,1992,14449.42,54819.38,39617.84,40094.62,213705,20256.96,12091.08,70511.07,200253.15,36402.52,73892.79,29735.45
Uruguay,URY,1993,14532.86,55073.09,41105.59,40418.18,217237.18,20438.38,12252.11,71215.82,201261.64,36587.85,74867.47,30364
Uruguay,URY,1994,14527.06,55396.09,41716.67,40799.19,212889.04,20619.26,12437.6,71837.9,199739.56,36360.59,75235.07,30115.96
Uruguay,URY,1995,14349.87,55728.63,43043.78,41300.91,213103.96,20820.1,12654.87,72440.86,200607.74,36357.87,75695.81,30264.54
Uruguay,URY,1996,14112.86,56091.15,43489.31,41700.22,209640.57,21024.45,12975.57,73107.62,199850.63,35971.43,75264.51,30069.48
Uruguay,URY,1997,14057.17,56539.74,43969.93,42262.95,204934.62,21223.57,13441.11,73785.17,198793.67,36093.76,74599.63,29563.59
Uruguay,URY,1998,14024.81,56960.02,45596.53,42990,207412.66,21400.29,13800.26,74704.32,200764.48,36356.9,73716.82,30365.79
Uruguay,URY,1999,13854.03,57397.38,46201.45,43481.34,204860.21,21618.44,14064.05,75572.86,200163.94,36131.3,72415.8,30796.87
Uruguay,URY,2000,13327.96,57830.09,45421.13,43808.87,198314.01,21713.47,14085.56,76364.17,198317.12,35442.3,71591.34,30639.88
Uruguay,URY,2001,12861.18,58295.03,45948.46,44322.76,194475.92,21906.92,14188.91,77198.83,196533.31,34991.13,71642.92,30963.44
Uruguay,URY,2002,12447.79,58851.8,46217.78,44898.55,194075.12,22144.07,14121.35,78020.6,198545.2,34842.85,72179.03,31903.72
Uruguay,URY,2003,12076.39,59410.89,47119.3,45531.76,194455,22309.21,14237.28,78861.1,199642.34,34552.19,73372.94,32920.36
Uruguay,URY,2004,11822.33,59930.59,46973.23,45904.27,191635.56,22339.66,14412.34,79688,199040.95,34355.44,71985.76,33605.64
Uruguay,URY,2005,11701.36,60325.13,46567.71,46155.41,186529.61,22321.91,14486.27,80466.71,198347.45,34236.78,70483.1,33936.32
Uruguay,URY,2006,11440.74,60609.8,46154.24,46504.35,179992.46,22323.65,14707.6,81356.61,197097.25,33959.99,69288.13,34186.97
Uruguay,URY,2007,11768.68,60883.3,47569.74,47436.19,182188.58,22283.49,15045.67,82393.14,202258.99,34942.47,69650.49,35796.01
Uruguay,URY,2008,11296.07,61140.85,46548.28,47757.65,173227.33,22162.37,15398.94,83464.92,199021.92,34225.8,69421.28,35430.25
Uruguay,URY,2009,11085.13,61438.92,46611.98,48311.31,167534.41,22127.31,15663.61,84535.55,198406.08,34045.81,68974.2,35786.32
Uruguay,URY,2010,10924.09,61751.83,47020.97,49111.85,165712.4,22130.17,15992.92,85518.36,201482.95,34196.62,70185.71,36735.52
Uruguay,URY,2011,11130.46,62163.25,47924.64,50215.64,167957.52,22193.53,16068.84,86457.07,203363.73,34864.54,71002.9,38332.97
Uruguay,URY,2012,11171.79,62717.42,48176.45,50879.2,165407.27,22195.84,16048.75,87356.96,203324.27,35080.47,71152.11,39464.67
Uruguay,URY,2013,10950,63289.79,48109.99,51446.23,161969.02,22192.55,16152.75,88268.59,202821.58,34826.6,71332.52,40501.3
Uruguay,URY,2014,10793.32,63837.64,47938.14,51903.29,159022.69,22111.06,16179.23,89133.51,201953.13,34536.58,70735.82,41484.18
Uruguay,URY,2015,10774.83,64189.62,48876.43,52652.2,159898.23,22050.28,16242.77,89889.29,203753.9,34496.39,71018.25,42798.15
Uruguay,URY,2016,10639.72,64332.11,49439.7,53121.95,159404.68,22059.88,16281.66,90138.87,203852.43,34424.79,71239.61,44238.86
Uruguay,URY,2017,10834.7,64468.55,49702.53,53509.35,161651.17,22198.5,16398.34,90380.94,206741.8,34873.84,70925.41,45466.25
Uruguay,URY,2018,10921.12,64595.04,49913.52,53886.19,162635.88,22303.92,16492.79,91531.94,208699.45,35073.26,70619.23,46549.98
Uruguay,URY,2019,11026.46,64717.81,50256.97,54320.17,164182.67,22402.92,16584.93,93532.23,211090.52,35337.96,70309.91,47678.69
Uzbekistan,UZB,1990,150132.11,243004.96,163057.66,212832.49,1080735.93,127858.77,83486.39,192037.54,440511.34,236301.25,405417.84,152092.14
Uzbekistan,UZB,1991,165704.87,249196.54,169163.88,219862.79,1161082.65,130648.21,89023.29,197332.23,451385.73,253992.18,408764.53,163973.11
Uzbekistan,UZB,1992,186007.45,255363.25,177870.59,227933.13,1276015.21,133349.35,94483.23,202715.09,466425.96,276885.52,410519.21,179391.17
Uzbekistan,UZB,1993,216519.38,261541.92,191930.81,237841.93,1436971.28,135856.07,102829.15,208255.63,493360.95,312241.75,416106.59,201669.13
Uzbekistan,UZB,1994,246607.06,267671.79,206511.17,246706.08,1576151.15,138282.6,112761.04,213445.41,515884.91,346406.94,422377.49,223196.45
Uzbekistan,UZB,1995,272656.85,273980.49,217073.19,253596.54,1668143.38,140490.32,122402.97,218452.61,530314.43,375022.75,430566.7,240130.44
Uzbekistan,UZB,1996,298725.35,280414.89,224923.79,262166.26,1757679.2,142492.76,129897.02,224056.72,542322.01,403883.47,437440.23,255317.97
Uzbekistan,UZB,1997,309452.47,286687.51,222712.04,269999,1779118.78,144380.66,134238.81,229630.37,537128.06,415946.03,442304.3,261143.07
Uzbekistan,UZB,1998,316146.89,293336.67,221147.31,276614.43,1821122.13,146005.39,137193.55,235499.57,537751.73,423074.58,446990.15,269547.94
Uzbekistan,UZB,1999,324595.81,299951.61,216094.88,282447.52,1848905.75,147540.21,137994.66,241414.37,538576.51,432634.35,452881.46,277773.93
Uzbekistan,UZB,2000,343047.42,306677.96,216871.91,291046.77,1955503.51,148869.74,136476.97,247476.57,551218.83,453859.15,463756.33,294734.64
Uzbekistan,UZB,2001,354861.33,313383.03,211743.22,298224.41,2035179.3,150040.62,132115.34,253633.53,555107.93,467450.46,470809.69,306277.8
Uzbekistan,UZB,2002,366534.5,320182.6,207427.65,303676.15,2136141.69,151163.43,125560.36,260305.09,560284.72,479375.72,481519.8,322312.76
Uzbekistan,UZB,2003,379109.3,326728.34,202450.02,310180.94,2227419.2,152306.61,119175.62,267165.12,564066.22,493404.34,487519.36,340689.63
Uzbekistan,UZB,2004,400251.12,333245.23,195257.68,315448.4,2311808.8,153503.05,112806.18,274541.55,562618.57,516812.89,489046.85,362856.32
Uzbekistan,UZB,2005,424525.43,339670.79,193166.07,321421.04,2442768.96,154608.47,111148.16,280895.68,584259.96,544013.23,493850.74,393399.71
Uzbekistan,UZB,2006,414322.09,345794.47,180196.36,322342.38,2399707.74,155895.52,108968.79,286514.43,581040.72,532062.74,494259.23,388154.09
Uzbekistan,UZB,2007,417561.04,351623.24,170155.38,325150.04,2404689.94,157300.3,106524.01,293326.28,587239.46,535209.15,496977.32,397893.31
Uzbekistan,UZB,2008,411402.73,357289.85,160265.26,325774.6,2414216.72,158950.97,103985.86,300399.18,583533.78,528034.27,498196,404549.14
Uzbekistan,UZB,2009,405056.03,363159.28,150064.8,325981.23,2382660.6,160872.51,102385.46,307975.64,578262.86,520650.98,499395.74,413671.49
Uzbekistan,UZB,2010,404417.53,369416.28,145033.63,327931.45,2401191.97,162935.14,100716.4,315420.03,585134.31,519859.62,501350.94,416720.99
Uzbekistan,UZB,2011,414998.11,376285.91,145097.23,331387.23,2476553.38,165312.21,100191.16,323531.95,608111.39,532090.45,508099.45,431010.31
Uzbekistan,UZB,2012,427743.32,383203.17,145906.93,335591.16,2538234.15,167849.73,99137.83,332504.68,633845.48,546676.25,518762.92,443592.3
Uzbekistan,UZB,2013,431876.08,390232.01,147569.5,338544.77,2552258.12,170398.51,98075.65,341834.91,652576.16,552178.65,529467.06,449218.44
Uzbekistan,UZB,2014,440062.8,397496.83,148661.21,341259.96,2577694.41,173110.07,97557.24,351156.55,677497.1,562825.77,541194.85,464470.54
Uzbekistan,UZB,2015,447595.97,404806.72,149698.81,343060.83,2605286.1,175659.45,97910.96,360056.39,701289.13,572492.02,552281.7,480321.25
Uzbekistan,UZB,2016,459120.43,411713.58,152310.73,348983.85,2630354.82,178214.07,99891.49,369450.04,727021.53,586758.99,556709.6,504506.58
Uzbekistan,UZB,2017,469110.05,418617.12,157087.05,354759.71,2658693.46,180764.98,103384.73,379056.77,741086.7,599348.22,554598.64,520583.56
Uzbekistan,UZB,2018,478529.23,425845.6,162298.2,360514.69,2693581.46,183083.25,107768.76,389006.09,757889.25,611251.98,555314.47,537755.24
Uzbekistan,UZB,2019,488946.67,433315.1,167293.11,366589.56,2711965.8,185221.76,113757.65,399172.42,773366.22,624149.53,556904.62,554030.69
Vanuatu,VUT,1990,1017.08,1811.47,2903.09,1261.74,9585.2,983.07,266.98,1817.91,2457.94,1894.87,2869.69,1805.73
Vanuatu,VUT,1991,1081.3,1859.22,3058.93,1305.96,10244.57,1008.34,278.6,1879.01,2642.4,2010.28,2935.41,1936.98
Vanuatu,VUT,1992,1132.75,1908.84,3193.44,1348.23,10842.41,1034.05,289.72,1940.33,2805.61,2107.71,3001.6,2062.45
Vanuatu,VUT,1993,1167.22,1958.26,3292.32,1387.11,11327.2,1060.26,299.87,2001.26,2925.26,2177.32,3063.11,2173.52
Vanuatu,VUT,1994,1216.8,2010.14,3416.89,1430.49,11935.33,1088.09,310.65,2064.31,3099.25,2268.82,3132.93,2312.16
Vanuatu,VUT,1995,1220.79,2063.9,3436.44,1465.33,12126.01,1113.67,319.04,2126.53,3140.58,2286.15,3189.41,2379.11
Vanuatu,VUT,1996,1253.17,2118.43,3521.59,1506.61,12581.61,1142.47,329.83,2191.5,3266,2347.6,3272.7,2513.4
Vanuatu,VUT,1997,1275.35,2174.69,3577.26,1546.81,12933.65,1171.37,340.35,2258.5,3357.6,2390.3,3348.42,2630.82
Vanuatu,VUT,1998,1296.29,2231.99,3632.54,1588.22,13299.84,1201.51,351.24,2329.18,3456.08,2434.43,3426.73,2758.36
Vanuatu,VUT,1999,1329.89,2291.92,3747.06,1639.49,13834.55,1234.91,363.36,2407.35,3619.24,2504.62,3615.5,2925.68
Vanuatu,VUT,2000,1313.3,2356.69,3707.1,1676.83,13897.1,1266.91,372.83,2486.67,3633.83,2483.98,3717.56,3004.92
Vanuatu,VUT,2001,1333.32,2423.89,3765.64,1725.55,14478.88,1302.95,385.92,2575.78,3791.52,2527.38,3820.59,3217.59
Vanuatu,VUT,2002,1290.06,2493.04,3670.84,1758.2,14367.61,1335.89,395.25,2667.35,3732.58,2464.29,3898.37,3292.78
Vanuatu,VUT,2003,1265.21,2564.51,3621.25,1794.32,14477.56,1369.99,405.23,2763.94,3736.26,2431.58,3940.55,3421.71
Vanuatu,VUT,2004,1283.69,2638.2,3669.07,1843.73,15008.86,1408.06,419.19,2865.22,3873.59,2467.05,3978.29,3662.52
Vanuatu,VUT,2005,1343.03,2713.65,3838.64,1911.58,16020.47,1449.64,437.89,2969.49,4161.1,2574.95,4089.63,4013.95
Vanuatu,VUT,2006,1380.51,2790.66,3948.89,1975.05,16765.5,1487.76,453.68,3073.51,4377,2642.29,4164.71,4257.3
Vanuatu,VUT,2007,1435.35,2864.06,4108.55,2045.92,17692.76,1528.78,471.68,3180.26,4666.97,2741.58,4335.15,4553.55
Vanuatu,VUT,2008,1474.69,2939.64,4221.49,2112.88,18478,1568.5,487.45,3287.62,4903.72,2814.34,4414.31,4831.11
Vanuatu,VUT,2009,1505.14,3013.49,4297.84,2172.1,19101.8,1607.38,502.64,3394.22,5090.57,2864.3,4473.95,5080.88
Vanuatu,VUT,2010,1536.9,3087.39,4378.83,2235.8,19712.41,1646.93,516.68,3498.5,5284.9,2916.84,4527.57,5340.21
Vanuatu,VUT,2011,1587.86,3160.41,4514.62,2304.87,20630.33,1687.34,532.11,3601.46,5550.96,3004.36,4576.05,5679.91
Vanuatu,VUT,2012,1620.95,3233.22,4591.19,2363.8,21250.38,1725.1,544.46,3699.77,5723.72,3058.81,4570.41,5933.16
Vanuatu,VUT,2013,1649.74,3304.2,4685.83,2426.77,21925.31,1763.98,556.43,3799.48,5912.45,3117.35,4598.4,6207.36
Vanuatu,VUT,2014,1685.65,3377.83,4783.24,2489.48,22577.43,1802,568,3897.84,6098.52,3184.89,4652.36,6471.94
Vanuatu,VUT,2015,1712.45,3450.62,4865.89,2553.19,23188.89,1838.18,579.51,3995.99,6257.91,3236.07,4674.87,6728.55
Vanuatu,VUT,2016,1744.4,3520.29,5029.67,2626.03,23821.78,1875.92,593.33,4092.82,6444.78,3300.28,4764.5,7002.61
Vanuatu,VUT,2017,1781.82,3589.53,5170.4,2694.64,24421.62,1912.11,609.39,4188.31,6616.57,3367.19,4787.49,7222.04
Vanuatu,VUT,2018,1807.01,3671.35,5253.37,2765.74,25052.11,1949.63,622.96,4292.53,6796.14,3420.4,4810.85,7463.06
Vanuatu,VUT,2019,1839.34,3758.46,5321.49,2838.09,25666.98,1988.49,636.65,4401.11,6971.96,3475.71,4828.13,7699.19
Venezuela,VEN,1990,70880.13,272284.45,101302.3,196589.94,619293.85,81302.4,56160.61,255498.67,386322.06,189998.44,389469.62,190053.72
Venezuela,VEN,1991,72147.86,280455.05,103041.28,202106.1,640891.48,83304.58,57708.16,264796.85,397565.22,186327.85,367942.72,202382.66
Venezuela,VEN,1992,74052.2,288573.85,106717.98,208976.54,658120.25,85332.35,59793.92,274673.42,415492.42,188100.17,378209.5,215809.28
Venezuela,VEN,1993,74970.31,296900.99,110614.76,215446.61,670601.58,87410.03,61236.47,284173.47,425453.39,189407.49,391360.44,226629.77
Venezuela,VEN,1994,77013.59,305243.15,116093.02,222592.37,701881.72,89294.92,62370.63,294287.97,446306.44,194204.79,409217.75,242197.05
Venezuela,VEN,1995,77009.48,313753.11,120930.17,228932.26,707465.48,91186.89,63072.29,304190.68,453775.65,195058.06,418564.97,255496.22
Venezuela,VEN,1996,75022.12,322260.66,123446.1,234003.6,700946.89,93034.85,63822.6,314087.78,457065.18,192180.66,417047.16,266410.75
Venezuela,VEN,1997,72505.25,330976.31,124106.89,237672.51,685823.76,94783.68,64836.13,323615.21,456330.8,187662.17,414281.29,275365.85
Venezuela,VEN,1998,76619.07,339830.38,128340.46,242971.67,712900.14,96554.89,66501.84,333444.23,473450.9,194704.9,418411.23,292455.56
Venezuela,VEN,1999,77536.85,348400.94,130358.23,246776.43,724535.94,98214.49,67562.57,343145.61,485391.15,197180.57,415517.54,307840.5
Venezuela,VEN,2000,80077.65,356891.85,130782.45,251731.76,733859.96,99752.79,68864.48,353023.04,496487.12,201128.69,417934.41,320061.18
Venezuela,VEN,2001,84572.53,365945.84,134540.1,258342.67,756327.24,101267.05,70247,364329.56,522468,209154.81,430658.79,336345.44
Venezuela,VEN,2002,86664.32,374942.59,137009.03,263262.52,784655.05,102773.59,70834.15,375233.89,549754.76,214502.69,438136.66,354162.62
Venezuela,VEN,2003,91479.43,384082.41,142022.14,270166.61,824354.71,104252.08,71225.82,385855.4,573549.97,224228.43,467676.53,375853.41
Venezuela,VEN,2004,87387.76,393476.71,139210.14,273229.4,797285.01,105810.82,71767.73,396120.43,561348.88,217951.01,454052.54,374261.87
Venezuela,VEN,2005,89970.08,403062.48,141302.45,278527.11,814560.12,107570.85,72512.66,407430.77,577987.39,222251.25,452190.23,386780.68
Venezuela,VEN,2006,97924.95,412373.39,145594.74,286246.7,862875.28,109419.41,73996.95,419830.14,613306.52,234366.1,455158.31,411446.21
Venezuela,VEN,2007,105550.16,421849.35,149502.64,294823.4,899314.78,111368.76,75989.52,433427.85,643537.87,245807.47,465052.47,437453.64
Venezuela,VEN,2008,111443.77,431378.67,154292.43,304739.03,943057,113130.46,78178.12,448307.17,680261.99,256201.87,477938.45,468433.88
Venezuela,VEN,2009,111155.4,440819.83,155751.26,312486.54,953685.25,114856.66,79662.23,462191.65,693055.98,258249.39,489653.13,487827.35
Venezuela,VEN,2010,103036.05,450421.53,153940.74,319275.64,916073.92,116396.19,80717.43,476491.57,682990.4,250687.35,500524.99,492775.96
Venezuela,VEN,2011,104453.47,460121.19,157922.61,327029.4,937205.88,117999.71,81851.7,490670.78,703971.7,255448.36,507019.14,515840.12
Venezuela,VEN,2012,110325.58,469629.43,163422.4,335066.52,974812.67,119582.53,83470.17,505079.19,737126.36,265546.78,518212.12,548953.05
Venezuela,VEN,2013,110660.16,479333.69,165968.9,342432.67,976026.43,121240.2,84490.64,520575.19,749574.81,269456.06,525557.46,570726.3
Venezuela,VEN,2014,110738.99,488991.14,171424.39,351441.99,1005403.04,122790.03,86284.18,539215.05,787096.78,275326.82,530363.15,600440.86
Venezuela,VEN,2015,113831.99,495934.2,176204.65,358558.19,1037941.15,123771.41,87271.75,553017.61,809660.2,282139.45,527541.63,626785.39
Venezuela,VEN,2016,117994.72,489240.35,180526.47,358618.71,1087065.89,121344.49,83189.32,553516.49,832098.4,287641.81,513179.92,652578.82
Venezuela,VEN,2017,121953.76,472482.75,183324.46,354379.78,1133338.29,116470.26,77517.3,547791.57,845945.36,291385.59,492119.8,672359.13
Venezuela,VEN,2018,126616.52,469074.37,188276.85,356358.7,1179074.54,114906.43,76713.35,552097.51,865056.95,298376.82,484259.54,697754.27
Venezuela,VEN,2019,135947.76,475348.46,199668.79,364342.17,1276660.23,116125.42,79038.49,562795.59,915285.99,314017.67,485646.73,744379.08
Vietnam,VNM,1990,508765.08,737275,666814.11,637887.77,2824898.72,424368.89,161921.2,839557.18,1316201.53,772187.27,1303785.32,714580.61
Vietnam,VNM,1991,512370.05,753029.08,671580.6,651363.59,2854374.32,432370.21,166381.04,863102.19,1341344.92,776347.17,1296567.23,719849.41
Vietnam,VNM,1992,513688.81,769168.81,675347.56,665611.09,2882966.42,440010.01,170858.05,888165.57,1365584.58,777555.1,1283719.75,725848.49
Vietnam,VNM,1993,515374.9,786346.23,678787.74,680391.77,2915305.21,447849.96,175596.44,914281.21,1396174.58,779125.95,1268873.28,730984.65
Vietnam,VNM,1994,516681.87,803693.43,682207.7,696433.52,2951341.93,455551.75,180345.26,942040.74,1427181.6,780058.59,1253807.88,735565.77
Vietnam,VNM,1995,517614.46,821679.76,685642.95,713248.21,2989246.23,463103.63,185064.98,970452.17,1460160.45,780841.47,1238379.74,739727.33
Vietnam,VNM,1996,518170.63,840319.85,691258.47,731243.4,3035792.78,470395.97,189977.24,1002230.44,1497002.28,781208.51,1220030.06,744284.66
Vietnam,VNM,1997,515678.85,859531.07,699095.74,749421.18,3087628.5,477637.39,195939.43,1035607.49,1527489.89,778935.23,1197241.64,749610.74
Vietnam,VNM,1998,512439.43,879204.73,707226.91,768904.37,3146118.46,484516.23,201858.64,1069730.8,1562338.73,775275.54,1173427.31,755301.54
Vietnam,VNM,1999,506480.29,898504.3,715108.82,789115.65,3218957.26,491010.84,207881.22,1105664.56,1600582.2,767717.55,1153914.3,761695.87
Vietnam,VNM,2000,495442.88,916651.51,724998.33,810272.4,3286092.7,496871.21,213504.17,1141633.49,1633736.65,752993.71,1147173.59,771249.22
Vietnam,VNM,2001,490467.02,932853.98,740114.86,833259.33,3391676.43,502529.33,219531.29,1179608.95,1690642.8,745063.59,1149810.02,794104.93
Vietnam,VNM,2002,485632.75,946345.49,755747.45,857490.16,3500330.77,507896.59,225584.78,1218948.29,1753210.24,737889.26,1156211.4,821271.9
Vietnam,VNM,2003,482221.11,958402.78,773286.88,882712.42,3618239.63,513092.62,231926.03,1259485.19,1827186.33,734187.8,1178462.97,853315.26
Vietnam,VNM,2004,478411.99,969849.56,789730.42,907796.06,3745378.56,518384.88,238145.01,1300686.21,1907156.2,729872.06,1200484.19,885465.78
Vietnam,VNM,2005,473966.08,983955.02,803132.37,931865.26,3865436.78,523120.61,244667.82,1341053.67,1984335.65,723937.85,1212297.46,915046.77
Vietnam,VNM,2006,467474.21,999248.89,813571.62,954814.46,3982270.36,527766.76,252073.77,1382535.3,2059333.54,716116.21,1218869.06,944611.11
Vietnam,VNM,2007,469628.9,1012941.83,821232.79,979179.89,4125992.69,532682.37,262226.9,1425712.7,2147263.21,718335.81,1223627.71,981002.82
Vietnam,VNM,2008,475516.58,1026646.5,827148.38,1002950.34,4263845.24,537408.44,273878.43,1468731.54,2233383.09,725340.72,1230420.41,1019108.02
Vietnam,VNM,2009,490327.94,1040200.96,832526.55,1018003.82,4397373.23,541722.17,284845.97,1511970.51,2320148.81,742933.7,1232819.97,1060170.33
Vietnam,VNM,2010,506352.17,1053404.38,838316.72,1034855.33,4492988.28,546022.64,293864.96,1553225.96,2397993.11,762118.17,1240436.64,1099369
Vietnam,VNM,2011,524673.75,1068714.79,852380.26,1053023.39,4587891.9,550586.46,301680.98,1594959.66,2474008.36,784002.91,1241328.07,1149258.67
Vietnam,VNM,2012,546167.04,1087498.75,867620.28,1069819.66,4673290.32,554952.27,310151.83,1637821.7,2551840.49,809853.97,1240898.96,1201694.01
Vietnam,VNM,2013,572266.25,1108012.89,884003.33,1085718.21,4763262.18,559418.12,318713.76,1680852.89,2635483.45,840258.54,1233616.87,1258315.77
Vietnam,VNM,2014,599835.99,1126864.9,903263.72,1101813.74,4851314.55,564242.78,326235.2,1723467.89,2725897.54,873650.55,1234067.81,1320159.43
Vietnam,VNM,2015,623873.8,1142482.9,918538.67,1117261.57,4922263.63,568665.48,332995.72,1764675.54,2812233.96,902822.28,1232821.49,1378747.2
Vietnam,VNM,2016,649311.94,1155747.28,939020.38,1137708.58,5013826.19,573423.58,340704.52,1800561.01,2903166.65,934344.5,1225811.42,1446065.03
Vietnam,VNM,2017,675526.53,1168345.61,960517.28,1157174.6,5112804.86,577683.42,346945.36,1836168.88,2993941.65,967607.23,1217261.85,1508511.13
Vietnam,VNM,2018,694713.7,1180988.06,982612.08,1174549.35,5209142.33,581663.72,352253.02,1886136.33,3089423.15,991106.04,1209241.85,1572654.72
Vietnam,VNM,2019,712199.22,1195137.28,1006628.63,1189643.59,5303870.37,585490.04,357178.21,1947550.3,3182160.94,1012759.17,1201026.58,1636403.14
Wales,NA,1990,6912.71,60770.66,58224.4,50896.96,286532.59,27207.88,16668.51,81673.62,192445.37,25811.03,58905.05,23447.31
Wales,NA,1991,7120.65,60574.28,58447.08,51428.65,280371.18,27168.43,17574.79,82058.13,192045.54,26007.99,57861.4,23432.77
Wales,NA,1992,7366.91,60364.32,58897.73,51999.5,275902.05,27139.4,18487.95,82480.87,193004.31,26502.98,56938.12,23426.19
Wales,NA,1993,7845.12,60240.84,59612.38,52519.59,273600.83,27130.61,19400.67,82856.07,194818.97,27246.75,56140.92,23501.89
Wales,NA,1994,8296.64,60160.79,59313.96,52885.18,264186.03,27168.26,20298.92,83241.07,193039.73,27859.24,55532.04,23433.22
Wales,NA,1995,8903.23,60166.97,60405.08,53467.9,259918.25,27241.09,21179.09,83589.98,191900.69,28776.7,55220.69,23654.37
Wales,NA,1996,9324.19,60245.2,60395,53900.01,252477.61,27322.28,22084.64,83923.97,188850.04,29362.81,55128.14,23768.65
Wales,NA,1997,9798.54,60326.67,60766.8,54384.45,244978.04,27456.75,22962.09,84430.55,187458.92,30073.43,55080.71,24143.38
Wales,NA,1998,10289.05,60452.35,60827.02,54974.58,238925.26,27619.41,23873.55,84992.39,187551.13,30831.25,55054.98,24640
Wales,NA,1999,11051.31,60590.54,62026.44,55675.78,235029.34,27769.12,24908.58,85554.19,187968.41,32101.04,55205.73,25127.43
Wales,NA,2000,11609.59,60704.34,61463.18,56117.43,225164.68,27925.23,25845.69,86129.51,185262.45,32686.09,55211.07,25137.23
Wales,NA,2001,12105.49,60734.99,60463.88,56612.64,218241.88,28066.27,26897.66,86593.11,183704.1,33338.12,55410.79,25354.42
Wales,NA,2002,12688.99,60650.91,60458.66,57219.05,213452.75,28220.44,27707.54,86846.7,183855.76,34404.55,55794.02,25742.26
Wales,NA,2003,13261.16,60528.78,60614.85,57828.02,207534.66,28372,28570.64,87047.34,183822.49,35184.16,56356.27,26121.22
Wales,NA,2004,13605.24,60490.54,60009.63,58251.34,198661.69,28520.11,29234.73,87328.41,183977.19,35685.01,56970.3,26325.09
Wales,NA,2005,14023.76,60593.99,59607.77,58904.42,191968.3,28683.54,30076.82,87843.92,183796.87,36277.81,57523.3,26387.71
Wales,NA,2006,14580.95,60854.35,58804.39,59628.14,183821.31,28806.05,31066.87,88458.23,184311.56,36831.82,57820.96,26415.78
Wales,NA,2007,15053.69,61139.09,58771.76,60416.85,178344.41,28944.9,31937.36,89190.21,185574.78,37467,57806.19,26693.37
Wales,NA,2008,15350,61451.79,58883.49,61109.57,173617.24,29114.33,32498.79,89943.64,187275.56,37968.81,57470.79,26983.12
Wales,NA,2009,15321.07,61746.72,58869.27,61627.25,168507.22,29280.44,32963.38,90672.73,187310.03,37902.65,57089.58,27143.36
Wales,NA,2010,15244.96,62085.59,59228.63,62255.57,164296.2,29411.79,33377.2,91411.42,186725.96,37817.99,57040.61,27432.75
Wales,NA,2011,15353.4,62472.43,60036.05,62756.12,161149.48,29558.45,33735.26,92128.86,187202.1,37946.99,57379.46,27724.39
Wales,NA,2012,15381.57,62929.19,61192.39,63323.1,160285.9,29727.33,34178.26,92842.65,189154.57,38211.62,58447.01,28215.31
Wales,NA,2013,15611.39,63363.57,62553.58,63709.84,160237.67,29875.61,34299.98,93480.8,191644.78,38663.73,59448.48,28674.77
Wales,NA,2014,15375.5,63807.88,62582.54,63868.83,156604.92,29996.07,34474.87,94071.62,191327.47,38323.85,60251.18,29010.21
Wales,NA,2015,15781.53,64121.71,64008.01,64502.58,157271.64,30093.39,35174.05,94667.36,192868.39,38982.12,60871,29605.73
Wales,NA,2016,16057.93,64321.54,64671.76,65208.96,156236.11,30187.5,35081.23,94920.99,194312,39391.21,60534.14,30234.39
Wales,NA,2017,16226.54,64453.81,65527.55,66101.13,157082.65,30250.67,34745.83,95211.84,196381.76,39786.49,60210.34,30975.76
Wales,NA,2018,16011.86,64688.17,66985.47,66790.06,161341.99,30274.88,34760.24,95900.97,199941.39,39851.7,60412.34,31790.91
Wales,NA,2019,15887.16,64943.95,68640.27,67396.05,164255.98,30296.14,34748.57,96756.88,203058.73,40018.33,60486.37,32674.33
Western Pacific Region (WHO),NA,1990,8250632.5,20869079.1,32936430.44,14169709.68,75375401.2,9567819.68,6568250.83,25162161.06,57191788.22,17650703.21,36556950.73,12603760.28
Western Pacific Region (WHO),NA,1991,8311057.21,21323831.66,33337333.57,14505030.17,75720857.06,9664591.49,6941124.42,25195365.32,58347807.06,17718862.27,36209488.4,12777115.53
Western Pacific Region (WHO),NA,1992,8310845.56,21749267.32,33708920.14,14861020.8,76120472.91,9748786.59,7232236.43,25246965.82,59310712.05,17638907.82,35673288.67,13018963.83
Western Pacific Region (WHO),NA,1993,8294931.14,22145283.26,33928028.69,15182024.43,76419362.83,9830113.67,7447692.92,25388031.95,60412476.71,17477939.39,35036566.85,13242938.36
Western Pacific Region (WHO),NA,1994,8250846.76,22509378.65,33935224.63,15521084.41,76453603.81,9916776.57,7694310.32,25690826.84,61563938.32,17308526.34,34429819.17,13547035.26
Western Pacific Region (WHO),NA,1995,8233807.58,22843594.17,33768335.24,15831875.18,76955188.43,10002295.24,7859931.91,26187017.03,62898950.56,17154866.94,33963549.83,13849975.5
Western Pacific Region (WHO),NA,1996,8162431.54,23137436.75,33574682.12,16105747.7,77576672.68,10092927.88,7890602.44,26816066.2,63990589.77,16895072.81,33460190.56,14115605.6
Western Pacific Region (WHO),NA,1997,8058455.62,23399233.68,33134463.07,16381058.02,77953728.68,10189856.32,7790048.64,27467810.74,64828795.81,16616973.54,33039283.08,14358149.52
Western Pacific Region (WHO),NA,1998,8023112.15,23646615.17,32836352.08,16676050.31,79079410.43,10286307.41,7737331.07,28150417.38,66151450.32,16441405.31,32540649.39,14715643.65
Western Pacific Region (WHO),NA,1999,8015049.46,23890727.87,32856363.25,16980068.68,81248202.21,10378851.84,7594351.22,28851668.4,67644618.99,16348477.63,32135627.31,15106928.44
Western Pacific Region (WHO),NA,2000,8015599.28,24146477.82,32942883.32,17316433.53,84027797.43,10470190.44,7527776.09,29567025.98,69166099.69,16280900.14,31616569.24,15484662.81
Western Pacific Region (WHO),NA,2001,8015037.62,24385645.92,32577817.05,17681119.29,85916958.36,10555260.81,7389756.51,30324405.17,69868056.63,16198912.77,31031550.48,15963539.53
Western Pacific Region (WHO),NA,2002,8022574.91,24580987.44,32355534.45,18063280.7,88250722.88,10626651.09,7293569.94,31094521.99,70331422.56,16155182.01,30428121.72,16612587.61
Western Pacific Region (WHO),NA,2003,8043664.02,24745253.47,32086390.35,18478656.6,90338046.35,10690733.4,7227411.05,31880294.89,71213402.74,16141793.33,29852830.57,17306431.79
Western Pacific Region (WHO),NA,2004,8091904.34,24903802.74,31903426.76,18923102.87,92704172.77,10752537.35,7254282.75,32680593.6,72877429.7,16202285.81,29515156.92,18062727.2
Western Pacific Region (WHO),NA,2005,8010810.01,25076039.58,31191742.97,19297535.64,93581645.12,10807615.44,7270215.88,33425996.11,73528399.27,16046833.1,29183425.32,18601578.44
Western Pacific Region (WHO),NA,2006,7837499.93,25243045.66,29883300.06,19620512.33,92805145.47,10854510.84,7179813.84,34154366.49,73239133.58,15752881.37,28657305.18,18699274.15
Western Pacific Region (WHO),NA,2007,7680741.22,25376681.3,28999761.41,20006806.23,93291437.55,10898590.22,7027737.31,34891418.25,73727197.52,15500807.86,28019843.18,18900382.37
Western Pacific Region (WHO),NA,2008,7581599.47,25501719.28,28619204.31,20449499.79,95269798.99,10938818.63,6869876.51,35636226.87,74743341.92,15376163.09,27466872.89,19239308.44
Western Pacific Region (WHO),NA,2009,7453499.71,25637821.85,28366257.99,20893691.3,97662397.77,10974884.48,6734629.27,36387171.46,75660354.31,15236630.3,27000401.28,19623711.79
Western Pacific Region (WHO),NA,2010,7354161.97,25809788.7,28139036.86,21322065.45,100400010.71,11009622,6705413.47,37121393.35,76783344.6,15148287.44,26638335.68,20062525.04
Western Pacific Region (WHO),NA,2011,7243930.68,26007800.86,27778255.41,21684665.12,102470110.38,11045605.79,6724864.28,37871966.91,77538135.66,15058505.54,26577101.01,20497659.51
Western Pacific Region (WHO),NA,2012,7117512.75,26204667.36,27340194.37,22035167.09,103407433.74,11081932.7,6740001.54,38645042.62,78023549.41,14943173.65,26636707.32,20919263.03
Western Pacific Region (WHO),NA,2013,7006424.07,26407986.05,26951486.82,22388699.66,104749161.75,11123935.74,6775434.68,39426407.88,78355442.94,14829921.58,26577380.63,21377712.21
Western Pacific Region (WHO),NA,2014,6954927.31,26618470.71,26747432.13,22800689.59,106090896.55,11171416.67,6834537.15,40194341.13,79271822.97,14794932.8,26483063.28,21897624.36
Western Pacific Region (WHO),NA,2015,6909738.3,26839399.05,26617637.73,23185262.01,107355952.38,11219468.59,6880624.15,40907458.09,80073770.33,14789364.12,26642836.81,22365706.19
Western Pacific Region (WHO),NA,2016,6932849.74,27169545.14,26798344.66,23629705.26,109423600.78,11278755.27,7031440.26,41356396.25,81535861.9,14938756.85,26899981,22937262.4
Western Pacific Region (WHO),NA,2017,7001312.4,27490759.72,26897013.96,24060206.36,111069321.38,11343462.89,7205413.47,41766440.2,83071743.69,15106655.61,26797139.78,23402060.49
Western Pacific Region (WHO),NA,2018,7032642.79,27648939.91,27251502.62,24542785.51,112617270.47,11407563.38,7308972.42,42351827.4,85025684.68,15155518.47,26702096.98,23838250.85
Western Pacific Region (WHO),NA,2019,7113774.44,27710101.54,27845987.3,25094798.25,114899596.05,11470292.29,7360782.71,42917817.62,87293090.35,15297232.11,26873708.54,24280755.8
World,OWID_WRL,1990,34727732.13,80802274.97,85701654.4,57515331.09,279838882.84,30736157.36,22672626.63,84603257.76,164724864.01,72076706.73,154083099.07,50786099.37
World,OWID_WRL,1991,35157712.93,82648817.54,86733220.25,58660851.42,282723144.44,31196431.85,23632692.34,85841255.46,167458202.63,72759038.98,153363862.03,51969417.3
World,OWID_WRL,1992,35657848.42,84456208.55,87868824.77,59820916.62,287276354.64,31638394.44,24647816.85,87117311.09,170554550.81,73533915.31,152679991.76,53383939.68
World,OWID_WRL,1993,36442894.34,86202201.31,88923430.18,60990119.53,294630430.83,32073169.84,25736312.49,88494945.21,174709075.28,74545058.53,152083898.88,54836215.51
World,OWID_WRL,1994,37175359.03,87881476.14,89574939.38,62133591.5,299698187.92,32501821.37,26730773.24,90043678.4,178063895.71,75414174.03,151539332.91,56357901.32
World,OWID_WRL,1995,37647767.6,89475784.36,89795772.35,63224631.12,301316470.54,32918554.26,27298990.82,91804805.84,180420670.95,75824023.99,151053435.27,57744318.35
World,OWID_WRL,1996,37935382.12,91054048.65,90271053.96,64236177.68,302436583.99,33331193.25,27603308.38,93648375.16,182001532.92,75985146.41,150438824.08,59272706.66
World,OWID_WRL,1997,38337579.61,92671216.51,90976903.02,65314336.72,304755478.61,33749706.3,27823027.16,95420890.96,183802236.83,76474236.14,150210134.54,61095492.01
World,OWID_WRL,1998,38682218.09,94302607.53,91193556.61,66393957.59,306701852.19,34156869.51,28208838.49,97189122.42,186107957.68,76811918.69,149798412.45,62908606.03
World,OWID_WRL,1999,39239208.07,95929024.63,91399515.53,67521536.47,311886569.58,34566967.55,28720740.8,99043363.42,189451123.93,77503267.42,149569700.71,64719047.24
World,OWID_WRL,2000,39860699.31,97534624.75,91876787.62,68719372.99,316856478.57,34981605.13,29282149.25,101098145.14,192358107.2,78206290.33,149465909.48,66561426.96
World,OWID_WRL,2001,40517351.48,99134646.56,92076274.24,69985085.96,321079276.28,35401553.4,29608868.23,103354178.03,194126435.82,78872180.83,149491263.91,68467534.12
World,OWID_WRL,2002,41264497.24,100745176.94,92515163.07,71289992.66,326981007.4,35826073.25,29978737.91,105676548.36,196317862.88,79669598.8,149709762.45,70797668.68
World,OWID_WRL,2003,41943293.83,102342050.57,92569558.16,72640562.48,330796979.06,36246645.98,30372023.38,108042375.55,198531890.99,80357758.85,150094407.35,73105428.38
World,OWID_WRL,2004,42447482.89,103925629.6,91958207.65,74041536.47,331378644.55,36678900.29,30786428.96,110447713.3,200722796.45,80834713.91,150780610.93,75084724.15
World,OWID_WRL,2005,43356248.47,105473743.79,92244152.05,75558161.02,336258748.79,37120819.32,31276053.19,112858677.41,203744559.31,82003373.33,151538341.05,77487185.24
World,OWID_WRL,2006,43460108.38,106833825.21,92026259.32,76913057.69,335622347.5,37507440.48,31289358.84,115282129.42,204669527.75,82194398.83,151881438.33,79268687.77
World,OWID_WRL,2007,43729326.01,107952798.99,92282515.06,78365663.09,337703061.86,37904858.96,31175913.18,117751368.88,207061135.72,82611992.53,151780997.74,81247516.27
World,OWID_WRL,2008,44191751.23,108951022.9,93165098.63,79942715,342808553.98,38302378.08,31075058.36,120250049.65,210757084.07,83373859.13,151672113.93,83602884.44
World,OWID_WRL,2009,43956603.06,109984995.73,93112882.57,81408811.75,344639829.33,38668732.15,30841052.02,122754848.69,213394990.33,83191304.66,151463615.28,85597999.98
World,OWID_WRL,2010,44110812.27,111274126.25,93588335.03,82902662.89,349502323.75,39061927.39,30886115.75,125323756.33,216590477.97,83591921.41,151346140.25,87672558.84
World,OWID_WRL,2011,44156197.03,112752753.32,94328574.8,84355579.06,352529960.9,39491641.3,31020381.54,127976399.48,219119790.68,83877586.79,151838033.71,90086514.64
World,OWID_WRL,2012,44061934.01,114211872.84,94791474.64,85827812.65,355901562.8,39946601.52,31214964.13,130669441.43,221727370.39,83910367.79,152721433.09,92712290.24
World,OWID_WRL,2013,43971377.29,115674918.56,95475476.07,87385311.41,359024658.74,40466024.91,31582077.66,133410831.97,224477901.32,84165389.73,153672672.83,95468299.7
World,OWID_WRL,2014,43804891.66,117168928.77,96096794.02,88923498.11,361960528.17,40961781.9,32061690.48,136166780.27,227658816.39,84230560.06,154005616.74,98199883.9
World,OWID_WRL,2015,44280876.1,118732824.88,97330876.24,90533389.46,369233361.2,41435184.08,32665345.76,138917183.44,232268829.77,85209478.51,154681508.79,101196285.54
World,OWID_WRL,2016,44672574.05,120451385.68,98493595.44,92238360.9,374665412.09,41740587.04,33486118.57,141543259.14,236468041.08,86125642.42,154510208.99,104164853.51
World,OWID_WRL,2017,45186287.66,122174355.85,99628998.09,93953551.77,379193198.86,42035698.34,34177581.84,144203708.9,240300721.87,87178670.6,153811117.77,106666007.31
World,OWID_WRL,2018,45696717.43,123771015.48,101490081.71,95819945.1,385967393.77,42453809.45,34715115.45,147093639.07,245703704.88,88089395.8,153401058.93,109556948.92
World,OWID_WRL,2019,46189415.68,125311322.14,103533107.11,97724411.73,393107481.54,42883695.48,35134743.56,150075329.9,251390451.29,88991768.1,153169114.48,112726227.26
World Bank High Income,NA,1990,5785374.44,19153209.16,12973915.2,14662818.15,66105385.87,6608642.24,6016089.48,27206069.19,50379501.15,11707001.55,19265792.06,10253682.49
World Bank High Income,NA,1991,5820811.18,19343087.95,13029502.27,14906235.53,65515292.7,6638355.92,6196770.84,27459079.44,50981427.25,11750985.58,19111619.81,10393062.13
World Bank High Income,NA,1992,5838330.48,19536501.64,13061254.38,15134274.58,64568167.63,6670991.86,6358915.41,27742177.63,51422808.28,11768526.65,18921866.27,10524434.19
World Bank High Income,NA,1993,5890016.68,19727545.08,13187465.18,15378980.85,64262825.6,6704830.22,6511570.64,28049219.89,52119231.5,11842992.24,18744435.64,10739247.05
World Bank High Income,NA,1994,5909067.16,19917948.31,13236011.2,15601839.71,63483985.94,6740803.29,6657370.84,28377374.65,52548660.77,11878015.22,18601531.96,10928594.44
World Bank High Income,NA,1995,5933812.38,20106613.55,13367568.99,15844179.74,63129833.2,6780511.44,6778769.94,28739213.15,53216890.2,11935360.97,18469050.74,11187170.57
World Bank High Income,NA,1996,5871678.88,20346494.81,13407925.57,16046521.18,62050105.53,6824581.03,6872525.67,29140235.57,53315676.02,11877967.28,18370864.26,11420518.2
World Bank High Income,NA,1997,5834303.18,20655117.45,13435004.44,16243338.68,61104671.45,6874979.88,6982076.47,29599943.03,53496439.2,11856071.64,18290917.24,11688223.56
World Bank High Income,NA,1998,5844899.77,20988306.29,13533299.93,16464816.12,60629212.47,6929944.27,7109518.83,30086584.05,54091242.72,11913048.03,18242653.76,12060385.22
World Bank High Income,NA,1999,5841536.76,21295293.74,13662818.56,16699775.2,60191399.87,6984818.38,7269573.02,30569024.59,54685270.91,11962183.28,18231309.19,12458750.07
World Bank High Income,NA,2000,5794351.59,21529128.62,13653780.94,16947295.64,58956522.4,7033234.45,7437888.76,31029503.39,54842960.97,11937381.8,18265141.24,12778834
World Bank High Income,NA,2001,5794129.89,21690863.16,13702286.85,17239314.32,58165773.71,7075284.81,7643414.49,31446892.58,55046307.22,11973468.24,18286881.61,13105898.87
World Bank High Income,NA,2002,5798831.27,21819696.63,13834606.83,17563922.03,57683907.35,7114142.87,7889536.85,31846965.12,55394057.55,12025539.85,18319091.5,13478929.45
World Bank High Income,NA,2003,5817486.86,21930746.94,13978212.02,17893516.34,57173321.23,7148320.45,8151992.02,32231238.39,55856152.61,12087221.11,18361140.34,13862044.62
World Bank High Income,NA,2004,5738931.58,22048686.69,13978984.72,18169238.6,55761259.02,7183918.01,8396651.06,32616108.95,55881929.27,12008489.28,18380377.19,14110293
World Bank High Income,NA,2005,5758734.34,22187274.37,14141915.87,18519590.39,55343204.17,7225315.69,8636911.47,33028743.88,56318836.69,12077411.93,18453239.44,14470489.77
World Bank High Income,NA,2006,5732511.77,22375048.59,14231707.25,18853183.96,54554916.35,7270276.07,8828093.57,33452633.28,56544952.33,12082039.96,18481881.65,14750437.87
World Bank High Income,NA,2007,5731359.94,22602068.91,14436056.56,19233140.47,54060885.5,7320727.8,8976321.48,33903676.63,57069232.06,12125665.85,18450036.55,15119939.74
World Bank High Income,NA,2008,5719735.96,22848512.91,14675514.76,19629571.27,53643643.02,7374703.36,9117114.95,34364719.8,57608608.62,12154082.29,18353007.79,15504209.48
World Bank High Income,NA,2009,5698312.5,23071950.52,14868494.13,19995451.69,53166065.91,7426106.13,9252420.74,34820266.09,58028814.39,12157605.58,18264227.78,15849284.21
World Bank High Income,NA,2010,5644831.22,23238952.48,15040036.59,20355285.84,52714187.24,7475477.01,9396189.49,35262831.19,58116270.1,12134893.61,18250836.75,16143274.65
World Bank High Income,NA,2011,5646039.81,23343506.4,15254874.48,20722452.73,52726664.09,7523930.3,9621698.1,35697732.46,58560696.02,12201083.02,18406254.26,16442931.56
World Bank High Income,NA,2012,5620985.42,23394908.47,15446075.31,21093306.02,52755337.62,7572619.14,9873072.83,36142327.41,58873224.43,12243459.23,18651520.56,16736493.11
World Bank High Income,NA,2013,5606031.69,23417581.23,15619278.77,21442021.25,52782225.43,7618662,10190983.88,36588245.73,59129475.1,12288327.75,18935333.07,17036142.85
World Bank High Income,NA,2014,5588534.73,23449715.06,15764936.56,21770088.82,52753980.62,7665321.43,10573951.8,37040208.85,59325857.22,12323528.84,19219346.18,17354780.58
World Bank High Income,NA,2015,5646322.99,23523471.49,16062521.21,22143626.82,53615092.73,7712039.85,11031791.6,37504529.03,59991835.6,12479103.35,19444238.18,17780532.18
World Bank High Income,NA,2016,5661767.76,23609774.8,16257223.68,22422999.54,54045211.37,7749659.49,11558061.83,38075836.59,60414819.07,12555651.4,19557991.51,18140151.11
World Bank High Income,NA,2017,5659804.87,23698424.82,16450839.11,22675119.33,54707415.97,7783901.7,11909597.27,38694311.8,60969951.71,12610942.76,19588336.18,18476985.12
World Bank High Income,NA,2018,5694383.58,23850077.84,16780515.79,22958135.76,55977333.82,7826615.57,12086493,39192174.68,61996178.66,12747598.89,19689318.96,18984393.77
World Bank High Income,NA,2019,5715615.68,24062122.59,17096967.93,23193606.07,57008814.04,7872599.22,12280165.81,39622827.51,62968698.98,12874184.69,19815322.47,19554623.41
World Bank Low Income,NA,1990,2793605.29,4580726.16,4414288.89,2964254.73,12816666.7,1824947.44,621131.49,2714832.13,6977366.92,5521718.34,17578948.55,3570278.96
World Bank Low Income,NA,1991,2836769.75,4714690.64,4477296.67,3036804.89,13031840.38,1877731.51,637659.81,2788222.46,7090769.41,5602944.4,17733623.62,3638841.31
World Bank Low Income,NA,1992,2882426.88,4858976.64,4542342.54,3119770.1,13283220.71,1932065.37,654931.5,2863470.61,7221847.85,5694425.82,18049735.92,3719038.8
World Bank Low Income,NA,1993,2918603.77,4998183.5,4600524.16,3197898.12,13520289,1984640.31,670784.72,2936726.08,7318354.62,5764956.09,18292251.41,3788418.91
World Bank Low Income,NA,1994,2957329.63,5143172.36,4657949.41,3274328.69,13741783.51,2040168.85,687805.37,3013550.18,7409171.86,5837109.92,18403778.18,3859603.9
World Bank Low Income,NA,1995,3005367.73,5299301.14,4715172.69,3349921.42,13995065.42,2097441.22,707193.71,3093430.82,7512561.27,5919449.55,18457990.25,3937578.23
World Bank Low Income,NA,1996,3055389.04,5463090.38,4765563.54,3427338.03,14225885.89,2153943.75,727662.67,3177027.73,7600263.44,6008142.41,18499331.96,4018086.08
World Bank Low Income,NA,1997,3092941.07,5627194.38,4806369.07,3503560.18,14413070.01,2207870.35,746222.77,3259416.67,7682076.91,6076615.32,18568827.65,4088623.42
World Bank Low Income,NA,1998,3147229.37,5781904.3,4850980.2,3578466.07,14630833.55,2258530.95,763626.7,3338790.18,7795301.98,6168658.76,18607513.19,4175325.35
World Bank Low Income,NA,1999,3198842.92,5932333.41,4889788.72,3653594.28,14799585.11,2309018.51,779926.68,3418972.43,7897184.9,6258313.81,18657844.28,4249843.71
World Bank Low Income,NA,2000,3227207.6,6086410.61,4921301.37,3732579.93,14946689.35,2361268.99,796116.06,3502395.6,7964007.1,6310106.36,18727368.92,4313167.98
World Bank Low Income,NA,2001,3254572.8,6251922.03,4960782.4,3819244.57,15121914.08,2418917,814312.62,3596839.41,8065264.59,6359790.69,18958258.65,4391811.87
World Bank Low Income,NA,2002,3277053.72,6429300.85,5009785.56,3913470.83,15299087.67,2481281.85,833984.5,3700031.72,8195253.19,6416161.36,19289683.11,4475171.65
World Bank Low Income,NA,2003,3328771.83,6604592.99,5084993.14,4014699.28,15542668.01,2544054.76,856153.17,3807825.64,8376358.47,6508858.65,19698317.59,4582065.76
World Bank Low Income,NA,2004,3377459.11,6782624.53,5167680.14,4115233.9,15810755.45,2609128.17,878849.86,3918637.03,8564806.11,6597861.67,20043455.49,4686780.93
World Bank Low Income,NA,2005,3425023.89,6965847.48,5246540.73,4222402.94,16033714.07,2677616.75,901796.44,4030840.03,8751082.92,6688031.79,20395823.06,4780363.51
World Bank Low Income,NA,2006,3440622.45,7147380.26,5328669.77,4329128.44,16296293.42,2748200.56,928441.71,4146209.47,8924865.87,6764680.83,20642567.69,4880872.4
World Bank Low Income,NA,2007,3464182.21,7333274.18,5411453.18,4435464.61,16587403.28,2821573.47,962312.37,4268800.41,9109634.53,6852013.4,20816303.53,4990484.99
World Bank Low Income,NA,2008,3490227.42,7526945.26,5486409.14,4545340.83,16917734.77,2896960.02,1000395.31,4397903.15,9294320.72,6932685.07,20921793.95,5108180.21
World Bank Low Income,NA,2009,3530107,7726636.06,5564676.19,4661427.16,17236379.27,2974122.05,1038853.19,4531291.11,9497160.41,7028770.44,21046087.06,5243139.48
World Bank Low Income,NA,2010,3570489.46,7937852.41,5638979.22,4780250.49,17500963.86,3050654.63,1071519.35,4667254.81,9693907.31,7107572.49,21178753.48,5363039.74
World Bank Low Income,NA,2011,3596957.49,8158717.96,5736641.33,4909516.33,17869967.29,3129223.58,1103288.17,4811376.62,9938185.34,7215125.49,21410808.18,5508438.74
World Bank Low Income,NA,2012,3631412.62,8390036.91,5835471.01,5044208.82,18252242.12,3209869.48,1135331.1,4965070.65,10196091.6,7329576.9,21647169.95,5660475.26
World Bank Low Income,NA,2013,3692133.7,8626012.11,5936922.46,5193352.48,18614557.33,3292927.54,1169051.82,5124977.91,10499268.97,7481682.45,21974152.49,5832668.71
World Bank Low Income,NA,2014,3755598.1,8865613.41,6034898.5,5336643.87,19000222.62,3375664.67,1203448.17,5287642.35,10798707.65,7634596.22,22173976.66,6008905.82
World Bank Low Income,NA,2015,3808382.21,9113474.63,6122805.64,5480481.29,19426172.41,3457466.2,1238377.02,5452280.46,11049045.08,7758411.34,22314093.56,6169233.88
World Bank Low Income,NA,2016,3896253.99,9379820.92,6230614.7,5658356.45,19861852.27,3542722.08,1280152.98,5625628.73,11342064.64,7932212.22,22441318.99,6357209.91
World Bank Low Income,NA,2017,4008117.17,9665562.08,6341684.4,5839244.53,20305950.38,3630918.93,1324641.33,5808832.39,11632837.33,8114817.39,22408908.18,6529458.15
World Bank Low Income,NA,2018,4081896.7,9964997.62,6468464.53,6001917.28,20803624.97,3719900.83,1368105.89,6003988.9,11972554.23,8236460.04,22451841.02,6730294.65
World Bank Low Income,NA,2019,4148324.85,10276920.65,6590275.2,6158655.27,21251166.8,3808253.06,1409349.61,6209777.52,12267711.72,8345947.41,22496580.01,6923388.43
World Bank Lower Middle Income,NA,1990,15751103.13,26782600.83,30533902.51,18851318.79,86273735.63,10351178.65,5019621.02,23393055.68,34940586.98,31112967.82,60895251.17,18438078.61
World Bank Lower Middle Income,NA,1991,15970688.7,27628219.9,30995793.03,19260839.38,88253435.17,10593259.18,5185683.08,24081902.05,35718104.11,31513734.94,60974763.71,19062135.67
World Bank Lower Middle Income,NA,1992,16218255.17,28457765.8,31479774.99,19658855.12,90487690.83,10827593.6,5352095.93,24759706.16,36582902.47,31963187.76,61070240.73,19751657.59
World Bank Lower Middle Income,NA,1993,16605427.5,29257916.32,31817305.94,20068254.6,92476411.21,11057323.9,5532483.38,25431398.32,37421398.49,32488301.2,61243270.84,20368140.13
World Bank Lower Middle Income,NA,1994,17038355.14,30017456.6,32151784.79,20471964.42,94631553.76,11274237.65,5720286.41,26099110.95,38348098.92,33027154.32,61499106.42,21010889.43
World Bank Lower Middle Income,NA,1995,17350523.74,30717590.75,32391178.21,20873158.08,96372639.65,11483084.66,5888902.02,26760781.18,39164641.82,33384829.77,61776449.56,21568158.78
World Bank Lower Middle Income,NA,1996,17702477.6,31348262.74,32990865.77,21271482.14,98635550.49,11676982.11,6030970.42,27327783.29,40002912.43,33817796.17,61948105.45,22340775.77
World Bank Lower Middle Income,NA,1997,18206980.79,31931457,34128803.94,21744612.97,102239700.18,11867692.72,6190961,27741149.51,41159877.6,34617619.8,62316994.72,23395640.88
World Bank Lower Middle Income,NA,1998,18475661.38,32503623.42,34516885.45,22172305.48,103664387.58,12042983.03,6313503.92,28089973.72,41686416.91,34949618.42,62579462.24,24188205.64
World Bank Lower Middle Income,NA,1999,18803333.82,33108682.84,34463001.28,22592797.78,105118858.62,12222285.69,6462003.62,28501355.38,42290743.56,35314653.6,62878313.12,24831691.87
World Bank Lower Middle Income,NA,2000,19221904.78,33786283.69,34853131.55,23043233.64,107333771.67,12416811.27,6595367.98,29118985.16,43148547.17,35746817.96,63323998.58,25693768.72
World Bank Lower Middle Income,NA,2001,19641981.04,34557184.97,35426930.74,23487087.84,109696054.29,12627753.81,6711075.36,29929966.17,43832354.35,36132579.26,63780458.16,26562883.44
World Bank Lower Middle Income,NA,2002,20045399.49,35389836.13,35891113.97,23904378.14,112157717.75,12849891.73,6837826.8,30799059.44,44553703.34,36441195.91,64353463.32,27421869.04
World Bank Lower Middle Income,NA,2003,20344210.21,36261262.45,36018027.13,24315877.68,113401976,13077900.97,6955927.61,31708387,44984336.99,36578250.95,64804111.07,28208062.87
World Bank Lower Middle Income,NA,2004,20678296.12,37141143.25,35634372.85,24828215.55,113800018.52,13321674.92,7103169.23,32652929.65,45495627.2,36778017.93,65513569.3,28884451.19
World Bank Lower Middle Income,NA,2005,21286652.31,37993181.13,36495097.55,25455958.86,117077468.07,13578541.43,7277969.61,33625458.86,46834152.09,37512474.32,66326858.16,30052235.93
World Bank Lower Middle Income,NA,2006,21605627.52,38652135.01,37558525.88,25992411.22,120307658.61,13781616.43,7359334.58,34619502.49,47949261.98,37966707.6,67027892.72,31101809.95
World Bank Lower Middle Income,NA,2007,22004573.21,39075467.77,38508266.65,26522613.52,123780967.02,13986661.57,7426368.16,35635750,49260532.86,38496349.76,67494999.58,32124267.36
World Bank Lower Middle Income,NA,2008,22384748.28,39400956.2,39478331.88,27093132.72,127135141.03,14195844.15,7459279.42,36677676.3,50674527.6,39022381.93,67995512.99,33206446.31
World Bank Lower Middle Income,NA,2009,22274475.56,39788106.25,39423594.84,27571130.72,128070984.95,14385740.83,7420874.64,37727273.09,51484468.59,38855621.18,68237298.64,33933087.29
World Bank Lower Middle Income,NA,2010,22493416.31,40394603.52,39879107.62,28099972.88,130652639.88,14593484.02,7442309.64,38808507.19,52869224.96,39173711.04,68389967.9,34904626.22
World Bank Lower Middle Income,NA,2011,22781090.52,41181063.42,40744727.79,28643887.1,133584473.27,14826644.9,7505231.68,39895768.58,54291558.92,39568167.44,68600715.24,36252550.41
World Bank Lower Middle Income,NA,2012,22826702.24,42003494.86,41376231.35,29169256.14,136662484.39,15075843.88,7530996.64,40958998.55,55644306.6,39549410.79,68924867.2,37711841.86
World Bank Lower Middle Income,NA,2013,22783381.08,42853626.12,42134530.63,29763859.1,138685276.72,15381239.89,7602916.26,42042161.87,57227608.94,39640816.18,69335236.19,39108454.89
World Bank Lower Middle Income,NA,2014,22528713.69,43722008.81,42639698.97,30303318.2,139587738.24,15657699.68,7650693.79,43143147.66,58401658.57,39370297.01,69344098.87,40388417.33
World Bank Lower Middle Income,NA,2015,22966091.31,44591988.77,43564830.97,30913398.21,144550362.49,15915397.75,7829779.63,44292858.36,60930411.5,40059705.39,69688847.85,41913915.54
World Bank Lower Middle Income,NA,2016,23234490.82,45462982.15,44162522.53,31579694.51,147029415.45,16010412.7,8041478.57,45458304.85,62615692.46,40518836.41,69223377.01,43153749.11
World Bank Lower Middle Income,NA,2017,23656995.44,46335505.55,44843600.98,32297931.91,149503902.68,16101524.26,8259703.75,46640686.91,64091060.19,41240812.3,68836418.94,44188540.57
World Bank Lower Middle Income,NA,2018,24005857.64,47180345.92,45833738.49,33154299.35,152677663.32,16302446.31,8409395.82,47886770,66014845.17,41795161.07,68466451.89,45690277.6
World Bank Lower Middle Income,NA,2019,24290615.69,47998115.73,46716779.32,34025553.9,155352719.17,16508952.81,8493447.98,49172621.17,67818968.33,42254291.14,67956363.79,47347683.04
World Bank Upper Middle Income,NA,1990,10378965.86,30239471.64,37742547.14,21005208.78,114493467.64,11934165.59,11007393.38,31249036.49,72348816.16,23696624.7,56254821.48,18482062.91
World Bank Upper Middle Income,NA,1991,10510559.18,30915660.22,38193286.34,21424640.12,115772492.68,12069555.57,11603922.17,31470761.66,73588197.69,23852748.85,55455642.12,18832375.26
World Bank Upper Middle Income,NA,1992,10699684.72,31554971.41,38747623.23,21875043.34,118785472.76,12189911.13,12272958.13,31709664.94,75245827.26,24068789.85,54549924.69,19344460.09
World Bank Upper Middle Income,NA,1993,11009339.66,32169751.8,39279827.66,22311374.66,124216710.68,12308254.04,13012300.95,32034318.67,77767391.39,24409387.5,53715747.54,19894573.43
World Bank Upper Middle Income,NA,1994,11250907.88,32753261.64,39490544.52,22751249.54,127685576.81,12428195.17,13655854.1,32509344.26,79674262,24632291.29,52946905.92,20511784.66
World Bank Upper Middle Income,NA,1995,11338102.76,33301722.87,39282700.41,23122493.25,127662044.87,12538779.66,13914330.58,33165992.93,80441451.51,24544493.07,52261809.06,21002945.01
World Bank Upper Middle Income,NA,1996,11285675.79,33844649.69,39067048.24,23455262.71,127366313.44,12656612.27,13962065.73,33956766.82,80996009.39,24241117.57,51532290.87,21443424.58
World Bank Upper Middle Income,NA,1997,11183062.53,34404852.8,38566591,23786514.29,126837721.77,12779727.09,13893328.55,34772573.14,81375878.49,23883589.71,50944687.36,21871839.12
World Bank Upper Middle Income,NA,1998,11193892.33,34975073.54,38251625.7,24141277.79,127614439.44,12905605.15,14011378,35624641.05,82444721.36,23739890.86,50279496.4,22431817.58
World Bank Upper Middle Income,NA,1999,11374805.15,35537859.95,38342446.65,24537412.54,131610605.67,13030661.18,14198121.44,36503500.57,84485363.35,23927085.38,49712096.28,23124039.14
World Bank Upper Middle Income,NA,2000,11596517.61,36076735.08,38406809.74,24957454.54,135451791.07,13149728.11,14441383.68,37395320.76,86308386.3,24170866.71,49058390.91,23719270.72
World Bank Upper Middle Income,NA,2001,11805658.37,36577326.71,37943924.16,25399687,137924428.04,13258636.65,14428495.42,38327045.05,87086225.41,24364764.19,48373300.18,24348894.14
World Bank Upper Middle Income,NA,2002,12122032.56,37047647.57,37736737.14,25867489.84,141666723.5,13359386.82,14405714.03,39275493.23,88077052.16,24744834.48,47653791.79,25362134.86
World Bank Upper Middle Income,NA,2003,12431275.45,37485392.84,37444520.26,26374615.39,144500693.15,13454582.51,14396163.09,40238312.95,89214541.49,25140897.75,47135396.51,26391348.43
World Bank Upper Middle Income,NA,2004,12630977.27,37891813.24,37132621.33,26885968.85,145824344.92,13542002.18,14395833.37,41201859.11,90677666.29,25407267.03,46746027.83,27339133.54
World Bank Upper Middle Income,NA,2005,12863764.02,38264873.34,36315265.44,27316353.84,147618123.23,13616803.29,14447279.57,42113971.14,91735177.33,25681863.69,46263536.02,28117882.64
World Bank Upper Middle Income,NA,2006,12659236.53,38595580.57,34861583.62,27693592.79,144275207.47,13684461.13,14161234.22,43002694.36,91143370.82,25337163.29,45629257.5,28467691.05
World Bank Upper Middle Income,NA,2007,12506985.45,38877253.87,33880377.41,28128770.46,143082177.78,13752675.51,13798441.03,43880651.66,91511922.8,25093799.94,44919241.38,28942913.88
World Bank Upper Middle Income,NA,2008,12574681.23,39108923.26,33478026.38,28628144.96,144917017.07,13811351.48,13485617.08,44745951.38,93067126.42,25220201.6,44301170.49,29712114.19
World Bank Upper Middle Income,NA,2009,12431211.9,39331766.9,33208980.23,29133538.05,145968679.51,13858988.45,13116117.64,45611023.59,94269783.58,25104516.18,43815228.1,30498902.95
World Bank Upper Middle Income,NA,2010,12379492.15,39635449.44,32982776.32,29619233.75,148435017.78,13918316.38,12963252,46519074.37,95794930.14,25130781.27,43425862.21,31186769.29
World Bank Upper Middle Income,NA,2011,12109291.92,40001479.53,32544486.26,30031130.99,148147552.48,13987617.5,12777243.57,47504374.16,96211656.28,24847868.39,43319156.41,31805787.53
World Bank Upper Middle Income,NA,2012,11959749.32,40354667.3,32085445.64,30471719.02,148026711.02,14063804.5,12662545,48534822.27,96893919.92,24742048.03,43396381.26,32524950.34
World Bank Upper Middle Income,NA,2013,11866392.75,40708152.33,31736044.56,30936018.41,148733877.04,14148492.95,12606007.43,49586164.93,97499391.74,24708072.18,43326077.48,33410231.78
World Bank Upper Middle Income,NA,2014,11908202.57,41061243.14,31608104.7,31462663.97,150405469.68,14238145.31,12620365.76,50625390.55,99008046.14,24854984.07,43166404.03,34364545.28
World Bank Upper Middle Income,NA,2015,11835763.52,41432694.94,31530826.71,31944282.96,151423118.84,14325066.83,12552003.81,51595935.13,100169982.98,24864316.75,43132363.43,35246861.95
World Bank Upper Middle Income,NA,2016,11855254.78,41926715.89,31792729.95,32524811.11,153506765.8,14412303.51,12592878.46,52310624.75,101965558.67,25070221.61,43185665.36,36425534.75
World Bank Upper Middle Income,NA,2017,11836026.61,42401812.08,31941601.08,33087783.77,154449165.28,14493577.64,12669951.76,52985643.53,103473915.46,25162501.14,42875897.56,37380569.89
World Bank Upper Middle Income,NA,2018,11888808.97,42701424.57,32355327.5,33651201.07,156277479.19,14578767.32,12837241.58,53934960.75,105584204.43,25259880.4,42691764.28,38059008.95
World Bank Upper Middle Income,NA,2019,12008740.14,42898761.95,33076363.77,34291301.09,159259888.34,14667495.5,12937694.48,54992722.77,108196781.44,25466456.09,42798860.11,38805048.49
Yemen,YEM,1990,56872.86,223264.4,134978.16,125809.94,739029.53,56611.18,12117.45,114756.69,163270.72,120959.02,1120862.15,75791.53
Yemen,YEM,1991,57594.79,231943,136627.85,129415.38,749834.7,58652.62,12491.8,118728.99,165925.05,122540.82,1120481.36,77485.47
Yemen,YEM,1992,58693.45,240843.73,138157.39,133432.84,763893.49,60735.67,12976.94,122968.29,169629.51,124697.13,1122743.21,79333.81
Yemen,YEM,1993,59646.45,250004.98,139873.69,137419.87,778500.63,62831.9,13496.33,127404.89,173259.9,126700.53,1122139.44,81255.85
Yemen,YEM,1994,60722.94,259454.62,141727.75,141586.36,794195.12,64870.11,14091.01,131956.96,177290.19,128897.66,1118637.04,83294.43
Yemen,YEM,1995,62154.87,269072.76,142925.66,145964.37,807787.71,66903.79,14736.94,136690.51,181515.36,131266.96,1120095.07,85286.52
Yemen,YEM,1996,63511.53,278861.53,144212.51,150351.12,820843.58,69042.11,15440.33,141707.46,185810.25,133647.58,1125268.8,87401.83
Yemen,YEM,1997,64864.41,288963.44,145658.4,154851.85,835026.94,71158.83,16192.68,146985.69,190368.36,136257.98,1131026.54,89610.3
Yemen,YEM,1998,65948.07,299254.41,146750.02,159273.31,845951.22,73211.44,17031.87,152521.2,194490.8,138546.46,1133465.02,91746.7
Yemen,YEM,1999,67676.34,309651.25,149014.45,164021.25,866039.38,75362.26,17991.59,158303.34,201014.71,141826.54,1133741.74,94665.95
Yemen,YEM,2000,69193.73,320194.41,150976.49,169055.15,881389.76,77531.21,18985.61,164407.79,208402.71,145061.51,1138411.8,97948.88
Yemen,YEM,2001,70351.57,330967.24,152928.87,174212.42,894876.8,79831.28,19959.81,170814.39,216669.56,148126.13,1144924.54,101431.87
Yemen,YEM,2002,73263.41,341813.03,156809.62,180866.54,919831.73,82230.86,21188.09,177635.05,229638.39,154114.5,1175536.71,106228.81
Yemen,YEM,2003,74181.06,352960.04,159594.56,186511.35,939487.68,84663.18,22370.57,184717.59,238888.1,157019.69,1187264.85,110223.53
Yemen,YEM,2004,75069.7,364299.31,162371.08,192249.23,959710.85,87175,23602.17,192145.11,248226.21,159416.43,1198861.84,114264.97
Yemen,YEM,2005,76026.48,376038.62,164653.81,198017.82,976882.71,89761.93,24860.25,199918.25,257362.62,161493.39,1207425.39,118006.37
Yemen,YEM,2006,77272.56,387871.04,167773.27,204393.13,999356.02,92445.94,26306.64,208190.22,267452.8,164245.56,1218229.49,122700.32
Yemen,YEM,2007,80815.02,399794.72,172529.11,212421.9,1026263.8,95192.96,27781.11,216937.46,281797.54,170875.5,1258942.04,128688.71
Yemen,YEM,2008,83727.31,412190.52,177717.91,219974.65,1060966.58,98064.56,29641.38,226108.81,296628.56,176331.16,1276792.66,135050.9
Yemen,YEM,2009,84209.52,425199.97,180164.59,226117.89,1075565.13,100890.59,31021.69,235557.22,303383.55,177957.46,1279766.13,139767.8
Yemen,YEM,2010,83416.92,439019.28,181176.76,231911.62,1077647.18,103845.62,31996.33,245032.1,306050.35,177458.39,1273247.09,143389.07
Yemen,YEM,2011,84123.67,453208.94,185497.94,239023.73,1110656.08,106746.23,33725.92,255016.07,317264.75,180214.36,1277025.76,149548.67
Yemen,YEM,2012,83052.55,467991.35,188695.92,245226.23,1134859.79,109760.03,35268.76,265404.42,324494.73,179778.91,1267317.53,155484.25
Yemen,YEM,2013,83636.14,483196.22,194329.23,253025.22,1168842.39,112844.55,37063.63,276307.95,338460.93,181837.98,1274407.39,163726.91
Yemen,YEM,2014,82946.25,498975.19,197979.31,260097.03,1193016.01,115886.78,38543.24,287253.52,347588.53,181554.63,1262635.16,170945.58
Yemen,YEM,2015,84350.65,515028.86,204377.92,268279.97,1245761.48,119018.16,40359.6,298184.94,362246.91,184884.71,1263433.31,179613.16
Yemen,YEM,2016,86063.31,531299.73,211571.48,276471.12,1293883.38,122063.67,42147.58,308563.08,376060.33,188943.91,1249107.66,188591.74
Yemen,YEM,2017,88529.74,548506.15,219266.82,284871.55,1354064.41,125011.98,43913.14,318530.58,390493.67,194198.48,1234521.47,197685.07
Yemen,YEM,2018,91428.42,566836.17,226815.76,292312.11,1418769.99,127814.66,45813.52,328364.24,406567.21,200010.32,1224131.71,206692.81
Yemen,YEM,2019,93431.5,586663.84,232324.8,298356.87,1469187.97,130585.99,47201.16,337272.85,417479.57,204366.5,1216951.61,214282.67
Zambia,ZMB,1990,84008.48,99490.23,70834.57,72932.47,234847.22,43918.75,15958.7,49991.77,180639.79,149016.85,397985.54,82134.2
Zambia,ZMB,1991,87228.3,102018.62,72268.58,75260,245876.64,44990.7,16409.85,51679.64,186583.05,153931.2,400448.61,86029.91
Zambia,ZMB,1992,89877.18,104434.68,73283.06,77383.47,255197.27,46009.05,16830.38,53287.94,191012.01,158050.75,401080.33,89469.38
Zambia,ZMB,1993,92428.15,106721.95,73987.17,79302.13,263458.69,47023.37,17208.87,54844.04,194367.66,161938.9,399319.89,92532.89
Zambia,ZMB,1994,95495.63,108928.3,74830.89,81110.4,272675.66,48018.12,17578.09,56288.71,198708.3,166443.12,397459.49,95916.73
Zambia,ZMB,1995,98773.88,111123.82,75535.48,82643.42,281511.39,49025.24,17980.52,57698.3,202683.56,171137.6,394937.11,99177.98
Zambia,ZMB,1996,101649.48,113296.83,75884.03,83992.52,288403.17,50031.14,18360.61,59082.83,205464.67,174966.08,390245.57,101991.2
Zambia,ZMB,1997,104128.05,115524.74,75930.73,85083.6,293075.81,51069.21,18732.73,60530.46,207186.35,178091.95,384847.12,104163.48
Zambia,ZMB,1998,106313.06,117955.4,76136.84,86226.94,297340.87,52170.7,19081.92,62020.79,208908.4,180841.92,381635.7,106465.35
Zambia,ZMB,1999,108228.97,120572.01,76234.48,87402.27,300234.5,53370.15,19460.85,63610.73,209778.21,183158.04,378460.78,108299.65
Zambia,ZMB,2000,109863.66,123414.63,76664.29,89096.3,303440.94,54668.65,19888.81,65275.56,210506.38,185398.93,380468.49,110111.47
Zambia,ZMB,2001,110981.67,126717.12,76874.71,90988.86,306039.02,56056.8,20285.31,67124.55,210413.37,186600.82,382670.99,111200.38
Zambia,ZMB,2002,112794.7,130380.72,77680.87,93426.83,310586.67,57597.4,20730.55,69252.97,212163.39,189082.79,387679.79,112866.29
Zambia,ZMB,2003,115379.4,134482.2,79382.66,96336.49,317487.03,59293.55,21248.98,71643.59,217236.42,193094.29,399616.03,115607.4
Zambia,ZMB,2004,118692.08,138933.16,81954.75,99815.43,325467.83,61267.43,21828.87,74252.64,225160.19,199060.05,420768.57,118734.33
Zambia,ZMB,2005,120231.22,143744.09,83545.89,102956.9,332421.77,63352,22513.84,77036.24,231001.38,202268.75,435598.82,121268.34
Zambia,ZMB,2006,121912.85,148707.77,85379.14,105963.37,342472.99,65618.72,23294.45,80109.29,238978.89,205362.44,449260.12,124895.56
Zambia,ZMB,2007,121883.41,154017.88,85942.27,108371.91,347288.26,67943.78,24084.34,83453.74,243278.29,205553.27,457772.09,126916.91
Zambia,ZMB,2008,122846.69,159669.1,87242.69,110863.1,353719.5,70508.22,24929.56,87169.72,249567.17,207470.46,467456.2,129768.31
Zambia,ZMB,2009,123961.17,165631.27,87664.39,113240.1,359733.26,72983.35,25882.3,91190.97,254240.91,208575.93,466202.66,132495.43
Zambia,ZMB,2010,127947.74,171970.13,89897.92,116813,372050.98,75597.41,27026.62,95435.64,265063.21,214232.85,468700.24,137687.57
Zambia,ZMB,2011,132081.94,179024.39,92251.45,120859.7,386558.15,78252.76,28210.61,99864.12,275264.93,220052,472456.14,142098.2
Zambia,ZMB,2012,134081.29,186657.76,93046.31,124253.84,397088.44,80777.79,29359.11,104444.75,279726.75,222163.23,468748.06,144092.8
Zambia,ZMB,2013,137850.05,194844.73,94996.52,128494.21,410361.31,83473.25,30598.06,109339.21,288311.91,227771.59,474556.48,147561.19
Zambia,ZMB,2014,142255.32,203262.57,96893.58,132739.44,425048.41,86079.92,31893.12,114365.43,295969.24,233727.96,470933.8,151259.35
Zambia,ZMB,2015,146875.86,211667.35,98938.83,137127.6,441902.71,88806.32,33282.78,119571.25,303641.6,240213.39,469280.79,155233.35
Zambia,ZMB,2016,152645.1,220388.48,101590.27,141511.47,462421.96,91529.89,34675.21,124871.51,311980.22,248046.2,470247.47,159508.14
Zambia,ZMB,2017,160089.79,229029.56,104928.82,146653.76,475387.13,94413.51,36202.91,130450.99,325571.15,258669.07,476694.42,165956.51
Zambia,ZMB,2018,163045.36,237801.55,107068.06,151224.2,487174.14,97229.91,37915.08,136913.57,335406.42,262237.08,477983.26,171575.67
Zambia,ZMB,2019,166807.09,246714.25,109753.87,156180.34,499739.65,100094.04,39761.99,144426.99,346869.74,267667.87,484226.68,177939.5
Zimbabwe,ZWE,1990,47952.2,114233.99,66984.02,84841.37,245709.4,47558.8,32080.39,78500.63,176489.49,105116.16,208921.92,78262.15
Zimbabwe,ZWE,1991,48582.08,117795.4,67508.2,87439.36,246840.57,48741.43,33240.65,81164.78,180883.68,107032.99,210369.52,80426.42
Zimbabwe,ZWE,1992,50241.76,121118.52,69264,90445.38,254684.27,49873.57,34414.18,83736.52,187537.59,110884.51,212603.38,84270.7
Zimbabwe,ZWE,1993,50677.98,124229.11,69713.34,92517.25,256127.83,50804.56,35485.04,86068.42,188831.48,112105.29,211458.97,86395.97
Zimbabwe,ZWE,1994,52635.08,126976.95,71270.29,95635.71,262211.66,51747.63,36540.15,88257.57,195024.37,116721.1,214943.75,89879.02
Zimbabwe,ZWE,1995,53866.45,129495.71,72394.92,97719.5,266320.91,52479.31,37459.77,90157.29,197850.53,118983.66,214118.24,92702.53
Zimbabwe,ZWE,1996,53257.65,131573.07,71991.78,98800.92,263618.61,53042.79,38124.72,91883.61,196541.27,117649.38,212091.84,93780.44
Zimbabwe,ZWE,1997,53665.94,133316.62,72746.95,100864.17,268439.27,53594.56,38674.38,93539.62,199551.63,118861.22,213205.49,97228.57
Zimbabwe,ZWE,1998,55148.87,134773.66,74675.86,103552.8,283274.92,54192.2,39208.7,95163.61,208334.52,122251.58,215671.65,103780.51
Zimbabwe,ZWE,1999,56430.23,136024.78,76652.61,106347.67,299532,54797.96,39623.68,96586.27,218345.47,125558.32,221880.35,111011.8
Zimbabwe,ZWE,2000,58605.02,137220.76,79422.1,109245.87,319613.13,55269.94,40128.05,97841.6,231868.65,130010.68,226961.97,119727.76
Zimbabwe,ZWE,2001,58815.45,138464.91,80223.52,111036.48,327197.7,55624.97,40428.98,98984.4,238816.47,130795.02,232190.66,124585.1
Zimbabwe,ZWE,2002,59601.49,139726.12,81969.28,113071.74,340345.89,56016.4,40648.31,100130.49,249043.07,132851.07,238443.24,131320.27
Zimbabwe,ZWE,2003,59603.61,141026.81,83185.82,114335.93,349981.13,56382.33,40806.81,101215.11,256329.95,133534.47,243915.91,136939.99
Zimbabwe,ZWE,2004,60695.81,142329.2,85055.67,115448.47,363195.94,56707.49,40932.82,102392.48,265240.58,135911.86,248153.17,142248.69
Zimbabwe,ZWE,2005,61175.11,143728.51,86055.05,116440.31,368580.58,57057.66,41035.55,103506.89,264923.29,137603.59,254315.88,144676.03
Zimbabwe,ZWE,2006,62856.29,145077,88191.12,117980.93,380695.11,57527.15,41280.55,104808.98,272063.09,141482.8,261312.74,149829.05
Zimbabwe,ZWE,2007,64744.58,146510.65,90409.55,119082.12,392221.21,58014.55,41523.67,106223.43,278355.76,145467.68,266509.3,154744.76
Zimbabwe,ZWE,2008,69388.18,148040.98,95353.94,121925.38,418942.2,58725.97,42022.41,107853.29,296210.67,155474.5,277510.27,164330.71
Zimbabwe,ZWE,2009,71610.73,149906.39,97845.35,122928.88,431783.87,59341.61,42309.98,109640.1,305338.22,159668.11,281153.98,169498.51
Zimbabwe,ZWE,2010,72777.76,152024.18,99307.42,124117.86,437308.76,60027.48,42658.08,111559.43,309471.51,162204.79,286277.11,172357.07
Zimbabwe,ZWE,2011,70639.06,154556.95,99925.76,125724.34,437169.17,60855.99,42839.12,113885.67,310698.96,163465.26,294637.75,174116.9
Zimbabwe,ZWE,2012,69108.09,157701.08,100742.73,127471.67,438828.5,61760.52,43117.21,116563.49,315011.72,164630.81,299460.81,176967.86
Zimbabwe,ZWE,2013,67509.05,161047.39,101230.05,128895.37,438851.37,62688.62,43403.03,119517.34,319095.96,164255.61,300602.61,179692.94
Zimbabwe,ZWE,2014,67174.11,164524.54,102857.68,131291.71,446274.68,63733.42,43906.85,122666.15,328623.13,166043.62,304234.53,185068.09
Zimbabwe,ZWE,2015,67580.22,167924.79,105007.63,134312.11,456051.02,64833.05,44661.92,125900.08,339300.36,169620.54,309368.49,190929.29
Zimbabwe,ZWE,2016,67992.2,171242.32,107145.52,136926.1,464948.49,65998.58,45408.65,129307.41,349437.03,172990.89,314404.45,196687.58
Zimbabwe,ZWE,2017,69548.7,174767.46,108868.26,139324.29,471959.19,67123.98,46344.88,132844.27,358149.22,176427.96,317809.65,200861.78
Zimbabwe,ZWE,2018,70366.49,178274.83,110574.53,142092,479525.94,68159.85,47823.16,136963.76,367185.84,178187.28,320409.82,205595.29
Zimbabwe,ZWE,2019,71581.36,181583.23,112702.71,145128.67,488994.43,69271.36,49921.79,141737.66,376787.79,180829.87,324694.38,211020.96
